account_id,customer_id,branch_id,account_type,account_status,interest_rate,opened_date,closed_date,updated_at
ACC000001,CUST002774,BR003,SENIOR CITIZEN SAVINGS,ACTIVE,4.0,2023-09-23,,2026-06-01 09:00:00
ACC000002,CUST002773,BR002,REGULAR SAVINGS,ACTIVE,4.0,2023-09-10,,2026-06-01 09:00:00
ACC000003,CUST000030,BR007,SENIOR CITIZEN SAVINGS,ACTIVE,3.5,2024-04-23,,2026-06-01 09:00:00
ACC000004,CUST002709,BR001,SENIOR CITIZEN SAVINGS,CLOSED,4.0,2025-08-13,2025-10-03,2026-06-01 09:00:00
ACC000005,CUST002145,BR004,REGULAR SAVINGS,ACTIVE,3.0,2024-02-15,,2026-06-01 09:00:00
ACC000006,CUST002105,BR006,SALARY SAVINGS,ACTIVE,2.75,2024-07-19,,2026-06-01 09:00:00
ACC000007,CUST000699,BR006,SENIOR CITIZEN SAVINGS,ACTIVE,2.75,2024-07-12,,2026-06-01 09:00:00
ACC000008,CUST001024,BR002,SALARY SAVINGS,ACTIVE,3.5,2023-09-12,,2026-06-01 09:00:00
ACC000009,CUST001085,BR004,SENIOR CITIZEN SAVINGS,ACTIVE,2.75,2024-07-01,,2026-06-01 09:00:00
ACC000010,CUST001613,BR004,SENIOR CITIZEN SAVINGS,DORMANT,3.5,2025-08-09,,2026-06-01 09:00:00
ACC000011,CUST002112,BR001,SALARY SAVINGS,DORMANT,4.0,2023-09-14,,2026-06-01 09:00:00
ACC000012,CUST000236,BR006,SALARY SAVINGS,ACTIVE,2.75,2025-01-17,,2026-06-01 09:00:00
ACC000013,CUST001223,BR006,SENIOR CITIZEN SAVINGS,ACTIVE,2.75,2025-08-22,,2026-06-01 09:00:00
ACC000014,CUST000763,BR007,SALARY SAVINGS,ACTIVE,3.5,2026-05-08,,2026-06-01 09:00:00
ACC000015,CUST002016,BR004,REGULAR SAVINGS,ACTIVE,2.75,2025-12-20,,2026-06-01 09:00:00
ACC000016,CUST001683,BR002,SENIOR CITIZEN SAVINGS,ACTIVE,4.0,2025-07-03,,2026-06-01 09:00:00
ACC000017,CUST001025,BR004,SALARY SAVINGS,ACTIVE,4.0,2024-11-08,,2026-06-01 09:00:00
ACC000018,CUST001493,BR007,SALARY SAVINGS,ACTIVE,3.0,2023-09-21,,2026-06-01 09:00:00
ACC000019,CUST000446,BR008,SALARY SAVINGS,ACTIVE,4.0,2026-02-19,,2026-06-01 09:00:00
ACC000020,CUST001778,BR001,SENIOR CITIZEN SAVINGS,DORMANT,3.5,2023-09-22,,2026-06-01 09:00:00
ACC000021,CUST000813,BR002,REGULAR SAVINGS,ACTIVE,3.0,2023-08-22,,2026-06-01 09:00:00
ACC000022,CUST001617,BR007,REGULAR SAVINGS,DORMANT,3.5,2025-06-22,,2026-06-01 09:00:00
ACC000023,CUST002729,BR004,SALARY SAVINGS,CLOSED,4.0,2026-02-27,2026-04-12,2026-06-01 09:00:00
ACC000024,CUST000487,BR007,SENIOR CITIZEN SAVINGS,ACTIVE,4.0,2024-01-15,,2026-06-01 09:00:00
ACC000025,CUST002926,BR003,SALARY SAVINGS,ACTIVE,3.5,2024-08-27,,2026-06-01 09:00:00
ACC000026,CUST002056,BR007,REGULAR SAVINGS,ACTIVE,3.0,2026-04-21,,2026-06-01 09:00:00
ACC000027,CUST000087,BR003,REGULAR SAVINGS,ACTIVE,3.0,2025-01-24,,2026-06-01 09:00:00
ACC000028,CUST002804,BR004,SALARY SAVINGS,ACTIVE,2.75,2024-10-17,,2026-06-01 09:00:00
ACC000029,CUST001760,BR001,SALARY SAVINGS,ACTIVE,4.0,2023-10-03,,2026-06-01 09:00:00
ACC000030,CUST001991,BR002,REGULAR SAVINGS,ACTIVE,4.0,2025-04-29,,2026-06-01 09:00:00
ACC000031,CUST002988,BR003,REGULAR SAVINGS,ACTIVE,3.0,2024-09-28,,2026-06-01 09:00:00
ACC000032,CUST001080,BR004,SENIOR CITIZEN SAVINGS,ACTIVE,4.0,2024-01-07,,2026-06-01 09:00:00
ACC000033,CUST000423,BR003,SENIOR CITIZEN SAVINGS,CLOSED,3.0,2024-02-02,2024-03-14,2026-06-01 09:00:00
ACC000034,CUST002577,BR003,SALARY SAVINGS,ACTIVE,3.0,2024-02-08,,2026-06-01 09:00:00
ACC000035,CUST000158,BR005,SALARY SAVINGS,DORMANT,3.0,2025-07-29,,2026-06-01 09:00:00
ACC000036,CUST000073,BR004,SALARY SAVINGS,DORMANT,2.75,2023-12-25,,2026-06-01 09:00:00
ACC000037,CUST001669,BR005,SALARY SAVINGS,ACTIVE,3.0,2025-05-18,,2026-06-01 09:00:00
ACC000038,CUST001963,BR001,SALARY SAVINGS,ACTIVE,4.0,2025-01-20,,2026-06-01 09:00:00
ACC000039,CUST000451,BR005,SALARY SAVINGS,ACTIVE,3.5,2024-08-01,,2026-06-01 09:00:00
ACC000040,CUST002915,BR007,REGULAR SAVINGS,ACTIVE,3.0,2024-09-30,,2026-06-01 09:00:00
ACC000041,CUST000745,BR001,SENIOR CITIZEN SAVINGS,ACTIVE,2.75,2025-01-07,,2026-06-01 09:00:00
ACC000042,CUST001318,BR004,SENIOR CITIZEN SAVINGS,ACTIVE,3.5,2025-02-03,,2026-06-01 09:00:00
ACC000043,CUST000413,BR007,SALARY SAVINGS,ACTIVE,3.0,2025-08-07,,2026-06-01 09:00:00
ACC000044,CUST001490,BR006,SENIOR CITIZEN SAVINGS,ACTIVE,3.5,2025-01-07,,2026-06-01 09:00:00
ACC000045,CUST000056,BR003,SALARY SAVINGS,ACTIVE,3.5,2023-12-29,,2026-06-01 09:00:00
ACC000046,CUST002413,BR006,REGULAR SAVINGS,ACTIVE,3.0,2024-09-12,,2026-06-01 09:00:00
ACC000047,CUST002394,BR007,REGULAR SAVINGS,DORMANT,2.75,2023-12-20,,2026-06-01 09:00:00
ACC000048,CUST002579,BR002,SENIOR CITIZEN SAVINGS,ACTIVE,2.75,2024-09-09,,2026-06-01 09:00:00
ACC000049,CUST000781,BR004,REGULAR SAVINGS,DORMANT,4.0,2023-12-28,,2026-06-01 09:00:00
ACC000050,CUST002239,BR006,REGULAR SAVINGS,ACTIVE,3.5,2024-11-16,,2026-06-01 09:00:00
ACC000051,CUST002186,BR003,SALARY SAVINGS,ACTIVE,2.75,2025-01-09,,2026-06-01 09:00:00
ACC000052,CUST002255,BR005,SALARY SAVINGS,DORMANT,3.5,2024-10-12,,2026-06-01 09:00:00
ACC000053,CUST002580,BR002,SALARY SAVINGS,ACTIVE,4.0,2023-08-23,,2026-06-01 09:00:00
ACC000054,CUST002146,BR001,SENIOR CITIZEN SAVINGS,ACTIVE,3.0,2023-10-05,,2026-06-01 09:00:00
ACC000055,CUST000529,BR005,REGULAR SAVINGS,CLOSED,2.75,2024-11-28,2025-10-29,2026-06-01 09:00:00
ACC000056,CUST002842,BR004,SENIOR CITIZEN SAVINGS,ACTIVE,4.0,2025-08-04,,2026-06-01 09:00:00
ACC000057,CUST002104,BR002,SENIOR CITIZEN SAVINGS,ACTIVE,3.0,2024-03-24,,2026-06-01 09:00:00
ACC000058,CUST001574,BR007,REGULAR SAVINGS,ACTIVE,4.0,2023-09-02,,2026-06-01 09:00:00
ACC000059,CUST000754,BR001,SENIOR CITIZEN SAVINGS,ACTIVE,3.0,2023-12-17,,2026-06-01 09:00:00
ACC000060,CUST002854,BR001,SENIOR CITIZEN SAVINGS,ACTIVE,4.0,2023-10-09,,2026-06-01 09:00:00
ACC000061,CUST002151,BR005,SALARY SAVINGS,DORMANT,3.5,2025-07-12,,2026-06-01 09:00:00
ACC000062,CUST002902,BR005,REGULAR SAVINGS,ACTIVE,2.75,2024-05-26,,2026-06-01 09:00:00
ACC000063,CUST002186,BR004,REGULAR SAVINGS,ACTIVE,3.5,2025-04-14,,2026-06-01 09:00:00
ACC000064,CUST001138,BR003,REGULAR SAVINGS,DORMANT,3.5,2024-08-15,,2026-06-01 09:00:00
ACC000065,CUST002632,BR004,REGULAR SAVINGS,ACTIVE,3.0,2024-08-07,,2026-06-01 09:00:00
ACC000066,CUST002657,BR006,SENIOR CITIZEN SAVINGS,ACTIVE,3.5,2024-05-15,,2026-06-01 09:00:00
ACC000067,CUST002250,BR005,SENIOR CITIZEN SAVINGS,ACTIVE,3.0,2026-01-29,,2026-06-01 09:00:00
ACC000068,CUST001208,BR006,REGULAR SAVINGS,ACTIVE,2.75,2025-09-29,,2026-06-01 09:00:00
ACC000069,CUST001457,BR004,REGULAR SAVINGS,ACTIVE,3.5,2024-03-24,,2026-06-01 09:00:00
ACC000070,CUST002202,BR002,SALARY SAVINGS,DORMANT,4.0,2025-07-11,,2026-06-01 09:00:00
ACC000071,CUST002566,BR004,SALARY SAVINGS,ACTIVE,4.0,2026-05-23,,2026-06-01 09:00:00
ACC000072,CUST000836,BR007,SENIOR CITIZEN SAVINGS,ACTIVE,3.0,2026-04-05,,2026-06-01 09:00:00
ACC000073,CUST002975,BR007,SALARY SAVINGS,ACTIVE,3.5,2025-10-25,,2026-06-01 09:00:00
ACC000074,CUST000384,BR008,REGULAR SAVINGS,ACTIVE,3.0,2025-09-13,,2026-06-01 09:00:00
ACC000075,CUST000774,BR008,REGULAR SAVINGS,ACTIVE,3.0,2025-01-28,,2026-06-01 09:00:00
ACC000076,CUST001271,BR003,SENIOR CITIZEN SAVINGS,ACTIVE,3.0,2025-11-04,,2026-06-01 09:00:00
ACC000077,CUST002490,BR004,SALARY SAVINGS,ACTIVE,2.75,2025-05-18,,2026-06-01 09:00:00
ACC000078,CUST001005,BR008,SENIOR CITIZEN SAVINGS,ACTIVE,4.0,2024-06-01,,2026-06-01 09:00:00
ACC000079,CUST000563,BR001,REGULAR SAVINGS,ACTIVE,2.75,2024-07-11,,2026-06-01 09:00:00
ACC000080,CUST000451,BR001,REGULAR SAVINGS,ACTIVE,2.75,2024-09-20,,2026-06-01 09:00:00
ACC000081,CUST001097,BR003,REGULAR SAVINGS,ACTIVE,2.75,2025-12-31,,2026-06-01 09:00:00
ACC000082,CUST000436,BR006,SALARY SAVINGS,ACTIVE,2.75,2025-03-25,,2026-06-01 09:00:00
ACC000083,CUST002306,BR008,SALARY SAVINGS,ACTIVE,3.0,2024-11-19,,2026-06-01 09:00:00
ACC000084,CUST000633,BR004,SALARY SAVINGS,ACTIVE,2.75,2025-07-04,,2026-06-01 09:00:00
ACC000085,CUST002571,BR002,REGULAR SAVINGS,ACTIVE,2.75,2026-03-27,,2026-06-01 09:00:00
ACC000086,CUST002231,BR005,SALARY SAVINGS,ACTIVE,2.75,2025-05-23,,2026-06-01 09:00:00
ACC000087,CUST000581,BR001,SALARY SAVINGS,ACTIVE,3.0,2024-09-22,,2026-06-01 09:00:00
ACC000088,CUST001579,BR003,REGULAR SAVINGS,ACTIVE,3.5,2025-10-05,,2026-06-01 09:00:00
ACC000089,CUST002804,BR007,REGULAR SAVINGS,ACTIVE,2.75,2025-09-11,,2026-06-01 09:00:00
ACC000090,CUST000920,BR002,SENIOR CITIZEN SAVINGS,ACTIVE,3.5,2025-06-04,,2026-06-01 09:00:00
ACC000091,CUST001367,BR002,REGULAR SAVINGS,DORMANT,3.5,2023-11-13,,2026-06-01 09:00:00
ACC000092,CUST000178,BR003,SALARY SAVINGS,ACTIVE,3.0,2025-06-24,,2026-06-01 09:00:00
ACC000093,CUST002457,BR003,SENIOR CITIZEN SAVINGS,ACTIVE,4.0,2025-08-03,,2026-06-01 09:00:00
ACC000094,CUST002815,BR005,REGULAR SAVINGS,ACTIVE,3.5,2023-11-09,,2026-06-01 09:00:00
ACC000095,CUST001111,BR008,SENIOR CITIZEN SAVINGS,DORMANT,3.5,2025-08-07,,2026-06-01 09:00:00
ACC000096,CUST000313,BR001,REGULAR SAVINGS,ACTIVE,3.0,2024-05-12,,2026-06-01 09:00:00
ACC000097,CUST001312,BR003,SALARY SAVINGS,ACTIVE,4.0,2024-09-17,,2026-06-01 09:00:00
ACC000098,CUST000276,BR002,SALARY SAVINGS,CLOSED,4.0,2025-07-13,2025-10-08,2026-06-01 09:00:00
ACC000099,CUST000593,BR002,REGULAR SAVINGS,CLOSED,3.5,2024-11-12,2025-04-04,2026-06-01 09:00:00
ACC000100,CUST001578,BR006,SALARY SAVINGS,ACTIVE,3.5,2025-08-20,,2026-06-01 09:00:00
ACC000101,CUST002841,BR007,SENIOR CITIZEN SAVINGS,ACTIVE,3.5,2023-11-10,,2026-06-01 09:00:00
ACC000102,CUST001008,BR007,SENIOR CITIZEN SAVINGS,ACTIVE,4.0,2025-03-03,,2026-06-01 09:00:00
ACC000103,CUST002187,BR008,SENIOR CITIZEN SAVINGS,ACTIVE,3.0,2025-04-28,,2026-06-01 09:00:00
ACC000104,CUST002929,BR007,REGULAR SAVINGS,ACTIVE,3.0,2024-11-16,,2026-06-01 09:00:00
ACC000105,CUST001482,BR001,REGULAR SAVINGS,CLOSED,3.0,2025-12-17,2026-07-15,2026-06-01 09:00:00
ACC000106,CUST001485,BR008,REGULAR SAVINGS,DORMANT,3.0,2024-12-07,,2026-06-01 09:00:00
ACC000107,CUST001431,BR006,REGULAR SAVINGS,ACTIVE,3.0,2025-03-03,,2026-06-01 09:00:00
ACC000108,CUST002259,BR007,REGULAR SAVINGS,ACTIVE,3.0,2025-12-22,,2026-06-01 09:00:00
ACC000109,CUST000229,BR003,SENIOR CITIZEN SAVINGS,CLOSED,2.75,2024-06-17,2025-08-03,2026-06-01 09:00:00
ACC000110,CUST000587,BR007,SALARY SAVINGS,ACTIVE,2.75,2024-06-27,,2026-06-01 09:00:00
ACC000111,CUST001523,BR001,REGULAR SAVINGS,ACTIVE,2.75,2026-01-09,,2026-06-01 09:00:00
ACC000112,CUST001954,BR003,REGULAR SAVINGS,ACTIVE,2.75,2023-11-16,,2026-06-01 09:00:00
ACC000113,CUST000324,BR004,SALARY SAVINGS,ACTIVE,2.75,2024-11-06,,2026-06-01 09:00:00
ACC000114,CUST000614,BR003,SENIOR CITIZEN SAVINGS,ACTIVE,4.0,2024-02-23,,2026-06-01 09:00:00
ACC000115,CUST002161,BR005,SALARY SAVINGS,ACTIVE,4.0,2026-06-18,,2026-06-01 09:00:00
ACC000116,CUST001819,BR001,REGULAR SAVINGS,ACTIVE,3.5,2024-04-05,,2026-06-01 09:00:00
ACC000117,CUST002632,BR001,REGULAR SAVINGS,ACTIVE,3.0,2024-11-16,,2026-06-01 09:00:00
ACC000118,CUST001624,BR007,SALARY SAVINGS,ACTIVE,4.0,2024-07-19,,2026-06-01 09:00:00
ACC000119,CUST002344,BR005,REGULAR SAVINGS,ACTIVE,3.0,2025-08-05,,2026-06-01 09:00:00
ACC000120,CUST001114,BR002,REGULAR SAVINGS,CLOSED,4.0,2025-10-13,2026-01-23,2026-06-01 09:00:00
ACC000121,CUST000868,BR007,REGULAR SAVINGS,ACTIVE,2.75,2024-06-24,,2026-06-01 09:00:00
ACC000122,CUST002291,BR002,SENIOR CITIZEN SAVINGS,ACTIVE,4.0,2025-12-22,,2026-06-01 09:00:00
ACC000123,CUST002630,BR007,SALARY SAVINGS,ACTIVE,4.0,2026-06-07,,2026-06-01 09:00:00
ACC000124,CUST002649,BR007,REGULAR SAVINGS,ACTIVE,3.0,2025-11-09,,2026-06-01 09:00:00
ACC000125,CUST000319,BR006,SALARY SAVINGS,ACTIVE,3.5,2024-10-19,,2026-06-01 09:00:00
ACC000126,CUST000667,BR002,REGULAR SAVINGS,ACTIVE,2.75,2025-02-23,,2026-06-01 09:00:00
ACC000127,CUST001267,BR004,REGULAR SAVINGS,ACTIVE,3.0,2025-10-27,,2026-06-01 09:00:00
ACC000128,CUST000985,BR005,SENIOR CITIZEN SAVINGS,CLOSED,2.75,2023-12-21,2024-09-03,2026-06-01 09:00:00
ACC000129,CUST000184,BR008,REGULAR SAVINGS,ACTIVE,2.75,2023-12-15,,2026-06-01 09:00:00
ACC000130,CUST001265,BR001,SALARY SAVINGS,ACTIVE,3.5,2025-08-31,,2026-06-01 09:00:00
ACC000131,CUST002049,BR004,SENIOR CITIZEN SAVINGS,ACTIVE,3.5,2024-07-03,,2026-06-01 09:00:00
ACC000132,CUST001458,BR003,SENIOR CITIZEN SAVINGS,ACTIVE,2.75,2024-02-19,,2026-06-01 09:00:00
ACC000133,CUST002063,BR002,SALARY SAVINGS,ACTIVE,3.0,2024-04-20,,2026-06-01 09:00:00
ACC000134,CUST001954,BR001,SENIOR CITIZEN SAVINGS,ACTIVE,3.5,2025-02-05,,2026-06-01 09:00:00
ACC000135,CUST001897,BR002,REGULAR SAVINGS,CLOSED,2.75,2026-01-31,2026-03-03,2026-06-01 09:00:00
ACC000136,CUST000884,BR003,SENIOR CITIZEN SAVINGS,CLOSED,3.0,2023-10-09,2024-09-13,2026-06-01 09:00:00
ACC000137,CUST002115,BR006,SALARY SAVINGS,ACTIVE,4.0,2024-06-23,,2026-06-01 09:00:00
ACC000138,CUST001192,BR006,SENIOR CITIZEN SAVINGS,ACTIVE,4.0,2023-08-27,,2026-06-01 09:00:00
ACC000139,CUST002798,BR007,SENIOR CITIZEN SAVINGS,ACTIVE,3.0,2025-01-02,,2026-06-01 09:00:00
ACC000140,CUST002486,BR002,SALARY SAVINGS,ACTIVE,3.0,2024-06-20,,2026-06-01 09:00:00
ACC000141,CUST000399,BR001,SALARY SAVINGS,ACTIVE,3.0,2026-04-08,,2026-06-01 09:00:00
ACC000142,CUST002242,BR002,SALARY SAVINGS,ACTIVE,4.0,2026-03-14,,2026-06-01 09:00:00
ACC000143,CUST000696,BR005,SENIOR CITIZEN SAVINGS,ACTIVE,3.0,2025-10-18,,2026-06-01 09:00:00
ACC000144,CUST001489,BR006,SENIOR CITIZEN SAVINGS,ACTIVE,2.75,2024-05-04,,2026-06-01 09:00:00
ACC000145,CUST001888,BR005,SALARY SAVINGS,CLOSED,4.0,2024-01-27,2024-02-01,2026-06-01 09:00:00
ACC000146,CUST002664,BR003,SALARY SAVINGS,CLOSED,2.75,2025-12-13,2026-03-05,2026-06-01 09:00:00
ACC000147,CUST000163,BR006,SENIOR CITIZEN SAVINGS,ACTIVE,3.5,2025-04-23,,2026-06-01 09:00:00
ACC000148,CUST002788,BR003,SENIOR CITIZEN SAVINGS,ACTIVE,4.0,2024-01-30,,2026-06-01 09:00:00
ACC000149,CUST001285,BR006,SENIOR CITIZEN SAVINGS,ACTIVE,2.75,2025-09-01,,2026-06-01 09:00:00
ACC000150,CUST001844,BR005,SENIOR CITIZEN SAVINGS,ACTIVE,2.75,2024-12-24,,2026-06-01 09:00:00
ACC000151,CUST000234,BR004,REGULAR SAVINGS,ACTIVE,2.75,2026-01-05,,2026-06-01 09:00:00
ACC000152,CUST001191,BR007,REGULAR SAVINGS,ACTIVE,3.0,2025-06-17,,2026-06-01 09:00:00
ACC000153,CUST000914,BR007,SALARY SAVINGS,ACTIVE,4.0,2025-06-21,,2026-06-01 09:00:00
ACC000154,CUST001909,BR008,REGULAR SAVINGS,ACTIVE,4.0,2024-09-20,,2026-06-01 09:00:00
ACC000155,CUST002998,BR002,REGULAR SAVINGS,ACTIVE,4.0,2025-12-17,,2026-06-01 09:00:00
ACC000156,CUST001645,BR006,SENIOR CITIZEN SAVINGS,ACTIVE,2.75,2025-07-19,,2026-06-01 09:00:00
ACC000157,CUST001992,BR004,SALARY SAVINGS,ACTIVE,4.0,2023-11-27,,2026-06-01 09:00:00
ACC000158,CUST000157,BR003,REGULAR SAVINGS,ACTIVE,4.0,2025-09-24,,2026-06-01 09:00:00
ACC000159,CUST001312,BR001,SALARY SAVINGS,ACTIVE,4.0,2024-09-15,,2026-06-01 09:00:00
ACC000160,CUST001762,BR008,REGULAR SAVINGS,ACTIVE,3.0,2024-12-14,,2026-06-01 09:00:00
ACC000161,CUST002801,BR007,REGULAR SAVINGS,ACTIVE,3.5,2026-06-15,,2026-06-01 09:00:00
ACC000162,CUST000343,BR003,REGULAR SAVINGS,ACTIVE,2.75,2024-07-01,,2026-06-01 09:00:00
ACC000163,CUST001222,BR008,SENIOR CITIZEN SAVINGS,ACTIVE,4.0,2026-03-02,,2026-06-01 09:00:00
ACC000164,CUST001063,BR003,SALARY SAVINGS,ACTIVE,2.75,2024-08-28,,2026-06-01 09:00:00
ACC000165,CUST001401,BR005,SALARY SAVINGS,ACTIVE,3.0,2026-02-21,,2026-06-01 09:00:00
ACC000166,CUST001973,BR008,SALARY SAVINGS,CLOSED,3.0,2024-07-21,2026-07-16,2026-06-01 09:00:00
ACC000167,CUST001453,BR007,SENIOR CITIZEN SAVINGS,ACTIVE,2.75,2025-05-10,,2026-06-01 09:00:00
ACC000168,CUST000814,BR002,SENIOR CITIZEN SAVINGS,ACTIVE,3.0,2024-07-09,,2026-06-01 09:00:00
ACC000169,CUST001297,BR001,REGULAR SAVINGS,DORMANT,3.0,2025-02-01,,2026-06-01 09:00:00
ACC000170,CUST002046,BR006,SENIOR CITIZEN SAVINGS,ACTIVE,2.75,2024-03-21,,2026-06-01 09:00:00
ACC000171,CUST001665,BR005,REGULAR SAVINGS,CLOSED,2.75,2025-07-28,2026-07-22,2026-06-01 09:00:00
ACC000172,CUST002599,BR008,SENIOR CITIZEN SAVINGS,ACTIVE,2.75,2023-09-14,,2026-06-01 09:00:00
ACC000173,CUST000769,BR007,REGULAR SAVINGS,ACTIVE,3.0,2024-04-10,,2026-06-01 09:00:00
ACC000174,CUST001426,BR004,SENIOR CITIZEN SAVINGS,CLOSED,3.0,2026-03-20,2026-07-10,2026-06-01 09:00:00
ACC000175,CUST000059,BR006,SALARY SAVINGS,ACTIVE,3.5,2025-09-19,,2026-06-01 09:00:00
ACC000176,CUST002057,BR002,SALARY SAVINGS,ACTIVE,4.0,2024-10-03,,2026-06-01 09:00:00
ACC000177,CUST001696,BR007,SENIOR CITIZEN SAVINGS,ACTIVE,3.5,2024-08-03,,2026-06-01 09:00:00
ACC000178,CUST001745,BR006,SALARY SAVINGS,DORMANT,2.75,2025-10-25,,2026-06-01 09:00:00
ACC000179,CUST001755,BR006,REGULAR SAVINGS,ACTIVE,3.0,2025-12-07,,2026-06-01 09:00:00
ACC000180,CUST002224,BR007,SENIOR CITIZEN SAVINGS,ACTIVE,4.0,2024-07-17,,2026-06-01 09:00:00
ACC000181,CUST002821,BR007,REGULAR SAVINGS,ACTIVE,3.5,2024-01-28,,2026-06-01 09:00:00
ACC000182,CUST000359,BR002,SENIOR CITIZEN SAVINGS,ACTIVE,2.75,2025-09-23,,2026-06-01 09:00:00
ACC000183,CUST001685,BR002,SENIOR CITIZEN SAVINGS,ACTIVE,4.0,2024-12-24,,2026-06-01 09:00:00
ACC000184,CUST002232,BR002,REGULAR SAVINGS,ACTIVE,4.0,2025-01-07,,2026-06-01 09:00:00
ACC000185,CUST002735,BR005,SALARY SAVINGS,ACTIVE,4.0,2025-09-03,,2026-06-01 09:00:00
ACC000186,CUST002260,BR007,SALARY SAVINGS,ACTIVE,2.75,2026-01-03,,2026-06-01 09:00:00
ACC000187,CUST000510,BR006,SENIOR CITIZEN SAVINGS,ACTIVE,4.0,2023-08-30,,2026-06-01 09:00:00
ACC000188,CUST002883,BR007,REGULAR SAVINGS,DORMANT,2.75,2025-01-18,,2026-06-01 09:00:00
ACC000189,CUST002079,BR005,SALARY SAVINGS,DORMANT,3.5,2026-01-31,,2026-06-01 09:00:00
ACC000190,CUST001260,BR007,SALARY SAVINGS,ACTIVE,3.0,2024-07-15,,2026-06-01 09:00:00
ACC000191,CUST000134,BR001,SALARY SAVINGS,ACTIVE,2.75,2025-03-24,,2026-06-01 09:00:00
ACC000192,CUST002126,BR006,SENIOR CITIZEN SAVINGS,ACTIVE,3.5,2026-05-21,,2026-06-01 09:00:00
ACC000193,CUST001762,BR004,SENIOR CITIZEN SAVINGS,ACTIVE,4.0,2025-05-06,,2026-06-01 09:00:00
ACC000194,CUST001612,BR001,SENIOR CITIZEN SAVINGS,ACTIVE,4.0,2025-11-29,,2026-06-01 09:00:00
ACC000195,CUST001600,BR003,SENIOR CITIZEN SAVINGS,DORMANT,4.0,2023-10-14,,2026-06-01 09:00:00
ACC000196,CUST000649,BR007,REGULAR SAVINGS,ACTIVE,3.0,2024-07-07,,2026-06-01 09:00:00
ACC000197,CUST002066,BR002,SENIOR CITIZEN SAVINGS,ACTIVE,4.0,2025-08-30,,2026-06-01 09:00:00
ACC000198,CUST001066,BR003,REGULAR SAVINGS,ACTIVE,3.5,2024-09-12,,2026-06-01 09:00:00
ACC000199,CUST000106,BR007,SENIOR CITIZEN SAVINGS,ACTIVE,2.75,2025-07-09,,2026-06-01 09:00:00
ACC000200,CUST000627,BR001,REGULAR SAVINGS,ACTIVE,2.75,2023-09-10,,2026-06-01 09:00:00
ACC000201,CUST000535,BR008,SENIOR CITIZEN SAVINGS,ACTIVE,3.5,2025-10-01,,2026-06-01 09:00:00
ACC000202,CUST000909,BR005,REGULAR SAVINGS,ACTIVE,3.0,2024-06-26,,2026-06-01 09:00:00
ACC000203,CUST002975,BR007,SALARY SAVINGS,ACTIVE,3.5,2024-02-27,,2026-06-01 09:00:00
ACC000204,CUST000340,BR003,SENIOR CITIZEN SAVINGS,ACTIVE,2.75,2026-04-16,,2026-06-01 09:00:00
ACC000205,CUST000424,BR002,REGULAR SAVINGS,DORMANT,4.0,2025-10-12,,2026-06-01 09:00:00
ACC000206,CUST000439,BR003,REGULAR SAVINGS,ACTIVE,3.5,2023-10-14,,2026-06-01 09:00:00
ACC000207,CUST000381,BR002,REGULAR SAVINGS,ACTIVE,4.0,2024-12-15,,2026-06-01 09:00:00
ACC000208,CUST001601,BR002,SALARY SAVINGS,ACTIVE,4.0,2026-03-03,,2026-06-01 09:00:00
ACC000209,CUST000302,BR008,SALARY SAVINGS,ACTIVE,2.75,2024-05-30,,2026-06-01 09:00:00
ACC000210,CUST001538,BR006,REGULAR SAVINGS,ACTIVE,4.0,2023-12-01,,2026-06-01 09:00:00
ACC000211,CUST001224,BR001,SENIOR CITIZEN SAVINGS,ACTIVE,3.0,2024-12-09,,2026-06-01 09:00:00
ACC000212,CUST002485,BR001,SALARY SAVINGS,CLOSED,2.75,2025-07-12,2025-11-30,2026-06-01 09:00:00
ACC000213,CUST001983,BR001,SALARY SAVINGS,ACTIVE,3.0,2023-09-01,,2026-06-01 09:00:00
ACC000214,CUST000499,BR004,SENIOR CITIZEN SAVINGS,ACTIVE,2.75,2023-12-23,,2026-06-01 09:00:00
ACC000215,CUST002097,BR003,REGULAR SAVINGS,DORMANT,3.0,2023-10-04,,2026-06-01 09:00:00
ACC000216,CUST000889,BR001,REGULAR SAVINGS,ACTIVE,3.5,2025-03-07,,2026-06-01 09:00:00
ACC000217,CUST002981,BR003,REGULAR SAVINGS,ACTIVE,3.5,2024-08-03,,2026-06-01 09:00:00
ACC000218,CUST000377,BR006,SALARY SAVINGS,ACTIVE,3.5,2024-03-31,,2026-06-01 09:00:00
ACC000219,CUST001787,BR007,REGULAR SAVINGS,ACTIVE,3.0,2025-06-05,,2026-06-01 09:00:00
ACC000220,CUST002815,BR005,SENIOR CITIZEN SAVINGS,ACTIVE,4.0,2025-07-31,,2026-06-01 09:00:00
ACC000221,CUST001277,BR003,SALARY SAVINGS,CLOSED,3.0,2026-01-29,2026-03-25,2026-06-01 09:00:00
ACC000222,CUST001776,BR008,SALARY SAVINGS,ACTIVE,4.0,2025-01-26,,2026-06-01 09:00:00
ACC000223,CUST001306,BR002,SENIOR CITIZEN SAVINGS,ACTIVE,4.0,2024-01-19,,2026-06-01 09:00:00
ACC000224,CUST001446,BR006,REGULAR SAVINGS,ACTIVE,2.75,2025-05-22,,2026-06-01 09:00:00
ACC000225,CUST002095,BR005,SENIOR CITIZEN SAVINGS,ACTIVE,4.0,2024-04-27,,2026-06-01 09:00:00
ACC000226,CUST002173,BR006,REGULAR SAVINGS,ACTIVE,4.0,2026-03-04,,2026-06-01 09:00:00
ACC000227,CUST001322,BR007,REGULAR SAVINGS,ACTIVE,3.0,2025-11-07,,2026-06-01 09:00:00
ACC000228,CUST000882,BR006,SALARY SAVINGS,ACTIVE,3.5,2025-11-05,,2026-06-01 09:00:00
ACC000229,CUST000501,BR001,SENIOR CITIZEN SAVINGS,ACTIVE,3.5,2024-05-27,,2026-06-01 09:00:00
ACC000230,CUST001348,BR004,SALARY SAVINGS,ACTIVE,4.0,2026-01-24,,2026-06-01 09:00:00
ACC000231,CUST000953,BR002,REGULAR SAVINGS,ACTIVE,4.0,2025-07-27,,2026-06-01 09:00:00
ACC000232,CUST002160,BR004,SENIOR CITIZEN SAVINGS,ACTIVE,2.75,2026-03-14,,2026-06-01 09:00:00
ACC000233,CUST002490,BR002,SALARY SAVINGS,ACTIVE,4.0,2025-01-31,,2026-06-01 09:00:00
ACC000234,CUST001302,BR006,SALARY SAVINGS,ACTIVE,3.0,2026-04-18,,2026-06-01 09:00:00
ACC000235,CUST002043,BR001,REGULAR SAVINGS,ACTIVE,3.5,2025-01-01,,2026-06-01 09:00:00
ACC000236,CUST001855,BR003,REGULAR SAVINGS,ACTIVE,3.5,2024-12-15,,2026-06-01 09:00:00
ACC000237,CUST002361,BR001,SENIOR CITIZEN SAVINGS,ACTIVE,3.5,2024-02-15,,2026-06-01 09:00:00
ACC000238,CUST000020,BR008,SALARY SAVINGS,ACTIVE,3.5,2026-04-30,,2026-06-01 09:00:00
ACC000239,CUST000152,BR001,REGULAR SAVINGS,ACTIVE,3.5,2024-03-06,,2026-06-01 09:00:00
ACC000240,CUST001925,BR002,SALARY SAVINGS,ACTIVE,4.0,2025-11-21,,2026-06-01 09:00:00
ACC000241,CUST001300,BR006,SALARY SAVINGS,ACTIVE,4.0,2024-12-12,,2026-06-01 09:00:00
ACC000242,CUST002023,BR001,SALARY SAVINGS,ACTIVE,4.0,2024-11-08,,2026-06-01 09:00:00
ACC000243,CUST002021,BR002,REGULAR SAVINGS,DORMANT,3.5,2023-10-30,,2026-06-01 09:00:00
ACC000244,CUST000120,BR004,REGULAR SAVINGS,ACTIVE,2.75,2024-11-08,,2026-06-01 09:00:00
ACC000245,CUST000431,BR006,REGULAR SAVINGS,ACTIVE,4.0,2024-03-11,,2026-06-01 09:00:00
ACC000246,CUST000783,BR006,REGULAR SAVINGS,DORMANT,2.75,2023-12-16,,2026-06-01 09:00:00
ACC000247,CUST001064,BR001,SALARY SAVINGS,ACTIVE,2.75,2024-08-29,,2026-06-01 09:00:00
ACC000248,CUST000308,BR005,SALARY SAVINGS,ACTIVE,3.5,2026-03-25,,2026-06-01 09:00:00
ACC000249,CUST001106,BR003,REGULAR SAVINGS,ACTIVE,3.0,2025-06-19,,2026-06-01 09:00:00
ACC000250,CUST000518,BR006,SALARY SAVINGS,ACTIVE,3.0,2025-11-24,,2026-06-01 09:00:00
ACC000251,CUST002609,BR008,REGULAR SAVINGS,ACTIVE,2.75,2025-05-29,,2026-06-01 09:00:00
ACC000252,CUST002368,BR008,SALARY SAVINGS,CLOSED,4.0,2026-03-08,2026-08-03,2026-06-01 09:00:00
ACC000253,CUST002994,BR008,SALARY SAVINGS,ACTIVE,3.0,2025-07-26,,2026-06-01 09:00:00
ACC000254,CUST002914,BR002,REGULAR SAVINGS,ACTIVE,3.5,2025-09-17,,2026-06-01 09:00:00
ACC000255,CUST002702,BR004,SALARY SAVINGS,ACTIVE,2.75,2024-12-05,,2026-06-01 09:00:00
ACC000256,CUST000247,BR004,SALARY SAVINGS,ACTIVE,2.75,2023-10-20,,2026-06-01 09:00:00
ACC000257,CUST001578,BR004,REGULAR SAVINGS,ACTIVE,4.0,2025-03-07,,2026-06-01 09:00:00
ACC000258,CUST002419,BR006,SENIOR CITIZEN SAVINGS,ACTIVE,3.5,2024-08-07,,2026-06-01 09:00:00
ACC000259,CUST000631,BR002,SALARY SAVINGS,ACTIVE,3.0,2024-08-07,,2026-06-01 09:00:00
ACC000260,CUST001580,BR008,REGULAR SAVINGS,ACTIVE,3.0,2024-09-29,,2026-06-01 09:00:00
ACC000261,CUST000282,BR005,SALARY SAVINGS,ACTIVE,4.0,2024-05-16,,2026-06-01 09:00:00
ACC000262,CUST002365,BR002,REGULAR SAVINGS,ACTIVE,3.0,2025-10-03,,2026-06-01 09:00:00
ACC000263,CUST000452,BR004,REGULAR SAVINGS,DORMANT,2.75,2024-11-09,,2026-06-01 09:00:00
ACC000264,CUST001093,BR001,SALARY SAVINGS,ACTIVE,4.0,2024-09-08,,2026-06-01 09:00:00
ACC000265,CUST001442,BR005,REGULAR SAVINGS,DORMANT,2.75,2023-12-12,,2026-06-01 09:00:00
ACC000266,CUST001452,BR007,SENIOR CITIZEN SAVINGS,ACTIVE,3.0,2024-11-03,,2026-06-01 09:00:00
ACC000267,CUST001765,BR006,SALARY SAVINGS,ACTIVE,2.75,2023-09-17,,2026-06-01 09:00:00
ACC000268,CUST000401,BR001,SALARY SAVINGS,ACTIVE,4.0,2024-02-13,,2026-06-01 09:00:00
ACC000269,CUST000795,BR005,SENIOR CITIZEN SAVINGS,ACTIVE,3.0,2024-03-23,,2026-06-01 09:00:00
ACC000270,CUST001131,BR008,REGULAR SAVINGS,ACTIVE,4.0,2024-04-15,,2026-06-01 09:00:00
ACC000271,CUST002648,BR004,REGULAR SAVINGS,ACTIVE,2.75,2024-03-31,,2026-06-01 09:00:00
ACC000272,CUST000147,BR005,REGULAR SAVINGS,ACTIVE,3.0,2026-03-21,,2026-06-01 09:00:00
ACC000273,CUST001129,BR004,REGULAR SAVINGS,ACTIVE,4.0,2025-09-02,,2026-06-01 09:00:00
ACC000274,CUST000901,BR005,REGULAR SAVINGS,ACTIVE,4.0,2024-09-03,,2026-06-01 09:00:00
ACC000275,CUST001424,BR005,REGULAR SAVINGS,ACTIVE,3.5,2026-03-30,,2026-06-01 09:00:00
ACC000276,CUST000759,BR008,SENIOR CITIZEN SAVINGS,DORMANT,3.5,2024-12-10,,2026-06-01 09:00:00
ACC000277,CUST000978,BR003,REGULAR SAVINGS,ACTIVE,3.5,2026-03-05,,2026-06-01 09:00:00
ACC000278,CUST000768,BR006,REGULAR SAVINGS,ACTIVE,4.0,2023-11-27,,2026-06-01 09:00:00
ACC000279,CUST002729,BR008,REGULAR SAVINGS,ACTIVE,4.0,2023-12-27,,2026-06-01 09:00:00
ACC000280,CUST001081,BR002,REGULAR SAVINGS,ACTIVE,3.0,2026-04-17,,2026-06-01 09:00:00
ACC000281,CUST002434,BR006,SALARY SAVINGS,ACTIVE,4.0,2025-03-16,,2026-06-01 09:00:00
ACC000282,CUST001014,BR008,REGULAR SAVINGS,ACTIVE,2.75,2023-09-09,,2026-06-01 09:00:00
ACC000283,CUST002324,BR005,REGULAR SAVINGS,ACTIVE,3.0,2025-07-03,,2026-06-01 09:00:00
ACC000284,CUST000601,BR002,SENIOR CITIZEN SAVINGS,ACTIVE,2.75,2024-05-02,,2026-06-01 09:00:00
ACC000285,CUST001375,BR008,SENIOR CITIZEN SAVINGS,ACTIVE,4.0,2024-12-28,,2026-06-01 09:00:00
ACC000286,CUST001055,BR008,REGULAR SAVINGS,ACTIVE,3.5,2025-03-26,,2026-06-01 09:00:00
ACC000287,CUST001445,BR005,SENIOR CITIZEN SAVINGS,DORMANT,3.5,2023-09-17,,2026-06-01 09:00:00
ACC000288,CUST002441,BR008,SENIOR CITIZEN SAVINGS,ACTIVE,2.75,2024-07-31,,2026-06-01 09:00:00
ACC000289,CUST002983,BR001,REGULAR SAVINGS,CLOSED,3.0,2024-01-27,2026-01-27,2026-06-01 09:00:00
ACC000290,CUST002701,BR003,REGULAR SAVINGS,ACTIVE,3.5,2026-04-22,,2026-06-01 09:00:00
ACC000291,CUST002366,BR007,REGULAR SAVINGS,ACTIVE,3.5,2024-12-24,,2026-06-01 09:00:00
ACC000292,CUST000794,BR007,SENIOR CITIZEN SAVINGS,CLOSED,2.75,2023-09-12,2024-01-28,2026-06-01 09:00:00
ACC000293,CUST002781,BR008,SENIOR CITIZEN SAVINGS,ACTIVE,3.0,2024-12-10,,2026-06-01 09:00:00
ACC000294,CUST001429,BR006,SALARY SAVINGS,ACTIVE,4.0,2025-01-02,,2026-06-01 09:00:00
ACC000295,CUST001267,BR004,SENIOR CITIZEN SAVINGS,ACTIVE,2.75,2024-02-13,,2026-06-01 09:00:00
ACC000296,CUST001407,BR002,SENIOR CITIZEN SAVINGS,ACTIVE,4.0,2026-04-16,,2026-06-01 09:00:00
ACC000297,CUST001422,BR005,SALARY SAVINGS,CLOSED,2.75,2025-06-01,2026-04-19,2026-06-01 09:00:00
ACC000298,CUST002808,BR003,SENIOR CITIZEN SAVINGS,ACTIVE,4.0,2025-07-25,,2026-06-01 09:00:00
ACC000299,CUST001187,BR003,REGULAR SAVINGS,ACTIVE,3.5,2025-07-09,,2026-06-01 09:00:00
ACC000300,CUST001208,BR001,SALARY SAVINGS,ACTIVE,4.0,2025-03-23,,2026-06-01 09:00:00
ACC000301,CUST002430,BR002,REGULAR SAVINGS,ACTIVE,2.75,2026-03-09,,2026-06-01 09:00:00
ACC000302,CUST001763,BR006,REGULAR SAVINGS,ACTIVE,2.75,2025-01-09,,2026-06-01 09:00:00
ACC000303,CUST001435,BR005,SENIOR CITIZEN SAVINGS,CLOSED,3.0,2024-01-25,2026-01-23,2026-06-01 09:00:00
ACC000304,CUST001109,BR003,REGULAR SAVINGS,ACTIVE,3.0,2025-01-26,,2026-06-01 09:00:00
ACC000305,CUST001192,BR004,SALARY SAVINGS,ACTIVE,2.75,2024-01-26,,2026-06-01 09:00:00
ACC000306,CUST001019,BR007,REGULAR SAVINGS,ACTIVE,4.0,2024-09-24,,2026-06-01 09:00:00
ACC000307,CUST001071,BR005,SALARY SAVINGS,ACTIVE,3.5,2023-08-28,,2026-06-01 09:00:00
ACC000308,CUST002781,BR006,REGULAR SAVINGS,ACTIVE,3.0,2026-01-24,,2026-06-01 09:00:00
ACC000309,CUST001025,BR003,SALARY SAVINGS,ACTIVE,4.0,2024-03-17,,2026-06-01 09:00:00
ACC000310,CUST001250,BR002,SENIOR CITIZEN SAVINGS,ACTIVE,3.5,2025-09-26,,2026-06-01 09:00:00
ACC000311,CUST001889,BR003,SALARY SAVINGS,ACTIVE,4.0,2026-04-11,,2026-06-01 09:00:00
ACC000312,CUST000394,BR003,SENIOR CITIZEN SAVINGS,ACTIVE,4.0,2024-09-08,,2026-06-01 09:00:00
ACC000313,CUST002807,BR006,SALARY SAVINGS,ACTIVE,4.0,2024-06-07,,2026-06-01 09:00:00
ACC000314,CUST001723,BR007,SENIOR CITIZEN SAVINGS,ACTIVE,4.0,2026-06-05,,2026-06-01 09:00:00
ACC000315,CUST000109,BR007,SENIOR CITIZEN SAVINGS,ACTIVE,2.75,2026-05-05,,2026-06-01 09:00:00
ACC000316,CUST001239,BR004,SENIOR CITIZEN SAVINGS,ACTIVE,3.5,2024-11-11,,2026-06-01 09:00:00
ACC000317,CUST002317,BR005,SALARY SAVINGS,ACTIVE,2.75,2024-01-28,,2026-06-01 09:00:00
ACC000318,CUST000516,BR007,SENIOR CITIZEN SAVINGS,ACTIVE,2.75,2024-04-10,,2026-06-01 09:00:00
ACC000319,CUST001886,BR001,SENIOR CITIZEN SAVINGS,ACTIVE,2.75,2024-09-11,,2026-06-01 09:00:00
ACC000320,CUST000439,BR006,SENIOR CITIZEN SAVINGS,ACTIVE,2.75,2023-12-13,,2026-06-01 09:00:00
ACC000321,CUST001973,BR006,SENIOR CITIZEN SAVINGS,ACTIVE,2.75,2026-05-26,,2026-06-01 09:00:00
ACC000322,CUST002763,BR001,SENIOR CITIZEN SAVINGS,ACTIVE,3.0,2026-05-10,,2026-06-01 09:00:00
ACC000323,CUST002029,BR003,SENIOR CITIZEN SAVINGS,DORMANT,3.0,2025-11-02,,2026-06-01 09:00:00
ACC000324,CUST000634,BR005,REGULAR SAVINGS,ACTIVE,3.5,2025-04-19,,2026-06-01 09:00:00
ACC000325,CUST001987,BR004,REGULAR SAVINGS,ACTIVE,2.75,2024-03-10,,2026-06-01 09:00:00
ACC000326,CUST002474,BR002,REGULAR SAVINGS,ACTIVE,2.75,2024-01-18,,2026-06-01 09:00:00
ACC000327,CUST001941,BR001,REGULAR SAVINGS,ACTIVE,4.0,2024-08-06,,2026-06-01 09:00:00
ACC000328,CUST001229,BR007,REGULAR SAVINGS,CLOSED,4.0,2025-03-30,2025-07-02,2026-06-01 09:00:00
ACC000329,CUST002240,BR005,SENIOR CITIZEN SAVINGS,DORMANT,4.0,2024-03-27,,2026-06-01 09:00:00
ACC000330,CUST000505,BR007,REGULAR SAVINGS,ACTIVE,3.0,2026-05-27,,2026-06-01 09:00:00
ACC000331,CUST000581,BR004,SENIOR CITIZEN SAVINGS,ACTIVE,3.0,2025-04-23,,2026-06-01 09:00:00
ACC000332,CUST002240,BR004,SALARY SAVINGS,ACTIVE,4.0,2025-05-29,,2026-06-01 09:00:00
ACC000333,CUST002735,BR002,SALARY SAVINGS,ACTIVE,4.0,2024-04-17,,2026-06-01 09:00:00
ACC000334,CUST001603,BR007,SALARY SAVINGS,ACTIVE,2.75,2023-12-06,,2026-06-01 09:00:00
ACC000335,CUST000607,BR001,SENIOR CITIZEN SAVINGS,ACTIVE,3.5,2025-04-29,,2026-06-01 09:00:00
ACC000336,CUST001596,BR001,SENIOR CITIZEN SAVINGS,ACTIVE,3.5,2026-05-16,,2026-06-01 09:00:00
ACC000337,CUST002692,BR008,SALARY SAVINGS,DORMANT,2.75,2025-07-29,,2026-06-01 09:00:00
ACC000338,CUST000571,BR008,REGULAR SAVINGS,ACTIVE,4.0,2026-05-11,,2026-06-01 09:00:00
ACC000339,CUST001466,BR004,SENIOR CITIZEN SAVINGS,DORMANT,3.5,2024-08-22,,2026-06-01 09:00:00
ACC000340,CUST001600,BR002,SALARY SAVINGS,ACTIVE,3.0,2023-11-23,,2026-06-01 09:00:00
ACC000341,CUST002687,BR006,REGULAR SAVINGS,ACTIVE,4.0,2025-09-11,,2026-06-01 09:00:00
ACC000342,CUST001141,BR005,SENIOR CITIZEN SAVINGS,ACTIVE,4.0,2024-07-31,,2026-06-01 09:00:00
ACC000343,CUST001982,BR007,REGULAR SAVINGS,ACTIVE,4.0,2025-06-27,,2026-06-01 09:00:00
ACC000344,CUST002360,BR005,SENIOR CITIZEN SAVINGS,ACTIVE,3.0,2026-05-12,,2026-06-01 09:00:00
ACC000345,CUST002379,BR006,REGULAR SAVINGS,ACTIVE,4.0,2025-03-28,,2026-06-01 09:00:00
ACC000346,CUST000652,BR004,SALARY SAVINGS,ACTIVE,2.75,2025-11-11,,2026-06-01 09:00:00
ACC000347,CUST002783,BR008,SENIOR CITIZEN SAVINGS,ACTIVE,3.5,2024-02-04,,2026-06-01 09:00:00
ACC000348,CUST000970,BR002,SALARY SAVINGS,ACTIVE,3.0,2026-04-22,,2026-06-01 09:00:00
ACC000349,CUST001721,BR002,REGULAR SAVINGS,ACTIVE,2.75,2023-10-09,,2026-06-01 09:00:00
ACC000350,CUST000154,BR002,SENIOR CITIZEN SAVINGS,ACTIVE,4.0,2025-03-18,,2026-06-01 09:00:00
ACC000351,CUST002586,BR001,SENIOR CITIZEN SAVINGS,ACTIVE,3.0,2023-12-12,,2026-06-01 09:00:00
ACC000352,CUST001842,BR007,SENIOR CITIZEN SAVINGS,CLOSED,3.0,2025-08-07,2026-01-21,2026-06-01 09:00:00
ACC000353,CUST002280,BR004,SALARY SAVINGS,ACTIVE,3.0,2026-02-24,,2026-06-01 09:00:00
ACC000354,CUST002781,BR005,REGULAR SAVINGS,ACTIVE,3.0,2025-05-01,,2026-06-01 09:00:00
ACC000355,CUST001778,BR004,SENIOR CITIZEN SAVINGS,ACTIVE,2.75,2024-07-29,,2026-06-01 09:00:00
ACC000356,CUST002739,BR002,REGULAR SAVINGS,ACTIVE,3.0,2023-10-01,,2026-06-01 09:00:00
ACC000357,CUST000022,BR006,REGULAR SAVINGS,ACTIVE,4.0,2023-10-09,,2026-06-01 09:00:00
ACC000358,CUST001396,BR003,REGULAR SAVINGS,ACTIVE,4.0,2025-02-15,,2026-06-01 09:00:00
ACC000359,CUST002337,BR008,SENIOR CITIZEN SAVINGS,ACTIVE,3.5,2025-12-31,,2026-06-01 09:00:00
ACC000360,CUST000565,BR002,SALARY SAVINGS,ACTIVE,4.0,2025-05-13,,2026-06-01 09:00:00
ACC000361,CUST000291,BR002,SALARY SAVINGS,ACTIVE,3.0,2023-12-02,,2026-06-01 09:00:00
ACC000362,CUST000414,BR002,SENIOR CITIZEN SAVINGS,ACTIVE,4.0,2026-06-11,,2026-06-01 09:00:00
ACC000363,CUST002215,BR006,SALARY SAVINGS,ACTIVE,2.75,2023-12-30,,2026-06-01 09:00:00
ACC000364,CUST001030,BR007,REGULAR SAVINGS,ACTIVE,3.5,2023-09-20,,2026-06-01 09:00:00
ACC000365,CUST001180,BR002,SENIOR CITIZEN SAVINGS,DORMANT,3.0,2024-10-05,,2026-06-01 09:00:00
ACC000366,CUST002049,BR005,SENIOR CITIZEN SAVINGS,ACTIVE,4.0,2025-03-23,,2026-06-01 09:00:00
ACC000367,CUST002858,BR002,SALARY SAVINGS,DORMANT,4.0,2023-09-18,,2026-06-01 09:00:00
ACC000368,CUST002676,BR001,SALARY SAVINGS,ACTIVE,2.75,2024-04-09,,2026-06-01 09:00:00
ACC000369,CUST000822,BR006,SENIOR CITIZEN SAVINGS,ACTIVE,2.75,2024-05-30,,2026-06-01 09:00:00
ACC000370,CUST001351,BR001,SENIOR CITIZEN SAVINGS,ACTIVE,3.0,2026-05-06,,2026-06-01 09:00:00
ACC000371,CUST002499,BR001,SALARY SAVINGS,CLOSED,3.5,2026-01-27,2026-08-17,2026-06-01 09:00:00
ACC000372,CUST002451,BR002,SALARY SAVINGS,DORMANT,4.0,2024-10-08,,2026-06-01 09:00:00
ACC000373,CUST002963,BR001,SENIOR CITIZEN SAVINGS,ACTIVE,2.75,2025-12-19,,2026-06-01 09:00:00
ACC000374,CUST000923,BR006,REGULAR SAVINGS,ACTIVE,4.0,2024-11-27,,2026-06-01 09:00:00
ACC000375,CUST000088,BR001,REGULAR SAVINGS,ACTIVE,2.75,2025-11-15,,2026-06-01 09:00:00
ACC000376,CUST002189,BR007,REGULAR SAVINGS,ACTIVE,2.75,2025-01-20,,2026-06-01 09:00:00
ACC000377,CUST001586,BR007,SALARY SAVINGS,ACTIVE,3.0,2026-04-03,,2026-06-01 09:00:00
ACC000378,CUST002251,BR003,SENIOR CITIZEN SAVINGS,ACTIVE,2.75,2025-05-05,,2026-06-01 09:00:00
ACC000379,CUST001507,BR006,REGULAR SAVINGS,ACTIVE,3.0,2025-08-07,,2026-06-01 09:00:00
ACC000380,CUST000976,BR004,REGULAR SAVINGS,ACTIVE,2.75,2026-01-02,,2026-06-01 09:00:00
ACC000381,CUST001692,BR001,REGULAR SAVINGS,DORMANT,2.75,2025-11-16,,2026-06-01 09:00:00
ACC000382,CUST000233,BR002,REGULAR SAVINGS,ACTIVE,2.75,2024-11-06,,2026-06-01 09:00:00
ACC000383,CUST001158,BR001,SENIOR CITIZEN SAVINGS,ACTIVE,3.5,2024-09-13,,2026-06-01 09:00:00
ACC000384,CUST001001,BR005,SALARY SAVINGS,ACTIVE,3.0,2023-08-21,,2026-06-01 09:00:00
ACC000385,CUST002694,BR002,SENIOR CITIZEN SAVINGS,ACTIVE,2.75,2025-04-09,,2026-06-01 09:00:00
ACC000386,CUST000844,BR008,REGULAR SAVINGS,DORMANT,3.5,2023-10-07,,2026-06-01 09:00:00
ACC000387,CUST001817,BR005,SALARY SAVINGS,ACTIVE,3.5,2024-03-29,,2026-06-01 09:00:00
ACC000388,CUST002678,BR004,SENIOR CITIZEN SAVINGS,ACTIVE,3.5,2025-04-08,,2026-06-01 09:00:00
ACC000389,CUST002063,BR002,SALARY SAVINGS,ACTIVE,2.75,2024-04-24,,2026-06-01 09:00:00
ACC000390,CUST002890,BR008,REGULAR SAVINGS,ACTIVE,3.5,2025-04-12,,2026-06-01 09:00:00
ACC000391,CUST002134,BR004,REGULAR SAVINGS,ACTIVE,3.5,2025-12-26,,2026-06-01 09:00:00
ACC000392,CUST000503,BR006,REGULAR SAVINGS,ACTIVE,3.0,2025-10-02,,2026-06-01 09:00:00
ACC000393,CUST002861,BR008,REGULAR SAVINGS,CLOSED,4.0,2025-07-17,2026-07-19,2026-06-01 09:00:00
ACC000394,CUST002044,BR001,SALARY SAVINGS,ACTIVE,3.5,2023-10-22,,2026-06-01 09:00:00
ACC000395,CUST001231,BR002,SENIOR CITIZEN SAVINGS,ACTIVE,2.75,2024-05-22,,2026-06-01 09:00:00
ACC000396,CUST001573,BR008,SALARY SAVINGS,DORMANT,2.75,2024-10-09,,2026-06-01 09:00:00
ACC000397,CUST001819,BR001,REGULAR SAVINGS,ACTIVE,3.0,2023-08-24,,2026-06-01 09:00:00
ACC000398,CUST002704,BR007,REGULAR SAVINGS,ACTIVE,2.75,2026-06-04,,2026-06-01 09:00:00
ACC000399,CUST002219,BR006,SALARY SAVINGS,DORMANT,2.75,2026-02-27,,2026-06-01 09:00:00
ACC000400,CUST001076,BR004,SENIOR CITIZEN SAVINGS,ACTIVE,2.75,2026-02-16,,2026-06-01 09:00:00
ACC000401,CUST001778,BR007,SENIOR CITIZEN SAVINGS,ACTIVE,2.75,2026-03-20,,2026-06-01 09:00:00
ACC000402,CUST001590,BR005,SENIOR CITIZEN SAVINGS,ACTIVE,4.0,2025-04-17,,2026-06-01 09:00:00
ACC000403,CUST002328,BR005,SALARY SAVINGS,CLOSED,3.0,2024-03-29,2025-09-20,2026-06-01 09:00:00
ACC000404,CUST000976,BR003,SENIOR CITIZEN SAVINGS,ACTIVE,2.75,2025-08-31,,2026-06-01 09:00:00
ACC000405,CUST001124,BR002,SALARY SAVINGS,ACTIVE,3.0,2024-01-30,,2026-06-01 09:00:00
ACC000406,CUST001383,BR007,SALARY SAVINGS,ACTIVE,2.75,2024-02-18,,2026-06-01 09:00:00
ACC000407,CUST001101,BR005,SENIOR CITIZEN SAVINGS,ACTIVE,2.75,2026-02-06,,2026-06-01 09:00:00
ACC000408,CUST002707,BR006,SALARY SAVINGS,ACTIVE,3.5,2026-04-27,,2026-06-01 09:00:00
ACC000409,CUST001896,BR001,REGULAR SAVINGS,ACTIVE,4.0,2025-11-16,,2026-06-01 09:00:00
ACC000410,CUST001470,BR008,SENIOR CITIZEN SAVINGS,ACTIVE,3.0,2023-10-14,,2026-06-01 09:00:00
ACC000411,CUST000326,BR005,SALARY SAVINGS,CLOSED,3.5,2024-07-03,2026-08-17,2026-06-01 09:00:00
ACC000412,CUST000737,BR005,SALARY SAVINGS,ACTIVE,3.5,2025-10-07,,2026-06-01 09:00:00
ACC000413,CUST000522,BR004,SENIOR CITIZEN SAVINGS,ACTIVE,3.0,2025-01-07,,2026-06-01 09:00:00
ACC000414,CUST002687,BR001,REGULAR SAVINGS,ACTIVE,3.0,2026-01-21,,2026-06-01 09:00:00
ACC000415,CUST000755,BR008,SENIOR CITIZEN SAVINGS,ACTIVE,3.5,2024-07-24,,2026-06-01 09:00:00
ACC000416,CUST000934,BR001,REGULAR SAVINGS,CLOSED,3.5,2025-10-23,2025-11-23,2026-06-01 09:00:00
ACC000417,CUST002779,BR006,SALARY SAVINGS,ACTIVE,2.75,2026-04-01,,2026-06-01 09:00:00
ACC000418,CUST000448,BR002,REGULAR SAVINGS,ACTIVE,4.0,2024-06-01,,2026-06-01 09:00:00
ACC000419,CUST000971,BR004,SENIOR CITIZEN SAVINGS,ACTIVE,3.5,2023-08-22,,2026-06-01 09:00:00
ACC000420,CUST001704,BR002,REGULAR SAVINGS,DORMANT,4.0,2023-12-05,,2026-06-01 09:00:00
ACC000421,CUST000102,BR006,SALARY SAVINGS,ACTIVE,3.5,2023-10-27,,2026-06-01 09:00:00
ACC000422,CUST002671,BR006,SALARY SAVINGS,DORMANT,4.0,2026-02-13,,2026-06-01 09:00:00
ACC000423,CUST002548,BR001,SALARY SAVINGS,ACTIVE,3.0,2025-01-04,,2026-06-01 09:00:00
ACC000424,CUST000615,BR001,SALARY SAVINGS,ACTIVE,2.75,2025-11-13,,2026-06-01 09:00:00
ACC000425,CUST002093,BR006,SENIOR CITIZEN SAVINGS,ACTIVE,3.0,2026-02-20,,2026-06-01 09:00:00
ACC000426,CUST000134,BR003,SENIOR CITIZEN SAVINGS,ACTIVE,4.0,2024-01-08,,2026-06-01 09:00:00
ACC000427,CUST000322,BR002,SENIOR CITIZEN SAVINGS,ACTIVE,3.0,2023-11-03,,2026-06-01 09:00:00
ACC000428,CUST002582,BR007,SENIOR CITIZEN SAVINGS,ACTIVE,2.75,2024-12-22,,2026-06-01 09:00:00
ACC000429,CUST000211,BR008,REGULAR SAVINGS,ACTIVE,4.0,2024-04-29,,2026-06-01 09:00:00
ACC000430,CUST002357,BR005,SALARY SAVINGS,ACTIVE,3.0,2024-07-17,,2026-06-01 09:00:00
ACC000431,CUST000946,BR008,REGULAR SAVINGS,ACTIVE,3.5,2024-08-20,,2026-06-01 09:00:00
ACC000432,CUST002839,BR004,SALARY SAVINGS,ACTIVE,4.0,2025-07-22,,2026-06-01 09:00:00
ACC000433,CUST001483,BR002,REGULAR SAVINGS,ACTIVE,3.5,2024-06-18,,2026-06-01 09:00:00
ACC000434,CUST001484,BR008,SALARY SAVINGS,ACTIVE,3.0,2026-02-16,,2026-06-01 09:00:00
ACC000435,CUST000942,BR003,SALARY SAVINGS,ACTIVE,3.0,2025-09-28,,2026-06-01 09:00:00
ACC000436,CUST002762,BR003,SALARY SAVINGS,ACTIVE,3.5,2024-11-03,,2026-06-01 09:00:00
ACC000437,CUST001286,BR002,SENIOR CITIZEN SAVINGS,ACTIVE,2.75,2025-07-12,,2026-06-01 09:00:00
ACC000438,CUST000608,BR008,SALARY SAVINGS,DORMANT,3.0,2026-04-06,,2026-06-01 09:00:00
ACC000439,CUST000064,BR003,SENIOR CITIZEN SAVINGS,ACTIVE,2.75,2024-12-27,,2026-06-01 09:00:00
ACC000440,CUST002914,BR008,REGULAR SAVINGS,ACTIVE,2.75,2024-09-07,,2026-06-01 09:00:00
ACC000441,CUST001768,BR001,REGULAR SAVINGS,CLOSED,3.0,2024-05-19,2024-08-05,2026-06-01 09:00:00
ACC000442,CUST002110,BR007,SALARY SAVINGS,ACTIVE,4.0,2025-06-07,,2026-06-01 09:00:00
ACC000443,CUST002855,BR004,SALARY SAVINGS,ACTIVE,3.5,2024-02-20,,2026-06-01 09:00:00
ACC000444,CUST002423,BR002,SALARY SAVINGS,ACTIVE,2.75,2025-11-17,,2026-06-01 09:00:00
ACC000445,CUST001839,BR007,SALARY SAVINGS,ACTIVE,4.0,2024-07-05,,2026-06-01 09:00:00
ACC000446,CUST001185,BR008,SENIOR CITIZEN SAVINGS,ACTIVE,3.0,2024-06-30,,2026-06-01 09:00:00
ACC000447,CUST002415,BR002,SENIOR CITIZEN SAVINGS,DORMANT,3.0,2023-11-11,,2026-06-01 09:00:00
ACC000448,CUST002430,BR006,SALARY SAVINGS,ACTIVE,4.0,2025-11-05,,2026-06-01 09:00:00
ACC000449,CUST000724,BR005,SALARY SAVINGS,ACTIVE,2.75,2024-07-30,,2026-06-01 09:00:00
ACC000450,CUST001398,BR001,SALARY SAVINGS,ACTIVE,4.0,2025-05-22,,2026-06-01 09:00:00
ACC000451,CUST001305,BR003,SENIOR CITIZEN SAVINGS,ACTIVE,3.0,2023-12-15,,2026-06-01 09:00:00
ACC000452,CUST002995,BR004,SENIOR CITIZEN SAVINGS,ACTIVE,4.0,2025-05-17,,2026-06-01 09:00:00
ACC000453,CUST002521,BR006,REGULAR SAVINGS,ACTIVE,2.75,2025-12-27,,2026-06-01 09:00:00
ACC000454,CUST000486,BR005,REGULAR SAVINGS,ACTIVE,3.5,2024-07-17,,2026-06-01 09:00:00
ACC000455,CUST000694,BR005,REGULAR SAVINGS,CLOSED,3.5,2025-11-13,2026-02-15,2026-06-01 09:00:00
ACC000456,CUST000949,BR005,SENIOR CITIZEN SAVINGS,ACTIVE,3.0,2025-09-15,,2026-06-01 09:00:00
ACC000457,CUST002084,BR003,REGULAR SAVINGS,ACTIVE,2.75,2026-05-30,,2026-06-01 09:00:00
ACC000458,CUST002212,BR004,REGULAR SAVINGS,ACTIVE,2.75,2025-12-16,,2026-06-01 09:00:00
ACC000459,CUST001514,BR004,SENIOR CITIZEN SAVINGS,DORMANT,3.5,2026-05-21,,2026-06-01 09:00:00
ACC000460,CUST001747,BR008,SALARY SAVINGS,ACTIVE,3.0,2026-04-16,,2026-06-01 09:00:00
ACC000461,CUST000449,BR002,SALARY SAVINGS,DORMANT,4.0,2024-04-25,,2026-06-01 09:00:00
ACC000462,CUST001078,BR002,SENIOR CITIZEN SAVINGS,CLOSED,3.0,2023-09-03,2026-07-12,2026-06-01 09:00:00
ACC000463,CUST002740,BR002,SENIOR CITIZEN SAVINGS,ACTIVE,3.5,2023-12-20,,2026-06-01 09:00:00
ACC000464,CUST000912,BR002,SALARY SAVINGS,ACTIVE,3.5,2024-02-19,,2026-06-01 09:00:00
ACC000465,CUST001131,BR008,SALARY SAVINGS,ACTIVE,2.75,2024-12-17,,2026-06-01 09:00:00
ACC000466,CUST000158,BR007,SENIOR CITIZEN SAVINGS,DORMANT,2.75,2025-05-09,,2026-06-01 09:00:00
ACC000467,CUST001301,BR004,SENIOR CITIZEN SAVINGS,DORMANT,2.75,2024-06-22,,2026-06-01 09:00:00
ACC000468,CUST000033,BR004,REGULAR SAVINGS,ACTIVE,3.0,2024-09-13,,2026-06-01 09:00:00
ACC000469,CUST002759,BR004,SALARY SAVINGS,ACTIVE,3.5,2026-03-22,,2026-06-01 09:00:00
ACC000470,CUST000767,BR008,SENIOR CITIZEN SAVINGS,ACTIVE,3.5,2026-01-16,,2026-06-01 09:00:00
ACC000471,CUST000364,BR004,SALARY SAVINGS,ACTIVE,2.75,2023-10-26,,2026-06-01 09:00:00
ACC000472,CUST002285,BR004,SENIOR CITIZEN SAVINGS,ACTIVE,3.0,2024-07-16,,2026-06-01 09:00:00
ACC000473,CUST001078,BR007,SALARY SAVINGS,ACTIVE,3.0,2026-01-10,,2026-06-01 09:00:00
ACC000474,CUST002173,BR003,SALARY SAVINGS,ACTIVE,3.5,2024-11-26,,2026-06-01 09:00:00
ACC000475,CUST002737,BR008,SALARY SAVINGS,ACTIVE,4.0,2024-10-27,,2026-06-01 09:00:00
ACC000476,CUST002449,BR006,REGULAR SAVINGS,ACTIVE,4.0,2025-03-28,,2026-06-01 09:00:00
ACC000477,CUST000461,BR005,SALARY SAVINGS,CLOSED,4.0,2023-12-28,2024-07-14,2026-06-01 09:00:00
ACC000478,CUST001014,BR007,SALARY SAVINGS,ACTIVE,2.75,2025-10-29,,2026-06-01 09:00:00
ACC000479,CUST002706,BR002,SENIOR CITIZEN SAVINGS,ACTIVE,3.5,2023-12-19,,2026-06-01 09:00:00
ACC000480,CUST000525,BR008,SENIOR CITIZEN SAVINGS,ACTIVE,4.0,2025-01-04,,2026-06-01 09:00:00
ACC000481,CUST000962,BR001,REGULAR SAVINGS,ACTIVE,3.5,2023-11-14,,2026-06-01 09:00:00
ACC000482,CUST001676,BR001,SALARY SAVINGS,ACTIVE,3.5,2024-09-14,,2026-06-01 09:00:00
ACC000483,CUST001685,BR007,SALARY SAVINGS,ACTIVE,4.0,2024-12-12,,2026-06-01 09:00:00
ACC000484,CUST000224,BR005,SALARY SAVINGS,ACTIVE,4.0,2024-07-11,,2026-06-01 09:00:00
ACC000485,CUST002607,BR001,REGULAR SAVINGS,ACTIVE,3.5,2026-05-18,,2026-06-01 09:00:00
ACC000486,CUST002345,BR003,REGULAR SAVINGS,ACTIVE,3.0,2023-11-21,,2026-06-01 09:00:00
ACC000487,CUST002513,BR006,REGULAR SAVINGS,ACTIVE,3.0,2024-07-09,,2026-06-01 09:00:00
ACC000488,CUST002959,BR001,SENIOR CITIZEN SAVINGS,ACTIVE,4.0,2025-01-04,,2026-06-01 09:00:00
ACC000489,CUST001366,BR006,SENIOR CITIZEN SAVINGS,ACTIVE,2.75,2024-07-26,,2026-06-01 09:00:00
ACC000490,CUST000863,BR006,SENIOR CITIZEN SAVINGS,CLOSED,3.0,2024-11-25,2024-12-18,2026-06-01 09:00:00
ACC000491,CUST001621,BR004,SALARY SAVINGS,ACTIVE,3.5,2023-12-03,,2026-06-01 09:00:00
ACC000492,CUST001358,BR007,REGULAR SAVINGS,ACTIVE,3.0,2024-04-28,,2026-06-01 09:00:00
ACC000493,CUST000056,BR001,SENIOR CITIZEN SAVINGS,ACTIVE,2.75,2025-07-01,,2026-06-01 09:00:00
ACC000494,CUST000420,BR007,SALARY SAVINGS,ACTIVE,4.0,2023-09-11,,2026-06-01 09:00:00
ACC000495,CUST001235,BR001,SENIOR CITIZEN SAVINGS,ACTIVE,3.0,2025-10-20,,2026-06-01 09:00:00
ACC000496,CUST001013,BR001,SALARY SAVINGS,ACTIVE,3.5,2025-12-29,,2026-06-01 09:00:00
ACC000497,CUST002685,BR007,SALARY SAVINGS,ACTIVE,3.0,2024-09-27,,2026-06-01 09:00:00
ACC000498,CUST000348,BR002,SENIOR CITIZEN SAVINGS,ACTIVE,2.75,2025-06-26,,2026-06-01 09:00:00
ACC000499,CUST001702,BR001,SENIOR CITIZEN SAVINGS,ACTIVE,2.75,2025-06-30,,2026-06-01 09:00:00
ACC000500,CUST002478,BR003,SALARY SAVINGS,ACTIVE,2.75,2025-04-01,,2026-06-01 09:00:00
ACC000501,CUST000796,BR005,SENIOR CITIZEN SAVINGS,ACTIVE,3.5,2025-07-14,,2026-06-01 09:00:00
ACC000502,CUST000096,BR005,REGULAR SAVINGS,ACTIVE,3.5,2023-12-28,,2026-06-01 09:00:00
ACC000503,CUST001083,BR008,REGULAR SAVINGS,ACTIVE,4.0,2025-10-22,,2026-06-01 09:00:00
ACC000504,CUST000911,BR007,SENIOR CITIZEN SAVINGS,ACTIVE,3.5,2024-05-29,,2026-06-01 09:00:00
ACC000505,CUST002185,BR004,SALARY SAVINGS,ACTIVE,4.0,2024-06-04,,2026-06-01 09:00:00
ACC000506,CUST002981,BR007,SENIOR CITIZEN SAVINGS,ACTIVE,3.5,2026-03-23,,2026-06-01 09:00:00
ACC000507,CUST000444,BR008,REGULAR SAVINGS,ACTIVE,3.0,2025-09-03,,2026-06-01 09:00:00
ACC000508,CUST001628,BR004,SENIOR CITIZEN SAVINGS,ACTIVE,4.0,2024-04-08,,2026-06-01 09:00:00
ACC000509,CUST000447,BR005,SENIOR CITIZEN SAVINGS,ACTIVE,3.5,2024-05-07,,2026-06-01 09:00:00
ACC000510,CUST000343,BR002,SALARY SAVINGS,ACTIVE,3.0,2026-06-05,,2026-06-01 09:00:00
ACC000511,CUST002431,BR004,SENIOR CITIZEN SAVINGS,ACTIVE,2.75,2023-09-30,,2026-06-01 09:00:00
ACC000512,CUST001940,BR004,SALARY SAVINGS,ACTIVE,2.75,2024-07-26,,2026-06-01 09:00:00
ACC000513,CUST001687,BR005,REGULAR SAVINGS,ACTIVE,3.5,2023-11-11,,2026-06-01 09:00:00
ACC000514,CUST001317,BR007,REGULAR SAVINGS,ACTIVE,2.75,2026-04-07,,2026-06-01 09:00:00
ACC000515,CUST002304,BR008,SENIOR CITIZEN SAVINGS,ACTIVE,4.0,2025-11-26,,2026-06-01 09:00:00
ACC000516,CUST000966,BR006,SENIOR CITIZEN SAVINGS,ACTIVE,4.0,2024-06-18,,2026-06-01 09:00:00
ACC000517,CUST002273,BR002,REGULAR SAVINGS,ACTIVE,2.75,2025-11-08,,2026-06-01 09:00:00
ACC000518,CUST001539,BR003,SENIOR CITIZEN SAVINGS,ACTIVE,2.75,2025-04-30,,2026-06-01 09:00:00
ACC000519,CUST000498,BR003,REGULAR SAVINGS,ACTIVE,3.0,2025-05-07,,2026-06-01 09:00:00
ACC000520,CUST000160,BR007,SENIOR CITIZEN SAVINGS,ACTIVE,4.0,2024-10-12,,2026-06-01 09:00:00
ACC000521,CUST001996,BR003,SALARY SAVINGS,ACTIVE,4.0,2024-09-27,,2026-06-01 09:00:00
ACC000522,CUST000482,BR007,SENIOR CITIZEN SAVINGS,ACTIVE,3.5,2024-01-10,,2026-06-01 09:00:00
ACC000523,CUST001111,BR006,REGULAR SAVINGS,ACTIVE,3.5,2024-05-03,,2026-06-01 09:00:00
ACC000524,CUST000580,BR005,SENIOR CITIZEN SAVINGS,ACTIVE,3.0,2024-04-11,,2026-06-01 09:00:00
ACC000525,CUST001521,BR005,SALARY SAVINGS,ACTIVE,4.0,2024-03-22,,2026-06-01 09:00:00
ACC000526,CUST002950,BR003,SALARY SAVINGS,ACTIVE,3.0,2023-12-24,,2026-06-01 09:00:00
ACC000527,CUST000041,BR006,SALARY SAVINGS,ACTIVE,4.0,2024-01-29,,2026-06-01 09:00:00
ACC000528,CUST000275,BR001,REGULAR SAVINGS,ACTIVE,3.5,2024-10-22,,2026-06-01 09:00:00
ACC000529,CUST002843,BR002,REGULAR SAVINGS,ACTIVE,4.0,2024-02-22,,2026-06-01 09:00:00
ACC000530,CUST002560,BR008,SENIOR CITIZEN SAVINGS,ACTIVE,3.0,2026-02-16,,2026-06-01 09:00:00
ACC000531,CUST002291,BR004,REGULAR SAVINGS,ACTIVE,3.5,2025-06-03,,2026-06-01 09:00:00
ACC000532,CUST001125,BR005,SALARY SAVINGS,ACTIVE,4.0,2024-05-29,,2026-06-01 09:00:00
ACC000533,CUST001505,BR007,SENIOR CITIZEN SAVINGS,ACTIVE,3.5,2026-03-02,,2026-06-01 09:00:00
ACC000534,CUST002701,BR004,REGULAR SAVINGS,ACTIVE,2.75,2025-09-09,,2026-06-01 09:00:00
ACC000535,CUST002993,BR004,SENIOR CITIZEN SAVINGS,ACTIVE,3.5,2024-07-05,,2026-06-01 09:00:00
ACC000536,CUST000420,BR003,SENIOR CITIZEN SAVINGS,ACTIVE,4.0,2025-08-23,,2026-06-01 09:00:00
ACC000537,CUST002478,BR005,REGULAR SAVINGS,ACTIVE,4.0,2024-09-04,,2026-06-01 09:00:00
ACC000538,CUST000950,BR004,SENIOR CITIZEN SAVINGS,DORMANT,2.75,2024-11-10,,2026-06-01 09:00:00
ACC000539,CUST000601,BR003,REGULAR SAVINGS,ACTIVE,3.0,2025-07-11,,2026-06-01 09:00:00
ACC000540,CUST001325,BR002,SALARY SAVINGS,ACTIVE,2.75,2023-12-30,,2026-06-01 09:00:00
ACC000541,CUST001743,BR008,REGULAR SAVINGS,ACTIVE,3.5,2025-05-06,,2026-06-01 09:00:00
ACC000542,CUST000987,BR007,SENIOR CITIZEN SAVINGS,ACTIVE,4.0,2024-12-14,,2026-06-01 09:00:00
ACC000543,CUST001944,BR006,SALARY SAVINGS,ACTIVE,3.5,2025-11-15,,2026-06-01 09:00:00
ACC000544,CUST002174,BR002,SENIOR CITIZEN SAVINGS,CLOSED,3.0,2025-05-14,2025-11-16,2026-06-01 09:00:00
ACC000545,CUST001138,BR003,SALARY SAVINGS,ACTIVE,4.0,2025-07-16,,2026-06-01 09:00:00
ACC000546,CUST002848,BR005,SALARY SAVINGS,ACTIVE,2.75,2026-04-10,,2026-06-01 09:00:00
ACC000547,CUST002671,BR006,SALARY SAVINGS,ACTIVE,3.0,2024-10-27,,2026-06-01 09:00:00
ACC000548,CUST001910,BR006,SENIOR CITIZEN SAVINGS,ACTIVE,4.0,2024-04-03,,2026-06-01 09:00:00
ACC000549,CUST000783,BR007,SENIOR CITIZEN SAVINGS,ACTIVE,3.5,2026-01-27,,2026-06-01 09:00:00
ACC000550,CUST000044,BR004,REGULAR SAVINGS,ACTIVE,4.0,2025-04-06,,2026-06-01 09:00:00
ACC000551,CUST000023,BR005,SALARY SAVINGS,ACTIVE,3.5,2024-10-24,,2026-06-01 09:00:00
ACC000552,CUST001040,BR001,SALARY SAVINGS,ACTIVE,3.5,2024-12-08,,2026-06-01 09:00:00
ACC000553,CUST002629,BR008,SENIOR CITIZEN SAVINGS,ACTIVE,4.0,2024-07-03,,2026-06-01 09:00:00
ACC000554,CUST002885,BR005,SENIOR CITIZEN SAVINGS,ACTIVE,3.5,2024-05-06,,2026-06-01 09:00:00
ACC000555,CUST000125,BR008,SALARY SAVINGS,ACTIVE,4.0,2024-11-28,,2026-06-01 09:00:00
ACC000556,CUST002653,BR002,SENIOR CITIZEN SAVINGS,ACTIVE,2.75,2025-08-27,,2026-06-01 09:00:00
ACC000557,CUST002922,BR003,REGULAR SAVINGS,DORMANT,3.0,2025-01-21,,2026-06-01 09:00:00
ACC000558,CUST000340,BR007,SENIOR CITIZEN SAVINGS,ACTIVE,2.75,2023-10-16,,2026-06-01 09:00:00
ACC000559,CUST002911,BR001,SENIOR CITIZEN SAVINGS,ACTIVE,3.5,2026-01-09,,2026-06-01 09:00:00
ACC000560,CUST001137,BR004,SENIOR CITIZEN SAVINGS,ACTIVE,2.75,2025-04-17,,2026-06-01 09:00:00
ACC000561,CUST001297,BR003,SENIOR CITIZEN SAVINGS,ACTIVE,3.5,2024-07-26,,2026-06-01 09:00:00
ACC000562,CUST001652,BR007,SENIOR CITIZEN SAVINGS,ACTIVE,2.75,2025-08-21,,2026-06-01 09:00:00
ACC000563,CUST000605,BR005,REGULAR SAVINGS,ACTIVE,2.75,2024-01-20,,2026-06-01 09:00:00
ACC000564,CUST001129,BR004,SENIOR CITIZEN SAVINGS,ACTIVE,4.0,2023-10-19,,2026-06-01 09:00:00
ACC000565,CUST000014,BR005,REGULAR SAVINGS,ACTIVE,3.5,2024-08-03,,2026-06-01 09:00:00
ACC000566,CUST001399,BR008,SALARY SAVINGS,ACTIVE,2.75,2023-09-07,,2026-06-01 09:00:00
ACC000567,CUST000362,BR002,REGULAR SAVINGS,ACTIVE,2.75,2025-11-09,,2026-06-01 09:00:00
ACC000568,CUST000761,BR006,REGULAR SAVINGS,ACTIVE,2.75,2025-11-01,,2026-06-01 09:00:00
ACC000569,CUST000891,BR006,SENIOR CITIZEN SAVINGS,ACTIVE,4.0,2024-09-20,,2026-06-01 09:00:00
ACC000570,CUST001011,BR005,SENIOR CITIZEN SAVINGS,ACTIVE,3.0,2025-02-20,,2026-06-01 09:00:00
ACC000571,CUST000544,BR005,SALARY SAVINGS,ACTIVE,2.75,2024-03-15,,2026-06-01 09:00:00
ACC000572,CUST000730,BR005,SALARY SAVINGS,ACTIVE,3.0,2026-02-20,,2026-06-01 09:00:00
ACC000573,CUST000926,BR004,REGULAR SAVINGS,DORMANT,3.5,2025-07-13,,2026-06-01 09:00:00
ACC000574,CUST001209,BR005,SALARY SAVINGS,ACTIVE,4.0,2024-12-09,,2026-06-01 09:00:00
ACC000575,CUST001455,BR006,SENIOR CITIZEN SAVINGS,ACTIVE,3.5,2026-03-06,,2026-06-01 09:00:00
ACC000576,CUST001842,BR003,SENIOR CITIZEN SAVINGS,DORMANT,2.75,2024-03-23,,2026-06-01 09:00:00
ACC000577,CUST001580,BR003,SALARY SAVINGS,CLOSED,3.0,2023-10-20,2025-03-06,2026-06-01 09:00:00
ACC000578,CUST001421,BR005,SENIOR CITIZEN SAVINGS,ACTIVE,3.0,2024-03-03,,2026-06-01 09:00:00
ACC000579,CUST002260,BR005,REGULAR SAVINGS,ACTIVE,2.75,2023-12-13,,2026-06-01 09:00:00
ACC000580,CUST001058,BR004,REGULAR SAVINGS,ACTIVE,4.0,2026-05-23,,2026-06-01 09:00:00
ACC000581,CUST002118,BR003,SENIOR CITIZEN SAVINGS,ACTIVE,4.0,2024-06-01,,2026-06-01 09:00:00
ACC000582,CUST001323,BR006,REGULAR SAVINGS,ACTIVE,4.0,2025-01-23,,2026-06-01 09:00:00
ACC000583,CUST001321,BR002,REGULAR SAVINGS,DORMANT,3.5,2026-05-27,,2026-06-01 09:00:00
ACC000584,CUST000651,BR007,SENIOR CITIZEN SAVINGS,ACTIVE,4.0,2026-05-11,,2026-06-01 09:00:00
ACC000585,CUST000411,BR003,SALARY SAVINGS,ACTIVE,3.5,2024-12-05,,2026-06-01 09:00:00
ACC000586,CUST002240,BR003,SENIOR CITIZEN SAVINGS,ACTIVE,2.75,2024-04-08,,2026-06-01 09:00:00
ACC000587,CUST001870,BR007,REGULAR SAVINGS,ACTIVE,4.0,2025-11-17,,2026-06-01 09:00:00
ACC000588,CUST001035,BR006,SALARY SAVINGS,ACTIVE,3.5,2026-06-16,,2026-06-01 09:00:00
ACC000589,CUST001230,BR001,SENIOR CITIZEN SAVINGS,ACTIVE,3.0,2023-12-22,,2026-06-01 09:00:00
ACC000590,CUST000442,BR007,SENIOR CITIZEN SAVINGS,ACTIVE,4.0,2025-03-01,,2026-06-01 09:00:00
ACC000591,CUST001642,BR001,SALARY SAVINGS,ACTIVE,3.0,2024-12-07,,2026-06-01 09:00:00
ACC000592,CUST002445,BR004,SALARY SAVINGS,ACTIVE,3.0,2024-08-14,,2026-06-01 09:00:00
ACC000593,CUST000221,BR002,REGULAR SAVINGS,ACTIVE,3.5,2026-01-15,,2026-06-01 09:00:00
ACC000594,CUST001418,BR008,REGULAR SAVINGS,ACTIVE,4.0,2024-12-01,,2026-06-01 09:00:00
ACC000595,CUST002698,BR003,SALARY SAVINGS,DORMANT,3.0,2026-05-22,,2026-06-01 09:00:00
ACC000596,CUST001260,BR002,REGULAR SAVINGS,ACTIVE,3.0,2025-07-07,,2026-06-01 09:00:00
ACC000597,CUST001789,BR002,SENIOR CITIZEN SAVINGS,ACTIVE,3.0,2024-07-12,,2026-06-01 09:00:00
ACC000598,CUST001533,BR001,REGULAR SAVINGS,ACTIVE,4.0,2024-03-03,,2026-06-01 09:00:00
ACC000599,CUST001929,BR007,SENIOR CITIZEN SAVINGS,DORMANT,3.0,2023-12-05,,2026-06-01 09:00:00
ACC000600,CUST001542,BR008,REGULAR SAVINGS,ACTIVE,3.0,2025-11-22,,2026-06-01 09:00:00
ACC000601,CUST001588,BR003,REGULAR SAVINGS,ACTIVE,3.5,2024-06-18,,2026-06-01 09:00:00
ACC000602,CUST001638,BR006,SENIOR CITIZEN SAVINGS,ACTIVE,3.5,2025-08-09,,2026-06-01 09:00:00
ACC000603,CUST001740,BR007,SENIOR CITIZEN SAVINGS,ACTIVE,2.75,2023-11-11,,2026-06-01 09:00:00
ACC000604,CUST002403,BR001,REGULAR SAVINGS,DORMANT,3.0,2025-12-20,,2026-06-01 09:00:00
ACC000605,CUST000964,BR006,REGULAR SAVINGS,ACTIVE,3.5,2025-06-25,,2026-06-01 09:00:00
ACC000606,CUST002501,BR007,REGULAR SAVINGS,ACTIVE,2.75,2024-05-04,,2026-06-01 09:00:00
ACC000607,CUST002048,BR004,SALARY SAVINGS,ACTIVE,2.75,2026-02-25,,2026-06-01 09:00:00
ACC000608,CUST000381,BR006,SALARY SAVINGS,ACTIVE,4.0,2024-08-03,,2026-06-01 09:00:00
ACC000609,CUST000618,BR005,SALARY SAVINGS,ACTIVE,3.5,2024-09-11,,2026-06-01 09:00:00
ACC000610,CUST000143,BR005,SALARY SAVINGS,ACTIVE,4.0,2026-01-03,,2026-06-01 09:00:00
ACC000611,CUST002795,BR002,SALARY SAVINGS,ACTIVE,4.0,2025-05-08,,2026-06-01 09:00:00
ACC000612,CUST002811,BR002,REGULAR SAVINGS,ACTIVE,4.0,2023-12-09,,2026-06-01 09:00:00
ACC000613,CUST000659,BR006,SALARY SAVINGS,ACTIVE,3.0,2024-12-16,,2026-06-01 09:00:00
ACC000614,CUST002812,BR008,SENIOR CITIZEN SAVINGS,ACTIVE,2.75,2025-08-01,,2026-06-01 09:00:00
ACC000615,CUST001646,BR007,SALARY SAVINGS,ACTIVE,2.75,2024-05-31,,2026-06-01 09:00:00
ACC000616,CUST002598,BR002,SALARY SAVINGS,ACTIVE,4.0,2023-12-05,,2026-06-01 09:00:00
ACC000617,CUST002917,BR006,REGULAR SAVINGS,ACTIVE,3.5,2024-12-01,,2026-06-01 09:00:00
ACC000618,CUST001737,BR007,SALARY SAVINGS,ACTIVE,2.75,2024-11-05,,2026-06-01 09:00:00
ACC000619,CUST002899,BR005,SENIOR CITIZEN SAVINGS,ACTIVE,3.0,2025-07-05,,2026-06-01 09:00:00
ACC000620,CUST002981,BR008,SALARY SAVINGS,ACTIVE,4.0,2025-10-09,,2026-06-01 09:00:00
ACC000621,CUST000164,BR002,REGULAR SAVINGS,ACTIVE,4.0,2025-03-20,,2026-06-01 09:00:00
ACC000622,CUST002455,BR006,SENIOR CITIZEN SAVINGS,ACTIVE,3.5,2024-02-25,,2026-06-01 09:00:00
ACC000623,CUST001214,BR001,SALARY SAVINGS,ACTIVE,3.5,2024-05-29,,2026-06-01 09:00:00
ACC000624,CUST001709,BR001,SENIOR CITIZEN SAVINGS,ACTIVE,4.0,2025-08-12,,2026-06-01 09:00:00
ACC000625,CUST000146,BR002,SENIOR CITIZEN SAVINGS,ACTIVE,3.5,2024-02-10,,2026-06-01 09:00:00
ACC000626,CUST001623,BR004,REGULAR SAVINGS,ACTIVE,3.0,2025-05-22,,2026-06-01 09:00:00
ACC000627,CUST000517,BR003,SALARY SAVINGS,ACTIVE,4.0,2025-02-14,,2026-06-01 09:00:00
ACC000628,CUST001415,BR008,SENIOR CITIZEN SAVINGS,DORMANT,3.0,2024-10-29,,2026-06-01 09:00:00
ACC000629,CUST002145,BR008,SALARY SAVINGS,ACTIVE,2.75,2023-12-26,,2026-06-01 09:00:00
ACC000630,CUST000157,BR003,SENIOR CITIZEN SAVINGS,ACTIVE,2.75,2024-01-25,,2026-06-01 09:00:00
ACC000631,CUST000323,BR006,REGULAR SAVINGS,ACTIVE,3.5,2025-07-17,,2026-06-01 09:00:00
ACC000632,CUST000754,BR005,SALARY SAVINGS,ACTIVE,2.75,2026-01-16,,2026-06-01 09:00:00
ACC000633,CUST000477,BR004,SENIOR CITIZEN SAVINGS,CLOSED,3.5,2026-01-21,2026-06-22,2026-06-01 09:00:00
ACC000634,CUST002106,BR004,SALARY SAVINGS,ACTIVE,2.75,2024-01-21,,2026-06-01 09:00:00
ACC000635,CUST000882,BR007,REGULAR SAVINGS,ACTIVE,3.5,2024-04-05,,2026-06-01 09:00:00
ACC000636,CUST001134,BR001,SENIOR CITIZEN SAVINGS,DORMANT,4.0,2025-06-16,,2026-06-01 09:00:00
ACC000637,CUST001168,BR005,REGULAR SAVINGS,ACTIVE,2.75,2025-08-24,,2026-06-01 09:00:00
ACC000638,CUST001698,BR003,SENIOR CITIZEN SAVINGS,ACTIVE,3.5,2024-10-26,,2026-06-01 09:00:00
ACC000639,CUST002601,BR006,REGULAR SAVINGS,ACTIVE,2.75,2025-02-23,,2026-06-01 09:00:00
ACC000640,CUST002905,BR006,SALARY SAVINGS,ACTIVE,3.0,2025-08-06,,2026-06-01 09:00:00
ACC000641,CUST002983,BR008,SALARY SAVINGS,ACTIVE,4.0,2025-07-02,,2026-06-01 09:00:00
ACC000642,CUST002218,BR007,REGULAR SAVINGS,DORMANT,4.0,2025-01-15,,2026-06-01 09:00:00
ACC000643,CUST001405,BR006,SALARY SAVINGS,ACTIVE,3.5,2024-02-05,,2026-06-01 09:00:00
ACC000644,CUST000622,BR008,SENIOR CITIZEN SAVINGS,ACTIVE,4.0,2025-03-29,,2026-06-01 09:00:00
ACC000645,CUST000697,BR007,SENIOR CITIZEN SAVINGS,ACTIVE,3.5,2025-03-22,,2026-06-01 09:00:00
ACC000646,CUST002341,BR002,SALARY SAVINGS,ACTIVE,4.0,2025-04-19,,2026-06-01 09:00:00
ACC000647,CUST000341,BR004,SALARY SAVINGS,ACTIVE,3.5,2024-09-23,,2026-06-01 09:00:00
ACC000648,CUST001850,BR008,SENIOR CITIZEN SAVINGS,ACTIVE,2.75,2025-05-12,,2026-06-01 09:00:00
ACC000649,CUST000683,BR006,REGULAR SAVINGS,ACTIVE,4.0,2025-11-10,,2026-06-01 09:00:00
ACC000650,CUST001163,BR008,SENIOR CITIZEN SAVINGS,ACTIVE,3.0,2026-06-19,,2026-06-01 09:00:00
ACC000651,CUST000540,BR007,REGULAR SAVINGS,ACTIVE,2.75,2026-02-04,,2026-06-01 09:00:00
ACC000652,CUST000866,BR002,REGULAR SAVINGS,ACTIVE,3.5,2025-04-29,,2026-06-01 09:00:00
ACC000653,CUST001643,BR007,SALARY SAVINGS,ACTIVE,3.5,2025-01-12,,2026-06-01 09:00:00
ACC000654,CUST002455,BR005,SENIOR CITIZEN SAVINGS,ACTIVE,3.5,2025-03-07,,2026-06-01 09:00:00
ACC000655,CUST000433,BR006,SALARY SAVINGS,ACTIVE,4.0,2025-05-22,,2026-06-01 09:00:00
ACC000656,CUST002027,BR008,SALARY SAVINGS,ACTIVE,3.5,2026-05-12,,2026-06-01 09:00:00
ACC000657,CUST000643,BR003,SENIOR CITIZEN SAVINGS,ACTIVE,4.0,2024-04-28,,2026-06-01 09:00:00
ACC000658,CUST001369,BR008,REGULAR SAVINGS,ACTIVE,3.0,2024-05-14,,2026-06-01 09:00:00
ACC000659,CUST001571,BR007,SENIOR CITIZEN SAVINGS,ACTIVE,4.0,2024-01-23,,2026-06-01 09:00:00
ACC000660,CUST000119,BR004,SENIOR CITIZEN SAVINGS,ACTIVE,3.0,2025-02-02,,2026-06-01 09:00:00
ACC000661,CUST000330,BR007,REGULAR SAVINGS,ACTIVE,2.75,2025-10-24,,2026-06-01 09:00:00
ACC000662,CUST000682,BR008,REGULAR SAVINGS,CLOSED,2.75,2026-01-24,2026-05-27,2026-06-01 09:00:00
ACC000663,CUST002464,BR007,REGULAR SAVINGS,DORMANT,3.0,2025-07-17,,2026-06-01 09:00:00
ACC000664,CUST001876,BR006,SENIOR CITIZEN SAVINGS,ACTIVE,3.0,2025-05-20,,2026-06-01 09:00:00
ACC000665,CUST000819,BR006,REGULAR SAVINGS,ACTIVE,3.0,2024-08-31,,2026-06-01 09:00:00
ACC000666,CUST000848,BR008,SENIOR CITIZEN SAVINGS,ACTIVE,4.0,2024-11-16,,2026-06-01 09:00:00
ACC000667,CUST001818,BR004,SENIOR CITIZEN SAVINGS,CLOSED,3.0,2025-04-23,2026-03-26,2026-06-01 09:00:00
ACC000668,CUST002628,BR002,REGULAR SAVINGS,DORMANT,3.5,2025-01-06,,2026-06-01 09:00:00
ACC000669,CUST001003,BR008,REGULAR SAVINGS,ACTIVE,2.75,2024-08-12,,2026-06-01 09:00:00
ACC000670,CUST002794,BR007,REGULAR SAVINGS,DORMANT,4.0,2024-06-07,,2026-06-01 09:00:00
ACC000671,CUST001709,BR005,SENIOR CITIZEN SAVINGS,ACTIVE,2.75,2025-01-20,,2026-06-01 09:00:00
ACC000672,CUST002651,BR001,SENIOR CITIZEN SAVINGS,ACTIVE,4.0,2024-05-16,,2026-06-01 09:00:00
ACC000673,CUST000245,BR005,SENIOR CITIZEN SAVINGS,ACTIVE,4.0,2026-01-19,,2026-06-01 09:00:00
ACC000674,CUST000164,BR006,SENIOR CITIZEN SAVINGS,ACTIVE,4.0,2024-07-15,,2026-06-01 09:00:00
ACC000675,CUST002578,BR008,REGULAR SAVINGS,ACTIVE,4.0,2024-09-08,,2026-06-01 09:00:00
ACC000676,CUST000598,BR005,SALARY SAVINGS,ACTIVE,2.75,2025-07-27,,2026-06-01 09:00:00
ACC000677,CUST001692,BR006,SALARY SAVINGS,DORMANT,3.0,2026-01-04,,2026-06-01 09:00:00
ACC000678,CUST000861,BR005,SENIOR CITIZEN SAVINGS,ACTIVE,2.75,2023-12-27,,2026-06-01 09:00:00
ACC000679,CUST000304,BR008,SALARY SAVINGS,ACTIVE,4.0,2024-04-22,,2026-06-01 09:00:00
ACC000680,CUST001403,BR005,SALARY SAVINGS,ACTIVE,4.0,2025-07-13,,2026-06-01 09:00:00
ACC000681,CUST002866,BR005,REGULAR SAVINGS,ACTIVE,3.5,2024-11-18,,2026-06-01 09:00:00
ACC000682,CUST000607,BR005,SALARY SAVINGS,ACTIVE,2.75,2024-10-23,,2026-06-01 09:00:00
ACC000683,CUST002309,BR006,SENIOR CITIZEN SAVINGS,ACTIVE,3.5,2024-02-03,,2026-06-01 09:00:00
ACC000684,CUST000649,BR005,SENIOR CITIZEN SAVINGS,ACTIVE,4.0,2024-11-09,,2026-06-01 09:00:00
ACC000685,CUST001208,BR003,SALARY SAVINGS,ACTIVE,3.0,2024-11-22,,2026-06-01 09:00:00
ACC000686,CUST001574,BR005,REGULAR SAVINGS,ACTIVE,3.0,2026-04-23,,2026-06-01 09:00:00
ACC000687,CUST002389,BR005,SALARY SAVINGS,ACTIVE,3.0,2023-09-07,,2026-06-01 09:00:00
ACC000688,CUST001492,BR007,REGULAR SAVINGS,ACTIVE,4.0,2025-01-20,,2026-06-01 09:00:00
ACC000689,CUST001410,BR003,SALARY SAVINGS,ACTIVE,3.5,2025-09-01,,2026-06-01 09:00:00
ACC000690,CUST001988,BR003,SALARY SAVINGS,ACTIVE,4.0,2024-07-20,,2026-06-01 09:00:00
ACC000691,CUST000059,BR002,REGULAR SAVINGS,ACTIVE,3.5,2024-11-13,,2026-06-01 09:00:00
ACC000692,CUST000919,BR003,SENIOR CITIZEN SAVINGS,ACTIVE,3.5,2024-10-20,,2026-06-01 09:00:00
ACC000693,CUST000490,BR004,SENIOR CITIZEN SAVINGS,ACTIVE,3.5,2025-11-23,,2026-06-01 09:00:00
ACC000694,CUST002616,BR001,SALARY SAVINGS,ACTIVE,3.0,2025-12-07,,2026-06-01 09:00:00
ACC000695,CUST002721,BR001,SALARY SAVINGS,ACTIVE,4.0,2023-10-27,,2026-06-01 09:00:00
ACC000696,CUST002079,BR002,SENIOR CITIZEN SAVINGS,ACTIVE,3.5,2026-02-01,,2026-06-01 09:00:00
ACC000697,CUST002203,BR002,SENIOR CITIZEN SAVINGS,ACTIVE,2.75,2026-02-15,,2026-06-01 09:00:00
ACC000698,CUST001016,BR004,REGULAR SAVINGS,ACTIVE,3.5,2024-06-12,,2026-06-01 09:00:00
ACC000699,CUST002826,BR004,SALARY SAVINGS,ACTIVE,3.0,2025-05-13,,2026-06-01 09:00:00
ACC000700,CUST000727,BR001,REGULAR SAVINGS,ACTIVE,3.5,2024-09-16,,2026-06-01 09:00:00
ACC000701,CUST000779,BR002,REGULAR SAVINGS,ACTIVE,3.0,2024-09-29,,2026-06-01 09:00:00
ACC000702,CUST000851,BR004,SENIOR CITIZEN SAVINGS,ACTIVE,3.0,2026-05-10,,2026-06-01 09:00:00
ACC000703,CUST001955,BR008,REGULAR SAVINGS,ACTIVE,2.75,2024-10-29,,2026-06-01 09:00:00
ACC000704,CUST001307,BR002,SALARY SAVINGS,ACTIVE,3.0,2024-03-28,,2026-06-01 09:00:00
ACC000705,CUST000342,BR008,SENIOR CITIZEN SAVINGS,ACTIVE,3.0,2026-03-15,,2026-06-01 09:00:00
ACC000706,CUST000881,BR008,SENIOR CITIZEN SAVINGS,ACTIVE,3.5,2026-03-17,,2026-06-01 09:00:00
ACC000707,CUST001761,BR002,REGULAR SAVINGS,ACTIVE,4.0,2025-03-25,,2026-06-01 09:00:00
ACC000708,CUST002413,BR008,SALARY SAVINGS,ACTIVE,2.75,2024-12-16,,2026-06-01 09:00:00
ACC000709,CUST002464,BR005,SALARY SAVINGS,ACTIVE,4.0,2025-04-30,,2026-06-01 09:00:00
ACC000710,CUST002078,BR008,SALARY SAVINGS,CLOSED,3.5,2023-08-23,2024-12-16,2026-06-01 09:00:00
ACC000711,CUST001083,BR004,SENIOR CITIZEN SAVINGS,ACTIVE,3.5,2023-08-23,,2026-06-01 09:00:00
ACC000712,CUST002061,BR005,REGULAR SAVINGS,ACTIVE,4.0,2023-08-19,,2026-06-01 09:00:00
ACC000713,CUST001998,BR001,SENIOR CITIZEN SAVINGS,DORMANT,3.5,2024-10-03,,2026-06-01 09:00:00
ACC000714,CUST001928,BR008,SALARY SAVINGS,ACTIVE,3.0,2024-10-24,,2026-06-01 09:00:00
ACC000715,CUST002757,BR005,SALARY SAVINGS,DORMANT,2.75,2025-09-02,,2026-06-01 09:00:00
ACC000716,CUST001403,BR003,REGULAR SAVINGS,ACTIVE,3.0,2026-01-08,,2026-06-01 09:00:00
ACC000717,CUST000874,BR005,SENIOR CITIZEN SAVINGS,ACTIVE,3.5,2025-10-24,,2026-06-01 09:00:00
ACC000718,CUST001933,BR002,REGULAR SAVINGS,DORMANT,3.5,2025-08-06,,2026-06-01 09:00:00
ACC000719,CUST002339,BR003,SALARY SAVINGS,ACTIVE,3.5,2025-07-25,,2026-06-01 09:00:00
ACC000720,CUST000704,BR003,SENIOR CITIZEN SAVINGS,ACTIVE,3.0,2024-01-04,,2026-06-01 09:00:00
ACC000721,CUST001941,BR007,SALARY SAVINGS,ACTIVE,3.5,2026-04-01,,2026-06-01 09:00:00
ACC000722,CUST001934,BR005,SALARY SAVINGS,ACTIVE,3.5,2025-09-17,,2026-06-01 09:00:00
ACC000723,CUST002977,BR006,SALARY SAVINGS,ACTIVE,3.5,2025-12-27,,2026-06-01 09:00:00
ACC000724,CUST002308,BR007,SALARY SAVINGS,ACTIVE,4.0,2025-11-11,,2026-06-01 09:00:00
ACC000725,CUST000227,BR007,REGULAR SAVINGS,ACTIVE,3.5,2025-12-04,,2026-06-01 09:00:00
ACC000726,CUST001872,BR005,REGULAR SAVINGS,ACTIVE,2.75,2025-01-02,,2026-06-01 09:00:00
ACC000727,CUST000855,BR005,REGULAR SAVINGS,ACTIVE,3.5,2024-03-08,,2026-06-01 09:00:00
ACC000728,CUST001319,BR007,SENIOR CITIZEN SAVINGS,ACTIVE,4.0,2026-02-16,,2026-06-01 09:00:00
ACC000729,CUST000817,BR004,REGULAR SAVINGS,DORMANT,4.0,2024-07-26,,2026-06-01 09:00:00
ACC000730,CUST000305,BR004,SALARY SAVINGS,ACTIVE,3.0,2023-08-22,,2026-06-01 09:00:00
ACC000731,CUST002955,BR008,SALARY SAVINGS,ACTIVE,2.75,2024-05-22,,2026-06-01 09:00:00
ACC000732,CUST002818,BR008,SENIOR CITIZEN SAVINGS,ACTIVE,3.0,2023-09-14,,2026-06-01 09:00:00
ACC000733,CUST002401,BR007,SENIOR CITIZEN SAVINGS,ACTIVE,2.75,2025-09-04,,2026-06-01 09:00:00
ACC000734,CUST001404,BR005,SALARY SAVINGS,ACTIVE,3.5,2025-03-24,,2026-06-01 09:00:00
ACC000735,CUST000455,BR008,REGULAR SAVINGS,DORMANT,3.0,2023-10-24,,2026-06-01 09:00:00
ACC000736,CUST001330,BR007,SENIOR CITIZEN SAVINGS,DORMANT,3.0,2025-06-18,,2026-06-01 09:00:00
ACC000737,CUST001225,BR004,SALARY SAVINGS,ACTIVE,2.75,2025-09-08,,2026-06-01 09:00:00
ACC000738,CUST002346,BR005,REGULAR SAVINGS,ACTIVE,3.5,2025-12-21,,2026-06-01 09:00:00
ACC000739,CUST000279,BR006,SALARY SAVINGS,DORMANT,3.5,2025-09-22,,2026-06-01 09:00:00
ACC000740,CUST000880,BR003,SALARY SAVINGS,ACTIVE,3.5,2026-02-23,,2026-06-01 09:00:00
ACC000741,CUST001484,BR006,SENIOR CITIZEN SAVINGS,ACTIVE,3.0,2024-10-04,,2026-06-01 09:00:00
ACC000742,CUST001061,BR005,SENIOR CITIZEN SAVINGS,ACTIVE,2.75,2025-03-23,,2026-06-01 09:00:00
ACC000743,CUST001683,BR007,REGULAR SAVINGS,ACTIVE,4.0,2024-07-13,,2026-06-01 09:00:00
ACC000744,CUST002165,BR001,SALARY SAVINGS,ACTIVE,3.5,2026-06-15,,2026-06-01 09:00:00
ACC000745,CUST000132,BR006,SALARY SAVINGS,ACTIVE,4.0,2025-05-11,,2026-06-01 09:00:00
ACC000746,CUST002599,BR002,SENIOR CITIZEN SAVINGS,ACTIVE,2.75,2025-08-17,,2026-06-01 09:00:00
ACC000747,CUST000461,BR003,SALARY SAVINGS,ACTIVE,2.75,2023-09-11,,2026-06-01 09:00:00
ACC000748,CUST002499,BR004,SALARY SAVINGS,ACTIVE,2.75,2024-02-02,,2026-06-01 09:00:00
ACC000749,CUST001135,BR008,SENIOR CITIZEN SAVINGS,DORMANT,4.0,2025-08-25,,2026-06-01 09:00:00
ACC000750,CUST000624,BR006,SENIOR CITIZEN SAVINGS,ACTIVE,2.75,2026-01-14,,2026-06-01 09:00:00
ACC000751,CUST001392,BR008,SALARY SAVINGS,DORMANT,4.0,2024-05-19,,2026-06-01 09:00:00
ACC000752,CUST002355,BR005,SALARY SAVINGS,ACTIVE,2.75,2023-09-17,,2026-06-01 09:00:00
ACC000753,CUST000078,BR001,REGULAR SAVINGS,ACTIVE,3.0,2025-04-21,,2026-06-01 09:00:00
ACC000754,CUST001061,BR004,SENIOR CITIZEN SAVINGS,ACTIVE,3.5,2024-07-09,,2026-06-01 09:00:00
ACC000755,CUST002726,BR004,SENIOR CITIZEN SAVINGS,DORMANT,3.5,2025-11-17,,2026-06-01 09:00:00
ACC000756,CUST002363,BR003,REGULAR SAVINGS,ACTIVE,3.0,2023-12-04,,2026-06-01 09:00:00
ACC000757,CUST001264,BR003,SENIOR CITIZEN SAVINGS,ACTIVE,2.75,2025-01-07,,2026-06-01 09:00:00
ACC000758,CUST000162,BR003,SALARY SAVINGS,CLOSED,3.5,2024-03-07,2024-09-16,2026-06-01 09:00:00
ACC000759,CUST001292,BR004,REGULAR SAVINGS,ACTIVE,3.0,2025-05-02,,2026-06-01 09:00:00
ACC000760,CUST001738,BR005,REGULAR SAVINGS,DORMANT,3.0,2025-04-16,,2026-06-01 09:00:00
ACC000761,CUST001456,BR001,SALARY SAVINGS,DORMANT,3.0,2024-12-03,,2026-06-01 09:00:00
ACC000762,CUST000505,BR007,SENIOR CITIZEN SAVINGS,ACTIVE,2.75,2026-01-04,,2026-06-01 09:00:00
ACC000763,CUST000855,BR007,SALARY SAVINGS,ACTIVE,2.75,2024-06-16,,2026-06-01 09:00:00
ACC000764,CUST000814,BR004,REGULAR SAVINGS,ACTIVE,4.0,2025-12-17,,2026-06-01 09:00:00
ACC000765,CUST000381,BR003,REGULAR SAVINGS,ACTIVE,2.75,2024-03-07,,2026-06-01 09:00:00
ACC000766,CUST000493,BR008,SALARY SAVINGS,ACTIVE,3.5,2024-10-14,,2026-06-01 09:00:00
ACC000767,CUST001701,BR004,SENIOR CITIZEN SAVINGS,CLOSED,3.0,2026-05-04,2026-05-23,2026-06-01 09:00:00
ACC000768,CUST001474,BR008,SALARY SAVINGS,ACTIVE,3.5,2024-12-18,,2026-06-01 09:00:00
ACC000769,CUST000067,BR001,SALARY SAVINGS,ACTIVE,4.0,2024-03-27,,2026-06-01 09:00:00
ACC000770,CUST000410,BR006,REGULAR SAVINGS,DORMANT,3.5,2023-10-30,,2026-06-01 09:00:00
ACC000771,CUST001779,BR005,REGULAR SAVINGS,CLOSED,3.0,2025-12-02,2026-01-28,2026-06-01 09:00:00
ACC000772,CUST002665,BR007,SALARY SAVINGS,ACTIVE,4.0,2025-01-22,,2026-06-01 09:00:00
ACC000773,CUST002989,BR006,REGULAR SAVINGS,ACTIVE,2.75,2025-12-01,,2026-06-01 09:00:00
ACC000774,CUST000727,BR001,REGULAR SAVINGS,ACTIVE,3.0,2025-06-15,,2026-06-01 09:00:00
ACC000775,CUST002848,BR008,REGULAR SAVINGS,ACTIVE,2.75,2025-01-10,,2026-06-01 09:00:00
ACC000776,CUST002708,BR005,REGULAR SAVINGS,ACTIVE,3.5,2026-02-17,,2026-06-01 09:00:00
ACC000777,CUST001718,BR003,REGULAR SAVINGS,DORMANT,3.0,2024-07-12,,2026-06-01 09:00:00
ACC000778,CUST002739,BR003,REGULAR SAVINGS,DORMANT,3.5,2024-11-03,,2026-06-01 09:00:00
ACC000779,CUST000666,BR001,SALARY SAVINGS,ACTIVE,4.0,2025-11-26,,2026-06-01 09:00:00
ACC000780,CUST002562,BR006,REGULAR SAVINGS,ACTIVE,3.5,2025-12-10,,2026-06-01 09:00:00
ACC000781,CUST000106,BR006,REGULAR SAVINGS,DORMANT,2.75,2024-08-13,,2026-06-01 09:00:00
ACC000782,CUST000592,BR007,SENIOR CITIZEN SAVINGS,ACTIVE,2.75,2025-07-02,,2026-06-01 09:00:00
ACC000783,CUST002960,BR003,SALARY SAVINGS,ACTIVE,3.0,2024-10-12,,2026-06-01 09:00:00
ACC000784,CUST000913,BR002,REGULAR SAVINGS,CLOSED,4.0,2024-05-03,2026-06-17,2026-06-01 09:00:00
ACC000785,CUST001949,BR008,SENIOR CITIZEN SAVINGS,DORMANT,4.0,2025-07-23,,2026-06-01 09:00:00
ACC000786,CUST001804,BR003,SALARY SAVINGS,ACTIVE,2.75,2026-03-30,,2026-06-01 09:00:00
ACC000787,CUST001053,BR003,SALARY SAVINGS,ACTIVE,3.5,2025-11-07,,2026-06-01 09:00:00
ACC000788,CUST002514,BR002,SENIOR CITIZEN SAVINGS,ACTIVE,4.0,2025-04-23,,2026-06-01 09:00:00
ACC000789,CUST000804,BR003,REGULAR SAVINGS,ACTIVE,3.0,2025-09-17,,2026-06-01 09:00:00
ACC000790,CUST000924,BR002,SALARY SAVINGS,ACTIVE,2.75,2024-01-08,,2026-06-01 09:00:00
ACC000791,CUST002520,BR002,REGULAR SAVINGS,ACTIVE,3.0,2024-06-28,,2026-06-01 09:00:00
ACC000792,CUST002991,BR005,SALARY SAVINGS,ACTIVE,3.5,2023-11-30,,2026-06-01 09:00:00
ACC000793,CUST002738,BR005,SALARY SAVINGS,ACTIVE,3.0,2024-12-07,,2026-06-01 09:00:00
ACC000794,CUST002709,BR003,SALARY SAVINGS,ACTIVE,2.75,2025-10-19,,2026-06-01 09:00:00
ACC000795,CUST002589,BR001,REGULAR SAVINGS,CLOSED,3.0,2025-05-05,2026-07-28,2026-06-01 09:00:00
ACC000796,CUST000586,BR001,SALARY SAVINGS,ACTIVE,3.0,2023-12-20,,2026-06-01 09:00:00
ACC000797,CUST000048,BR008,REGULAR SAVINGS,DORMANT,4.0,2025-02-13,,2026-06-01 09:00:00
ACC000798,CUST002576,BR007,SALARY SAVINGS,CLOSED,4.0,2025-08-24,2026-07-01,2026-06-01 09:00:00
ACC000799,CUST002545,BR005,SALARY SAVINGS,ACTIVE,4.0,2024-07-28,,2026-06-01 09:00:00
ACC000800,CUST002685,BR006,REGULAR SAVINGS,CLOSED,3.5,2025-03-17,2025-06-13,2026-06-01 09:00:00
ACC000801,CUST001046,BR006,SALARY SAVINGS,ACTIVE,4.0,2025-09-30,,2026-06-01 09:00:00
ACC000802,CUST002717,BR002,SALARY SAVINGS,ACTIVE,3.5,2024-03-31,,2026-06-01 09:00:00
ACC000803,CUST000259,BR006,SENIOR CITIZEN SAVINGS,ACTIVE,4.0,2026-04-14,,2026-06-01 09:00:00
ACC000804,CUST000518,BR002,REGULAR SAVINGS,CLOSED,3.0,2024-07-05,2025-10-01,2026-06-01 09:00:00
ACC000805,CUST000493,BR005,SALARY SAVINGS,DORMANT,3.0,2025-06-25,,2026-06-01 09:00:00
ACC000806,CUST001854,BR007,SENIOR CITIZEN SAVINGS,CLOSED,2.75,2024-07-08,2025-10-24,2026-06-01 09:00:00
ACC000807,CUST000748,BR007,SENIOR CITIZEN SAVINGS,ACTIVE,3.0,2026-04-06,,2026-06-01 09:00:00
ACC000808,CUST000909,BR001,SALARY SAVINGS,ACTIVE,3.0,2024-07-21,,2026-06-01 09:00:00
ACC000809,CUST002153,BR003,SALARY SAVINGS,ACTIVE,2.75,2024-03-24,,2026-06-01 09:00:00
ACC000810,CUST002210,BR004,REGULAR SAVINGS,ACTIVE,3.0,2024-12-12,,2026-06-01 09:00:00
ACC000811,CUST002787,BR003,SENIOR CITIZEN SAVINGS,ACTIVE,3.0,2025-11-09,,2026-06-01 09:00:00
ACC000812,CUST000623,BR007,SALARY SAVINGS,ACTIVE,3.0,2025-06-15,,2026-06-01 09:00:00
ACC000813,CUST001215,BR007,SALARY SAVINGS,DORMANT,4.0,2025-07-16,,2026-06-01 09:00:00
ACC000814,CUST001319,BR003,SALARY SAVINGS,ACTIVE,3.5,2025-06-19,,2026-06-01 09:00:00
ACC000815,CUST002902,BR005,SENIOR CITIZEN SAVINGS,DORMANT,3.0,2025-03-24,,2026-06-01 09:00:00
ACC000816,CUST002433,BR002,REGULAR SAVINGS,ACTIVE,2.75,2023-10-14,,2026-06-01 09:00:00
ACC000817,CUST000589,BR008,REGULAR SAVINGS,ACTIVE,3.0,2025-05-06,,2026-06-01 09:00:00
ACC000818,CUST001603,BR003,REGULAR SAVINGS,ACTIVE,4.0,2024-08-01,,2026-06-01 09:00:00
ACC000819,CUST001019,BR006,SALARY SAVINGS,ACTIVE,2.75,2023-12-20,,2026-06-01 09:00:00
ACC000820,CUST000576,BR007,SENIOR CITIZEN SAVINGS,ACTIVE,2.75,2023-10-26,,2026-06-01 09:00:00
ACC000821,CUST002754,BR003,SENIOR CITIZEN SAVINGS,ACTIVE,3.0,2024-05-09,,2026-06-01 09:00:00
ACC000822,CUST001129,BR006,SENIOR CITIZEN SAVINGS,ACTIVE,2.75,2026-03-03,,2026-06-01 09:00:00
ACC000823,CUST001275,BR002,SALARY SAVINGS,ACTIVE,4.0,2023-11-08,,2026-06-01 09:00:00
ACC000824,CUST001224,BR002,SENIOR CITIZEN SAVINGS,ACTIVE,4.0,2025-03-13,,2026-06-01 09:00:00
ACC000825,CUST001399,BR005,SALARY SAVINGS,ACTIVE,2.75,2025-09-16,,2026-06-01 09:00:00
ACC000826,CUST000463,BR008,SENIOR CITIZEN SAVINGS,ACTIVE,4.0,2026-04-03,,2026-06-01 09:00:00
ACC000827,CUST002833,BR008,REGULAR SAVINGS,ACTIVE,3.5,2025-12-09,,2026-06-01 09:00:00
ACC000828,CUST000363,BR006,SENIOR CITIZEN SAVINGS,DORMANT,3.0,2024-02-08,,2026-06-01 09:00:00
ACC000829,CUST002026,BR007,REGULAR SAVINGS,ACTIVE,4.0,2025-04-01,,2026-06-01 09:00:00
ACC000830,CUST001148,BR005,SALARY SAVINGS,ACTIVE,3.5,2023-09-05,,2026-06-01 09:00:00
ACC000831,CUST001719,BR005,REGULAR SAVINGS,ACTIVE,3.5,2026-02-26,,2026-06-01 09:00:00
ACC000832,CUST002921,BR008,REGULAR SAVINGS,ACTIVE,3.0,2025-11-09,,2026-06-01 09:00:00
ACC000833,CUST002422,BR007,SENIOR CITIZEN SAVINGS,ACTIVE,3.5,2024-11-26,,2026-06-01 09:00:00
ACC000834,CUST001999,BR007,REGULAR SAVINGS,ACTIVE,4.0,2024-03-13,,2026-06-01 09:00:00
ACC000835,CUST002419,BR002,REGULAR SAVINGS,ACTIVE,2.75,2024-03-05,,2026-06-01 09:00:00
ACC000836,CUST001478,BR007,REGULAR SAVINGS,ACTIVE,4.0,2023-12-28,,2026-06-01 09:00:00
ACC000837,CUST001423,BR008,SENIOR CITIZEN SAVINGS,ACTIVE,4.0,2024-09-11,,2026-06-01 09:00:00
ACC000838,CUST000153,BR007,REGULAR SAVINGS,ACTIVE,4.0,2025-08-04,,2026-06-01 09:00:00
ACC000839,CUST000885,BR003,SALARY SAVINGS,ACTIVE,2.75,2024-11-01,,2026-06-01 09:00:00
ACC000840,CUST000405,BR005,SENIOR CITIZEN SAVINGS,ACTIVE,4.0,2025-04-20,,2026-06-01 09:00:00
ACC000841,CUST001871,BR005,SALARY SAVINGS,ACTIVE,3.5,2025-10-21,,2026-06-01 09:00:00
ACC000842,CUST001444,BR004,REGULAR SAVINGS,ACTIVE,3.5,2025-07-29,,2026-06-01 09:00:00
ACC000843,CUST001330,BR008,REGULAR SAVINGS,ACTIVE,3.5,2025-09-02,,2026-06-01 09:00:00
ACC000844,CUST000858,BR006,REGULAR SAVINGS,ACTIVE,4.0,2025-01-27,,2026-06-01 09:00:00
ACC000845,CUST002048,BR002,SENIOR CITIZEN SAVINGS,ACTIVE,3.5,2025-06-21,,2026-06-01 09:00:00
ACC000846,CUST000933,BR006,SENIOR CITIZEN SAVINGS,ACTIVE,3.5,2024-03-13,,2026-06-01 09:00:00
ACC000847,CUST000371,BR007,SENIOR CITIZEN SAVINGS,ACTIVE,3.5,2024-12-20,,2026-06-01 09:00:00
ACC000848,CUST000763,BR007,SENIOR CITIZEN SAVINGS,ACTIVE,3.0,2023-08-23,,2026-06-01 09:00:00
ACC000849,CUST001989,BR006,SALARY SAVINGS,ACTIVE,3.5,2025-04-10,,2026-06-01 09:00:00
ACC000850,CUST000653,BR003,REGULAR SAVINGS,ACTIVE,3.5,2025-01-12,,2026-06-01 09:00:00
ACC000851,CUST002384,BR005,SENIOR CITIZEN SAVINGS,ACTIVE,3.5,2024-04-04,,2026-06-01 09:00:00
ACC000852,CUST000729,BR007,REGULAR SAVINGS,ACTIVE,2.75,2023-12-09,,2026-06-01 09:00:00
ACC000853,CUST002915,BR007,SALARY SAVINGS,ACTIVE,3.5,2026-06-15,,2026-06-01 09:00:00
ACC000854,CUST002183,BR006,SALARY SAVINGS,ACTIVE,4.0,2025-10-05,,2026-06-01 09:00:00
ACC000855,CUST000425,BR005,REGULAR SAVINGS,ACTIVE,2.75,2025-05-28,,2026-06-01 09:00:00
ACC000856,CUST001813,BR001,SENIOR CITIZEN SAVINGS,ACTIVE,3.0,2025-12-22,,2026-06-01 09:00:00
ACC000857,CUST001122,BR001,SENIOR CITIZEN SAVINGS,ACTIVE,4.0,2025-05-24,,2026-06-01 09:00:00
ACC000858,CUST000897,BR004,REGULAR SAVINGS,ACTIVE,3.0,2025-01-13,,2026-06-01 09:00:00
ACC000859,CUST000596,BR001,REGULAR SAVINGS,ACTIVE,3.5,2025-01-13,,2026-06-01 09:00:00
ACC000860,CUST002508,BR008,SENIOR CITIZEN SAVINGS,ACTIVE,4.0,2023-11-25,,2026-06-01 09:00:00
ACC000861,CUST002327,BR004,SENIOR CITIZEN SAVINGS,ACTIVE,4.0,2025-03-26,,2026-06-01 09:00:00
ACC000862,CUST002380,BR007,SENIOR CITIZEN SAVINGS,ACTIVE,4.0,2025-11-21,,2026-06-01 09:00:00
ACC000863,CUST001491,BR005,REGULAR SAVINGS,ACTIVE,4.0,2024-10-26,,2026-06-01 09:00:00
ACC000864,CUST001312,BR006,REGULAR SAVINGS,CLOSED,2.75,2024-07-04,2024-08-17,2026-06-01 09:00:00
ACC000865,CUST001318,BR004,SENIOR CITIZEN SAVINGS,ACTIVE,3.0,2024-01-24,,2026-06-01 09:00:00
ACC000866,CUST002902,BR008,SENIOR CITIZEN SAVINGS,ACTIVE,3.5,2024-10-12,,2026-06-01 09:00:00
ACC000867,CUST000934,BR006,SENIOR CITIZEN SAVINGS,ACTIVE,3.0,2024-05-04,,2026-06-01 09:00:00
ACC000868,CUST000218,BR008,SALARY SAVINGS,ACTIVE,4.0,2023-11-25,,2026-06-01 09:00:00
ACC000869,CUST000265,BR003,SENIOR CITIZEN SAVINGS,ACTIVE,2.75,2025-11-17,,2026-06-01 09:00:00
ACC000870,CUST002664,BR001,SENIOR CITIZEN SAVINGS,ACTIVE,3.5,2026-04-03,,2026-06-01 09:00:00
ACC000871,CUST000606,BR002,SENIOR CITIZEN SAVINGS,ACTIVE,3.5,2024-04-22,,2026-06-01 09:00:00
ACC000872,CUST001131,BR005,SALARY SAVINGS,ACTIVE,2.75,2023-11-20,,2026-06-01 09:00:00
ACC000873,CUST001765,BR003,SALARY SAVINGS,ACTIVE,4.0,2026-04-01,,2026-06-01 09:00:00
ACC000874,CUST001270,BR005,SENIOR CITIZEN SAVINGS,ACTIVE,3.5,2025-02-10,,2026-06-01 09:00:00
ACC000875,CUST001668,BR003,SENIOR CITIZEN SAVINGS,DORMANT,3.5,2023-10-04,,2026-06-01 09:00:00
ACC000876,CUST000217,BR006,REGULAR SAVINGS,ACTIVE,2.75,2024-05-24,,2026-06-01 09:00:00
ACC000877,CUST002515,BR002,SENIOR CITIZEN SAVINGS,ACTIVE,4.0,2026-04-06,,2026-06-01 09:00:00
ACC000878,CUST000798,BR004,REGULAR SAVINGS,ACTIVE,3.0,2025-02-19,,2026-06-01 09:00:00
ACC000879,CUST002660,BR008,REGULAR SAVINGS,ACTIVE,2.75,2024-01-11,,2026-06-01 09:00:00
ACC000880,CUST001653,BR007,SALARY SAVINGS,ACTIVE,4.0,2024-08-03,,2026-06-01 09:00:00
ACC000881,CUST000568,BR006,SALARY SAVINGS,ACTIVE,3.0,2024-09-21,,2026-06-01 09:00:00
ACC000882,CUST000727,BR007,REGULAR SAVINGS,ACTIVE,3.5,2024-10-27,,2026-06-01 09:00:00
ACC000883,CUST001068,BR007,SENIOR CITIZEN SAVINGS,ACTIVE,3.0,2024-02-26,,2026-06-01 09:00:00
ACC000884,CUST002593,BR002,REGULAR SAVINGS,ACTIVE,3.5,2025-03-01,,2026-06-01 09:00:00
ACC000885,CUST002146,BR005,REGULAR SAVINGS,DORMANT,2.75,2026-04-13,,2026-06-01 09:00:00
ACC000886,CUST002282,BR001,REGULAR SAVINGS,ACTIVE,3.5,2025-10-12,,2026-06-01 09:00:00
ACC000887,CUST002168,BR001,SALARY SAVINGS,ACTIVE,2.75,2024-06-22,,2026-06-01 09:00:00
ACC000888,CUST000114,BR006,REGULAR SAVINGS,CLOSED,2.75,2026-01-05,2026-02-07,2026-06-01 09:00:00
ACC000889,CUST002608,BR008,SALARY SAVINGS,ACTIVE,3.0,2025-11-19,,2026-06-01 09:00:00
ACC000890,CUST000398,BR003,SALARY SAVINGS,ACTIVE,3.5,2024-11-29,,2026-06-01 09:00:00
ACC000891,CUST002894,BR003,SALARY SAVINGS,ACTIVE,3.0,2026-04-25,,2026-06-01 09:00:00
ACC000892,CUST000125,BR001,SALARY SAVINGS,ACTIVE,2.75,2024-01-03,,2026-06-01 09:00:00
ACC000893,CUST001194,BR002,SENIOR CITIZEN SAVINGS,ACTIVE,3.5,2025-06-10,,2026-06-01 09:00:00
ACC000894,CUST002124,BR003,SENIOR CITIZEN SAVINGS,ACTIVE,2.75,2024-06-14,,2026-06-01 09:00:00
ACC000895,CUST000636,BR006,SENIOR CITIZEN SAVINGS,DORMANT,4.0,2026-05-11,,2026-06-01 09:00:00
ACC000896,CUST001593,BR008,REGULAR SAVINGS,ACTIVE,2.75,2024-09-13,,2026-06-01 09:00:00
ACC000897,CUST001386,BR004,SALARY SAVINGS,ACTIVE,3.5,2025-01-16,,2026-06-01 09:00:00
ACC000898,CUST000772,BR007,SALARY SAVINGS,ACTIVE,2.75,2025-12-10,,2026-06-01 09:00:00
ACC000899,CUST002702,BR002,SALARY SAVINGS,ACTIVE,2.75,2025-02-20,,2026-06-01 09:00:00
ACC000900,CUST002160,BR007,REGULAR SAVINGS,ACTIVE,3.0,2024-11-22,,2026-06-01 09:00:00
ACC000901,CUST001835,BR004,SALARY SAVINGS,DORMANT,3.5,2024-05-09,,2026-06-01 09:00:00
ACC000902,CUST001656,BR007,REGULAR SAVINGS,ACTIVE,4.0,2024-06-15,,2026-06-01 09:00:00
ACC000903,CUST002013,BR002,SENIOR CITIZEN SAVINGS,ACTIVE,3.5,2023-11-11,,2026-06-01 09:00:00
ACC000904,CUST001593,BR005,SALARY SAVINGS,CLOSED,4.0,2024-10-13,2024-10-28,2026-06-01 09:00:00
ACC000905,CUST002802,BR001,REGULAR SAVINGS,ACTIVE,2.75,2025-08-15,,2026-06-01 09:00:00
ACC000906,CUST001258,BR003,SENIOR CITIZEN SAVINGS,ACTIVE,3.5,2026-04-30,,2026-06-01 09:00:00
ACC000907,CUST000115,BR001,SALARY SAVINGS,ACTIVE,3.5,2025-12-05,,2026-06-01 09:00:00
ACC000908,CUST002203,BR001,SENIOR CITIZEN SAVINGS,ACTIVE,4.0,2024-12-27,,2026-06-01 09:00:00
ACC000909,CUST000731,BR006,REGULAR SAVINGS,DORMANT,2.75,2026-03-23,,2026-06-01 09:00:00
ACC000910,CUST001873,BR003,REGULAR SAVINGS,ACTIVE,3.0,2025-06-14,,2026-06-01 09:00:00
ACC000911,CUST002925,BR004,SENIOR CITIZEN SAVINGS,ACTIVE,4.0,2025-01-14,,2026-06-01 09:00:00
ACC000912,CUST002511,BR001,REGULAR SAVINGS,DORMANT,2.75,2024-05-10,,2026-06-01 09:00:00
ACC000913,CUST002824,BR002,REGULAR SAVINGS,ACTIVE,3.5,2024-03-04,,2026-06-01 09:00:00
ACC000914,CUST002702,BR006,REGULAR SAVINGS,CLOSED,3.0,2026-06-10,2026-07-31,2026-06-01 09:00:00
ACC000915,CUST001523,BR007,SENIOR CITIZEN SAVINGS,ACTIVE,2.75,2024-08-23,,2026-06-01 09:00:00
ACC000916,CUST001009,BR005,SENIOR CITIZEN SAVINGS,ACTIVE,4.0,2023-09-19,,2026-06-01 09:00:00
ACC000917,CUST002565,BR005,SENIOR CITIZEN SAVINGS,DORMANT,3.0,2023-09-28,,2026-06-01 09:00:00
ACC000918,CUST001117,BR007,SALARY SAVINGS,ACTIVE,2.75,2025-10-24,,2026-06-01 09:00:00
ACC000919,CUST001545,BR005,SALARY SAVINGS,ACTIVE,3.0,2025-11-15,,2026-06-01 09:00:00
ACC000920,CUST001039,BR001,SALARY SAVINGS,ACTIVE,4.0,2024-05-21,,2026-06-01 09:00:00
ACC000921,CUST000528,BR004,REGULAR SAVINGS,ACTIVE,2.75,2024-03-31,,2026-06-01 09:00:00
ACC000922,CUST000651,BR008,SALARY SAVINGS,ACTIVE,2.75,2024-08-01,,2026-06-01 09:00:00
ACC000923,CUST000686,BR005,SALARY SAVINGS,ACTIVE,4.0,2024-11-04,,2026-06-01 09:00:00
ACC000924,CUST001167,BR005,SALARY SAVINGS,ACTIVE,2.75,2023-08-21,,2026-06-01 09:00:00
ACC000925,CUST000828,BR002,SENIOR CITIZEN SAVINGS,ACTIVE,4.0,2026-02-21,,2026-06-01 09:00:00
ACC000926,CUST000147,BR008,REGULAR SAVINGS,ACTIVE,4.0,2024-08-02,,2026-06-01 09:00:00
ACC000927,CUST000156,BR007,SENIOR CITIZEN SAVINGS,ACTIVE,3.0,2025-11-09,,2026-06-01 09:00:00
ACC000928,CUST000277,BR004,SALARY SAVINGS,ACTIVE,4.0,2025-11-01,,2026-06-01 09:00:00
ACC000929,CUST000585,BR008,SENIOR CITIZEN SAVINGS,ACTIVE,2.75,2024-05-18,,2026-06-01 09:00:00
ACC000930,CUST000775,BR004,REGULAR SAVINGS,ACTIVE,3.5,2025-07-26,,2026-06-01 09:00:00
ACC000931,CUST000626,BR006,SALARY SAVINGS,DORMANT,3.5,2024-02-14,,2026-06-01 09:00:00
ACC000932,CUST001893,BR004,REGULAR SAVINGS,ACTIVE,2.75,2024-03-25,,2026-06-01 09:00:00
ACC000933,CUST001196,BR002,REGULAR SAVINGS,ACTIVE,3.0,2024-11-14,,2026-06-01 09:00:00
ACC000934,CUST001376,BR008,REGULAR SAVINGS,DORMANT,2.75,2024-10-23,,2026-06-01 09:00:00
ACC000935,CUST001007,BR005,SALARY SAVINGS,ACTIVE,3.0,2025-10-21,,2026-06-01 09:00:00
ACC000936,CUST000233,BR002,SENIOR CITIZEN SAVINGS,ACTIVE,2.75,2025-04-23,,2026-06-01 09:00:00
ACC000937,CUST000072,BR003,REGULAR SAVINGS,ACTIVE,3.5,2024-03-05,,2026-06-01 09:00:00
ACC000938,CUST000426,BR004,SENIOR CITIZEN SAVINGS,ACTIVE,2.75,2024-06-22,,2026-06-01 09:00:00
ACC000939,CUST000240,BR007,SENIOR CITIZEN SAVINGS,DORMANT,2.75,2024-01-04,,2026-06-01 09:00:00
ACC000940,CUST000145,BR002,SALARY SAVINGS,ACTIVE,2.75,2025-07-19,,2026-06-01 09:00:00
ACC000941,CUST002341,BR007,SALARY SAVINGS,ACTIVE,3.5,2025-04-10,,2026-06-01 09:00:00
ACC000942,CUST001842,BR004,SALARY SAVINGS,ACTIVE,4.0,2025-07-04,,2026-06-01 09:00:00
ACC000943,CUST002608,BR008,REGULAR SAVINGS,DORMANT,4.0,2024-01-29,,2026-06-01 09:00:00
ACC000944,CUST001861,BR006,SENIOR CITIZEN SAVINGS,ACTIVE,3.0,2023-12-04,,2026-06-01 09:00:00
ACC000945,CUST002995,BR003,REGULAR SAVINGS,CLOSED,4.0,2024-07-25,2025-10-01,2026-06-01 09:00:00
ACC000946,CUST001508,BR001,REGULAR SAVINGS,ACTIVE,4.0,2025-04-09,,2026-06-01 09:00:00
ACC000947,CUST000175,BR008,SENIOR CITIZEN SAVINGS,ACTIVE,4.0,2025-04-04,,2026-06-01 09:00:00
ACC000948,CUST000930,BR007,SALARY SAVINGS,ACTIVE,3.0,2024-10-02,,2026-06-01 09:00:00
ACC000949,CUST000853,BR007,SALARY SAVINGS,DORMANT,4.0,2025-09-27,,2026-06-01 09:00:00
ACC000950,CUST001853,BR008,SALARY SAVINGS,ACTIVE,4.0,2024-11-28,,2026-06-01 09:00:00
ACC000951,CUST001336,BR007,REGULAR SAVINGS,ACTIVE,3.0,2023-09-24,,2026-06-01 09:00:00
ACC000952,CUST001008,BR004,SENIOR CITIZEN SAVINGS,ACTIVE,3.0,2025-01-26,,2026-06-01 09:00:00
ACC000953,CUST002701,BR006,SALARY SAVINGS,ACTIVE,4.0,2024-08-24,,2026-06-01 09:00:00
ACC000954,CUST001536,BR005,SALARY SAVINGS,ACTIVE,3.0,2024-05-22,,2026-06-01 09:00:00
ACC000955,CUST000446,BR008,SENIOR CITIZEN SAVINGS,DORMANT,3.5,2025-09-18,,2026-06-01 09:00:00
ACC000956,CUST001689,BR001,SENIOR CITIZEN SAVINGS,ACTIVE,3.0,2023-12-13,,2026-06-01 09:00:00
ACC000957,CUST000642,BR007,SALARY SAVINGS,ACTIVE,4.0,2025-01-29,,2026-06-01 09:00:00
ACC000958,CUST000098,BR004,REGULAR SAVINGS,ACTIVE,4.0,2024-11-08,,2026-06-01 09:00:00
ACC000959,CUST001120,BR003,REGULAR SAVINGS,ACTIVE,4.0,2025-05-05,,2026-06-01 09:00:00
ACC000960,CUST000618,BR007,SENIOR CITIZEN SAVINGS,ACTIVE,3.5,2025-07-03,,2026-06-01 09:00:00
ACC000961,CUST000535,BR008,SENIOR CITIZEN SAVINGS,ACTIVE,3.5,2025-06-02,,2026-06-01 09:00:00
ACC000962,CUST002174,BR001,REGULAR SAVINGS,ACTIVE,2.75,2023-09-02,,2026-06-01 09:00:00
ACC000963,CUST000088,BR001,REGULAR SAVINGS,ACTIVE,2.75,2025-07-22,,2026-06-01 09:00:00
ACC000964,CUST001284,BR006,REGULAR SAVINGS,ACTIVE,3.0,2024-05-04,,2026-06-01 09:00:00
ACC000965,CUST001260,BR002,SALARY SAVINGS,ACTIVE,3.5,2025-08-16,,2026-06-01 09:00:00
ACC000966,CUST002390,BR008,REGULAR SAVINGS,ACTIVE,4.0,2024-09-06,,2026-06-01 09:00:00
ACC000967,CUST001187,BR005,REGULAR SAVINGS,ACTIVE,2.75,2024-07-02,,2026-06-01 09:00:00
ACC000968,CUST000623,BR003,SENIOR CITIZEN SAVINGS,ACTIVE,4.0,2024-01-09,,2026-06-01 09:00:00
ACC000969,CUST001679,BR003,SALARY SAVINGS,ACTIVE,4.0,2024-11-01,,2026-06-01 09:00:00
ACC000970,CUST002827,BR004,REGULAR SAVINGS,ACTIVE,2.75,2024-03-27,,2026-06-01 09:00:00
ACC000971,CUST001823,BR002,SALARY SAVINGS,ACTIVE,2.75,2025-10-13,,2026-06-01 09:00:00
ACC000972,CUST001937,BR007,REGULAR SAVINGS,ACTIVE,4.0,2024-06-27,,2026-06-01 09:00:00
ACC000973,CUST002401,BR006,REGULAR SAVINGS,ACTIVE,4.0,2025-02-26,,2026-06-01 09:00:00
ACC000974,CUST001833,BR001,SENIOR CITIZEN SAVINGS,DORMANT,4.0,2025-09-11,,2026-06-01 09:00:00
ACC000975,CUST001409,BR006,REGULAR SAVINGS,DORMANT,2.75,2025-12-27,,2026-06-01 09:00:00
ACC000976,CUST000726,BR003,REGULAR SAVINGS,ACTIVE,3.5,2025-04-18,,2026-06-01 09:00:00
ACC000977,CUST000455,BR004,REGULAR SAVINGS,ACTIVE,3.5,2025-09-21,,2026-06-01 09:00:00
ACC000978,CUST001453,BR008,SENIOR CITIZEN SAVINGS,ACTIVE,2.75,2024-05-30,,2026-06-01 09:00:00
ACC000979,CUST001712,BR003,REGULAR SAVINGS,DORMANT,3.5,2023-10-01,,2026-06-01 09:00:00
ACC000980,CUST002103,BR005,REGULAR SAVINGS,ACTIVE,2.75,2025-04-01,,2026-06-01 09:00:00
ACC000981,CUST000214,BR004,SALARY SAVINGS,ACTIVE,3.5,2024-06-21,,2026-06-01 09:00:00
ACC000982,CUST001383,BR001,SENIOR CITIZEN SAVINGS,ACTIVE,3.5,2025-06-11,,2026-06-01 09:00:00
ACC000983,CUST001877,BR002,REGULAR SAVINGS,ACTIVE,3.5,2024-11-12,,2026-06-01 09:00:00
ACC000984,CUST002557,BR001,REGULAR SAVINGS,ACTIVE,2.75,2024-10-17,,2026-06-01 09:00:00
ACC000985,CUST001926,BR007,SENIOR CITIZEN SAVINGS,ACTIVE,4.0,2025-08-23,,2026-06-01 09:00:00
ACC000986,CUST001108,BR007,SENIOR CITIZEN SAVINGS,ACTIVE,3.5,2025-01-10,,2026-06-01 09:00:00
ACC000987,CUST001739,BR007,SALARY SAVINGS,ACTIVE,3.5,2025-07-15,,2026-06-01 09:00:00
ACC000988,CUST002946,BR005,SALARY SAVINGS,ACTIVE,3.0,2024-07-28,,2026-06-01 09:00:00
ACC000989,CUST000342,BR008,SALARY SAVINGS,ACTIVE,2.75,2025-07-29,,2026-06-01 09:00:00
ACC000990,CUST002085,BR002,REGULAR SAVINGS,ACTIVE,2.75,2023-11-27,,2026-06-01 09:00:00
ACC000991,CUST000996,BR002,REGULAR SAVINGS,ACTIVE,3.0,2026-05-01,,2026-06-01 09:00:00
ACC000992,CUST002343,BR004,REGULAR SAVINGS,DORMANT,2.75,2025-04-01,,2026-06-01 09:00:00
ACC000993,CUST002962,BR001,SENIOR CITIZEN SAVINGS,DORMANT,3.5,2023-12-19,,2026-06-01 09:00:00
ACC000994,CUST000289,BR003,SALARY SAVINGS,ACTIVE,4.0,2025-10-04,,2026-06-01 09:00:00
ACC000995,CUST002724,BR002,REGULAR SAVINGS,ACTIVE,2.75,2026-02-09,,2026-06-01 09:00:00
ACC000996,CUST000818,BR002,REGULAR SAVINGS,ACTIVE,3.0,2025-07-16,,2026-06-01 09:00:00
ACC000997,CUST000016,BR007,SENIOR CITIZEN SAVINGS,ACTIVE,3.0,2025-12-19,,2026-06-01 09:00:00
ACC000998,CUST000326,BR007,REGULAR SAVINGS,ACTIVE,3.5,2024-11-13,,2026-06-01 09:00:00
ACC000999,CUST001950,BR004,REGULAR SAVINGS,ACTIVE,4.0,2024-08-26,,2026-06-01 09:00:00
ACC001000,CUST001922,BR005,SENIOR CITIZEN SAVINGS,ACTIVE,2.75,2025-08-06,,2026-06-01 09:00:00
ACC001001,CUST000026,BR002,SALARY SAVINGS,CLOSED,3.0,2024-12-19,2025-05-03,2026-06-01 09:00:00
ACC001002,CUST000590,BR004,REGULAR SAVINGS,ACTIVE,2.75,2025-09-29,,2026-06-01 09:00:00
ACC001003,CUST000771,BR003,REGULAR SAVINGS,ACTIVE,3.5,2023-09-18,,2026-06-01 09:00:00
ACC001004,CUST000666,BR007,SENIOR CITIZEN SAVINGS,ACTIVE,3.5,2024-01-26,,2026-06-01 09:00:00
ACC001005,CUST002624,BR005,SALARY SAVINGS,ACTIVE,3.0,2025-06-26,,2026-06-01 09:00:00
ACC001006,CUST000987,BR001,REGULAR SAVINGS,ACTIVE,3.5,2024-12-26,,2026-06-01 09:00:00
ACC001007,CUST000265,BR001,SENIOR CITIZEN SAVINGS,ACTIVE,2.75,2024-07-15,,2026-06-01 09:00:00
ACC001008,CUST000248,BR007,SENIOR CITIZEN SAVINGS,ACTIVE,2.75,2025-01-10,,2026-06-01 09:00:00
ACC001009,CUST001827,BR001,SALARY SAVINGS,ACTIVE,2.75,2024-01-04,,2026-06-01 09:00:00
ACC001010,CUST002860,BR002,SALARY SAVINGS,ACTIVE,3.5,2024-05-21,,2026-06-01 09:00:00
ACC001011,CUST001847,BR006,SALARY SAVINGS,ACTIVE,4.0,2026-05-07,,2026-06-01 09:00:00
ACC001012,CUST002004,BR006,REGULAR SAVINGS,ACTIVE,3.0,2026-01-05,,2026-06-01 09:00:00
ACC001013,CUST000175,BR006,SALARY SAVINGS,ACTIVE,4.0,2025-03-25,,2026-06-01 09:00:00
ACC001014,CUST001329,BR007,SALARY SAVINGS,DORMANT,4.0,2024-03-04,,2026-06-01 09:00:00
ACC001015,CUST001853,BR003,SALARY SAVINGS,ACTIVE,3.0,2024-09-06,,2026-06-01 09:00:00
ACC001016,CUST001719,BR001,SALARY SAVINGS,ACTIVE,3.0,2025-08-24,,2026-06-01 09:00:00
ACC001017,CUST002590,BR003,SALARY SAVINGS,ACTIVE,4.0,2025-01-16,,2026-06-01 09:00:00
ACC001018,CUST002711,BR003,REGULAR SAVINGS,ACTIVE,3.0,2024-12-12,,2026-06-01 09:00:00
ACC001019,CUST000889,BR002,REGULAR SAVINGS,ACTIVE,2.75,2026-02-01,,2026-06-01 09:00:00
ACC001020,CUST001110,BR006,SALARY SAVINGS,ACTIVE,3.0,2025-03-14,,2026-06-01 09:00:00
ACC001021,CUST000649,BR005,SALARY SAVINGS,ACTIVE,3.5,2023-12-29,,2026-06-01 09:00:00
ACC001022,CUST002486,BR008,REGULAR SAVINGS,ACTIVE,4.0,2023-11-07,,2026-06-01 09:00:00
ACC001023,CUST001997,BR001,REGULAR SAVINGS,CLOSED,3.5,2024-05-01,2026-07-24,2026-06-01 09:00:00
ACC001024,CUST001325,BR008,SENIOR CITIZEN SAVINGS,ACTIVE,3.5,2024-11-20,,2026-06-01 09:00:00
ACC001025,CUST002025,BR004,SALARY SAVINGS,ACTIVE,4.0,2024-04-14,,2026-06-01 09:00:00
ACC001026,CUST002587,BR003,SENIOR CITIZEN SAVINGS,ACTIVE,3.5,2025-09-05,,2026-06-01 09:00:00
ACC001027,CUST002534,BR007,SENIOR CITIZEN SAVINGS,ACTIVE,2.75,2024-03-17,,2026-06-01 09:00:00
ACC001028,CUST001155,BR006,REGULAR SAVINGS,ACTIVE,3.5,2026-02-24,,2026-06-01 09:00:00
ACC001029,CUST001514,BR008,SALARY SAVINGS,ACTIVE,2.75,2025-06-19,,2026-06-01 09:00:00
ACC001030,CUST001709,BR004,SENIOR CITIZEN SAVINGS,DORMANT,3.0,2025-10-09,,2026-06-01 09:00:00
ACC001031,CUST000957,BR006,SENIOR CITIZEN SAVINGS,ACTIVE,4.0,2026-06-07,,2026-06-01 09:00:00
ACC001032,CUST001396,BR006,SALARY SAVINGS,DORMANT,3.0,2023-09-27,,2026-06-01 09:00:00
ACC001033,CUST002592,BR004,REGULAR SAVINGS,ACTIVE,3.0,2023-10-05,,2026-06-01 09:00:00
ACC001034,CUST002002,BR008,REGULAR SAVINGS,ACTIVE,2.75,2023-12-05,,2026-06-01 09:00:00
ACC001035,CUST001574,BR003,SALARY SAVINGS,ACTIVE,3.5,2024-07-30,,2026-06-01 09:00:00
ACC001036,CUST001896,BR005,REGULAR SAVINGS,ACTIVE,2.75,2026-02-14,,2026-06-01 09:00:00
ACC001037,CUST001132,BR003,REGULAR SAVINGS,ACTIVE,3.5,2024-06-23,,2026-06-01 09:00:00
ACC001038,CUST001941,BR004,SALARY SAVINGS,ACTIVE,3.0,2023-08-23,,2026-06-01 09:00:00
ACC001039,CUST001459,BR008,SALARY SAVINGS,ACTIVE,3.0,2025-06-10,,2026-06-01 09:00:00
ACC001040,CUST001986,BR006,SENIOR CITIZEN SAVINGS,ACTIVE,3.0,2026-05-09,,2026-06-01 09:00:00
ACC001041,CUST000771,BR002,SENIOR CITIZEN SAVINGS,ACTIVE,3.5,2024-05-06,,2026-06-01 09:00:00
ACC001042,CUST000799,BR005,SALARY SAVINGS,ACTIVE,3.0,2024-08-20,,2026-06-01 09:00:00
ACC001043,CUST002870,BR001,REGULAR SAVINGS,ACTIVE,3.5,2024-03-31,,2026-06-01 09:00:00
ACC001044,CUST001213,BR001,SALARY SAVINGS,ACTIVE,2.75,2024-05-08,,2026-06-01 09:00:00
ACC001045,CUST000323,BR006,REGULAR SAVINGS,ACTIVE,4.0,2024-11-20,,2026-06-01 09:00:00
ACC001046,CUST001830,BR007,SALARY SAVINGS,ACTIVE,3.0,2024-09-02,,2026-06-01 09:00:00
ACC001047,CUST000442,BR005,SENIOR CITIZEN SAVINGS,ACTIVE,4.0,2026-02-23,,2026-06-01 09:00:00
ACC001048,CUST002485,BR008,REGULAR SAVINGS,ACTIVE,3.5,2024-03-14,,2026-06-01 09:00:00
ACC001049,CUST001323,BR001,SALARY SAVINGS,ACTIVE,2.75,2025-07-13,,2026-06-01 09:00:00
ACC001050,CUST002264,BR008,SENIOR CITIZEN SAVINGS,ACTIVE,3.5,2023-12-13,,2026-06-01 09:00:00
ACC001051,CUST001537,BR001,SALARY SAVINGS,ACTIVE,4.0,2024-06-07,,2026-06-01 09:00:00
ACC001052,CUST000730,BR006,SALARY SAVINGS,ACTIVE,2.75,2026-04-26,,2026-06-01 09:00:00
ACC001053,CUST002317,BR001,SENIOR CITIZEN SAVINGS,ACTIVE,2.75,2024-02-24,,2026-06-01 09:00:00
ACC001054,CUST000541,BR008,REGULAR SAVINGS,DORMANT,2.75,2025-05-05,,2026-06-01 09:00:00
ACC001055,CUST000621,BR002,REGULAR SAVINGS,DORMANT,3.0,2024-10-31,,2026-06-01 09:00:00
ACC001056,CUST000377,BR006,SALARY SAVINGS,ACTIVE,3.5,2026-04-30,,2026-06-01 09:00:00
ACC001057,CUST001408,BR002,REGULAR SAVINGS,ACTIVE,4.0,2025-09-28,,2026-06-01 09:00:00
ACC001058,CUST002150,BR007,SENIOR CITIZEN SAVINGS,ACTIVE,4.0,2025-05-27,,2026-06-01 09:00:00
ACC001059,CUST000367,BR004,SALARY SAVINGS,ACTIVE,4.0,2026-06-19,,2026-06-01 09:00:00
ACC001060,CUST000932,BR004,SENIOR CITIZEN SAVINGS,ACTIVE,2.75,2026-01-01,,2026-06-01 09:00:00
ACC001061,CUST000100,BR001,REGULAR SAVINGS,ACTIVE,3.0,2025-08-18,,2026-06-01 09:00:00
ACC001062,CUST000898,BR004,REGULAR SAVINGS,CLOSED,3.0,2024-09-28,2026-03-12,2026-06-01 09:00:00
ACC001063,CUST002051,BR006,SENIOR CITIZEN SAVINGS,ACTIVE,3.5,2025-03-18,,2026-06-01 09:00:00
ACC001064,CUST002746,BR007,SALARY SAVINGS,ACTIVE,2.75,2024-01-19,,2026-06-01 09:00:00
ACC001065,CUST002017,BR001,REGULAR SAVINGS,ACTIVE,4.0,2025-01-28,,2026-06-01 09:00:00
ACC001066,CUST000820,BR001,SALARY SAVINGS,ACTIVE,3.0,2025-11-23,,2026-06-01 09:00:00
ACC001067,CUST000030,BR006,SALARY SAVINGS,ACTIVE,2.75,2025-03-24,,2026-06-01 09:00:00
ACC001068,CUST002086,BR003,SENIOR CITIZEN SAVINGS,ACTIVE,4.0,2025-02-27,,2026-06-01 09:00:00
ACC001069,CUST000031,BR005,SENIOR CITIZEN SAVINGS,ACTIVE,3.5,2024-06-16,,2026-06-01 09:00:00
ACC001070,CUST001591,BR003,SALARY SAVINGS,ACTIVE,3.0,2024-12-23,,2026-06-01 09:00:00
ACC001071,CUST001371,BR004,SALARY SAVINGS,DORMANT,3.5,2026-01-23,,2026-06-01 09:00:00
ACC001072,CUST000489,BR005,SENIOR CITIZEN SAVINGS,ACTIVE,4.0,2026-05-09,,2026-06-01 09:00:00
ACC001073,CUST002669,BR007,REGULAR SAVINGS,ACTIVE,3.0,2023-11-03,,2026-06-01 09:00:00
ACC001074,CUST001588,BR002,SENIOR CITIZEN SAVINGS,ACTIVE,3.0,2024-03-17,,2026-06-01 09:00:00
ACC001075,CUST001224,BR004,REGULAR SAVINGS,ACTIVE,3.5,2026-03-29,,2026-06-01 09:00:00
ACC001076,CUST002654,BR004,REGULAR SAVINGS,ACTIVE,3.5,2023-10-30,,2026-06-01 09:00:00
ACC001077,CUST001270,BR001,SALARY SAVINGS,ACTIVE,3.0,2026-05-22,,2026-06-01 09:00:00
ACC001078,CUST000846,BR008,SALARY SAVINGS,ACTIVE,4.0,2024-08-08,,2026-06-01 09:00:00
ACC001079,CUST001601,BR003,SENIOR CITIZEN SAVINGS,ACTIVE,4.0,2023-11-15,,2026-06-01 09:00:00
ACC001080,CUST001169,BR004,REGULAR SAVINGS,ACTIVE,2.75,2024-12-29,,2026-06-01 09:00:00
ACC001081,CUST000128,BR001,REGULAR SAVINGS,DORMANT,2.75,2025-06-26,,2026-06-01 09:00:00
ACC001082,CUST001243,BR008,REGULAR SAVINGS,ACTIVE,4.0,2023-09-22,,2026-06-01 09:00:00
ACC001083,CUST000399,BR001,REGULAR SAVINGS,ACTIVE,3.5,2026-05-15,,2026-06-01 09:00:00
ACC001084,CUST001734,BR006,SENIOR CITIZEN SAVINGS,ACTIVE,2.75,2025-06-14,,2026-06-01 09:00:00
ACC001085,CUST000092,BR005,SALARY SAVINGS,DORMANT,2.75,2024-02-06,,2026-06-01 09:00:00
ACC001086,CUST000581,BR005,REGULAR SAVINGS,DORMANT,4.0,2026-06-12,,2026-06-01 09:00:00
ACC001087,CUST000493,BR001,REGULAR SAVINGS,ACTIVE,4.0,2023-09-06,,2026-06-01 09:00:00
ACC001088,CUST000353,BR004,SENIOR CITIZEN SAVINGS,DORMANT,4.0,2025-01-18,,2026-06-01 09:00:00
ACC001089,CUST002847,BR005,SENIOR CITIZEN SAVINGS,ACTIVE,3.5,2025-12-20,,2026-06-01 09:00:00
ACC001090,CUST001965,BR002,SALARY SAVINGS,ACTIVE,3.0,2025-11-13,,2026-06-01 09:00:00
ACC001091,CUST002778,BR007,SALARY SAVINGS,ACTIVE,2.75,2025-12-08,,2026-06-01 09:00:00
ACC001092,CUST001908,BR007,SENIOR CITIZEN SAVINGS,CLOSED,3.0,2023-11-28,2024-04-23,2026-06-01 09:00:00
ACC001093,CUST000181,BR002,SENIOR CITIZEN SAVINGS,ACTIVE,3.5,2025-10-21,,2026-06-01 09:00:00
ACC001094,CUST001963,BR004,SALARY SAVINGS,ACTIVE,3.5,2026-03-18,,2026-06-01 09:00:00
ACC001095,CUST000771,BR004,SENIOR CITIZEN SAVINGS,ACTIVE,4.0,2023-12-26,,2026-06-01 09:00:00
ACC001096,CUST000181,BR007,SENIOR CITIZEN SAVINGS,ACTIVE,4.0,2025-10-16,,2026-06-01 09:00:00
ACC001097,CUST000194,BR005,SALARY SAVINGS,ACTIVE,3.5,2025-09-19,,2026-06-01 09:00:00
ACC001098,CUST001869,BR008,SALARY SAVINGS,ACTIVE,3.0,2024-01-09,,2026-06-01 09:00:00
ACC001099,CUST002975,BR003,SALARY SAVINGS,ACTIVE,3.5,2023-09-29,,2026-06-01 09:00:00
ACC001100,CUST001668,BR003,SALARY SAVINGS,ACTIVE,4.0,2024-10-21,,2026-06-01 09:00:00
ACC001101,CUST001198,BR003,SALARY SAVINGS,ACTIVE,4.0,2026-02-26,,2026-06-01 09:00:00
ACC001102,CUST001476,BR007,REGULAR SAVINGS,ACTIVE,2.75,2025-03-16,,2026-06-01 09:00:00
ACC001103,CUST001364,BR006,SENIOR CITIZEN SAVINGS,ACTIVE,4.0,2026-01-15,,2026-06-01 09:00:00
ACC001104,CUST002787,BR003,SENIOR CITIZEN SAVINGS,ACTIVE,2.75,2024-02-19,,2026-06-01 09:00:00
ACC001105,CUST000595,BR006,SENIOR CITIZEN SAVINGS,DORMANT,3.0,2026-04-01,,2026-06-01 09:00:00
ACC001106,CUST000572,BR004,SALARY SAVINGS,ACTIVE,4.0,2025-12-05,,2026-06-01 09:00:00
ACC001107,CUST000459,BR001,SALARY SAVINGS,ACTIVE,2.75,2025-08-15,,2026-06-01 09:00:00
ACC001108,CUST002255,BR003,SALARY SAVINGS,ACTIVE,3.0,2025-08-09,,2026-06-01 09:00:00
ACC001109,CUST002004,BR002,SALARY SAVINGS,ACTIVE,3.5,2024-08-31,,2026-06-01 09:00:00
ACC001110,CUST002247,BR007,SALARY SAVINGS,ACTIVE,4.0,2025-07-03,,2026-06-01 09:00:00
ACC001111,CUST001672,BR002,SALARY SAVINGS,ACTIVE,3.0,2024-10-26,,2026-06-01 09:00:00
ACC001112,CUST000638,BR004,SENIOR CITIZEN SAVINGS,DORMANT,2.75,2026-01-01,,2026-06-01 09:00:00
ACC001113,CUST000442,BR008,SENIOR CITIZEN SAVINGS,DORMANT,3.0,2025-06-02,,2026-06-01 09:00:00
ACC001114,CUST001256,BR004,REGULAR SAVINGS,ACTIVE,4.0,2025-06-12,,2026-06-01 09:00:00
ACC001115,CUST002220,BR002,REGULAR SAVINGS,ACTIVE,3.0,2024-10-29,,2026-06-01 09:00:00
ACC001116,CUST001212,BR002,SENIOR CITIZEN SAVINGS,ACTIVE,3.0,2024-03-29,,2026-06-01 09:00:00
ACC001117,CUST000293,BR002,REGULAR SAVINGS,ACTIVE,3.5,2024-07-04,,2026-06-01 09:00:00
ACC001118,CUST001729,BR006,SENIOR CITIZEN SAVINGS,ACTIVE,4.0,2026-04-30,,2026-06-01 09:00:00
ACC001119,CUST001230,BR006,SALARY SAVINGS,ACTIVE,4.0,2026-01-16,,2026-06-01 09:00:00
ACC001120,CUST001756,BR008,REGULAR SAVINGS,ACTIVE,2.75,2026-06-17,,2026-06-01 09:00:00
ACC001121,CUST002048,BR006,SENIOR CITIZEN SAVINGS,ACTIVE,3.5,2023-08-25,,2026-06-01 09:00:00
ACC001122,CUST001940,BR007,SENIOR CITIZEN SAVINGS,ACTIVE,2.75,2025-09-26,,2026-06-01 09:00:00
ACC001123,CUST002541,BR006,SALARY SAVINGS,CLOSED,4.0,2026-05-17,2026-07-31,2026-06-01 09:00:00
ACC001124,CUST000159,BR008,SENIOR CITIZEN SAVINGS,ACTIVE,2.75,2024-08-29,,2026-06-01 09:00:00
ACC001125,CUST000378,BR002,SENIOR CITIZEN SAVINGS,ACTIVE,3.0,2024-10-26,,2026-06-01 09:00:00
ACC001126,CUST002586,BR002,SALARY SAVINGS,ACTIVE,4.0,2024-10-25,,2026-06-01 09:00:00
ACC001127,CUST000989,BR008,SENIOR CITIZEN SAVINGS,ACTIVE,2.75,2024-08-03,,2026-06-01 09:00:00
ACC001128,CUST002884,BR008,REGULAR SAVINGS,ACTIVE,3.0,2024-03-12,,2026-06-01 09:00:00
ACC001129,CUST000043,BR003,SALARY SAVINGS,DORMANT,2.75,2024-01-06,,2026-06-01 09:00:00
ACC001130,CUST000284,BR003,SENIOR CITIZEN SAVINGS,ACTIVE,4.0,2023-11-15,,2026-06-01 09:00:00
ACC001131,CUST001590,BR001,SENIOR CITIZEN SAVINGS,ACTIVE,3.5,2023-11-29,,2026-06-01 09:00:00
ACC001132,CUST002117,BR008,SALARY SAVINGS,DORMANT,3.0,2025-08-03,,2026-06-01 09:00:00
ACC001133,CUST000667,BR001,SALARY SAVINGS,ACTIVE,3.5,2025-07-22,,2026-06-01 09:00:00
ACC001134,CUST000450,BR003,SALARY SAVINGS,ACTIVE,2.75,2026-05-15,,2026-06-01 09:00:00
ACC001135,CUST001021,BR001,SENIOR CITIZEN SAVINGS,ACTIVE,4.0,2025-12-27,,2026-06-01 09:00:00
ACC001136,CUST000724,BR007,REGULAR SAVINGS,ACTIVE,2.75,2024-05-04,,2026-06-01 09:00:00
ACC001137,CUST001393,BR008,SENIOR CITIZEN SAVINGS,ACTIVE,3.0,2025-02-10,,2026-06-01 09:00:00
ACC001138,CUST000476,BR002,SENIOR CITIZEN SAVINGS,ACTIVE,3.0,2025-07-02,,2026-06-01 09:00:00
ACC001139,CUST002479,BR001,SENIOR CITIZEN SAVINGS,ACTIVE,4.0,2023-10-07,,2026-06-01 09:00:00
ACC001140,CUST001762,BR001,REGULAR SAVINGS,ACTIVE,3.5,2026-06-16,,2026-06-01 09:00:00
ACC001141,CUST001715,BR008,SENIOR CITIZEN SAVINGS,ACTIVE,2.75,2026-02-04,,2026-06-01 09:00:00
ACC001142,CUST002876,BR007,SALARY SAVINGS,ACTIVE,2.75,2025-05-01,,2026-06-01 09:00:00
ACC001143,CUST002723,BR006,REGULAR SAVINGS,ACTIVE,4.0,2023-10-09,,2026-06-01 09:00:00
ACC001144,CUST000564,BR002,SENIOR CITIZEN SAVINGS,ACTIVE,2.75,2023-10-13,,2026-06-01 09:00:00
ACC001145,CUST000766,BR004,SENIOR CITIZEN SAVINGS,ACTIVE,4.0,2024-12-12,,2026-06-01 09:00:00
ACC001146,CUST001530,BR005,SENIOR CITIZEN SAVINGS,ACTIVE,4.0,2024-04-18,,2026-06-01 09:00:00
ACC001147,CUST000760,BR007,REGULAR SAVINGS,ACTIVE,2.75,2025-04-08,,2026-06-01 09:00:00
ACC001148,CUST000830,BR003,SENIOR CITIZEN SAVINGS,ACTIVE,3.5,2026-04-14,,2026-06-01 09:00:00
ACC001149,CUST001601,BR001,REGULAR SAVINGS,ACTIVE,3.5,2025-05-20,,2026-06-01 09:00:00
ACC001150,CUST000462,BR005,REGULAR SAVINGS,ACTIVE,2.75,2026-04-06,,2026-06-01 09:00:00
ACC001151,CUST001309,BR004,REGULAR SAVINGS,ACTIVE,4.0,2024-02-18,,2026-06-01 09:00:00
ACC001152,CUST002720,BR008,REGULAR SAVINGS,ACTIVE,4.0,2025-02-14,,2026-06-01 09:00:00
ACC001153,CUST000707,BR007,REGULAR SAVINGS,ACTIVE,2.75,2023-12-22,,2026-06-01 09:00:00
ACC001154,CUST002089,BR003,REGULAR SAVINGS,ACTIVE,2.75,2026-05-06,,2026-06-01 09:00:00
ACC001155,CUST002319,BR003,SALARY SAVINGS,ACTIVE,3.0,2023-08-25,,2026-06-01 09:00:00
ACC001156,CUST002563,BR006,SALARY SAVINGS,ACTIVE,3.0,2023-12-18,,2026-06-01 09:00:00
ACC001157,CUST000245,BR007,SALARY SAVINGS,DORMANT,2.75,2026-06-08,,2026-06-01 09:00:00
ACC001158,CUST000114,BR004,SENIOR CITIZEN SAVINGS,ACTIVE,3.5,2026-04-08,,2026-06-01 09:00:00
ACC001159,CUST000921,BR003,SENIOR CITIZEN SAVINGS,ACTIVE,4.0,2024-03-08,,2026-06-01 09:00:00
ACC001160,CUST001666,BR003,SALARY SAVINGS,ACTIVE,3.0,2025-07-29,,2026-06-01 09:00:00
ACC001161,CUST002037,BR002,SALARY SAVINGS,ACTIVE,4.0,2025-02-13,,2026-06-01 09:00:00
ACC001162,CUST000272,BR002,REGULAR SAVINGS,ACTIVE,3.0,2026-02-11,,2026-06-01 09:00:00
ACC001163,CUST001514,BR005,SENIOR CITIZEN SAVINGS,ACTIVE,4.0,2024-12-05,,2026-06-01 09:00:00
ACC001164,CUST001399,BR005,SALARY SAVINGS,DORMANT,3.5,2025-08-16,,2026-06-01 09:00:00
ACC001165,CUST002095,BR008,SENIOR CITIZEN SAVINGS,ACTIVE,4.0,2023-12-09,,2026-06-01 09:00:00
ACC001166,CUST002415,BR003,SENIOR CITIZEN SAVINGS,ACTIVE,4.0,2024-04-19,,2026-06-01 09:00:00
ACC001167,CUST002006,BR006,SALARY SAVINGS,ACTIVE,2.75,2026-02-16,,2026-06-01 09:00:00
ACC001168,CUST001112,BR005,SALARY SAVINGS,ACTIVE,3.0,2024-02-03,,2026-06-01 09:00:00
ACC001169,CUST000981,BR004,REGULAR SAVINGS,CLOSED,3.5,2024-11-24,2025-01-20,2026-06-01 09:00:00
ACC001170,CUST001373,BR007,SALARY SAVINGS,ACTIVE,3.5,2024-11-30,,2026-06-01 09:00:00
ACC001171,CUST002744,BR004,SENIOR CITIZEN SAVINGS,ACTIVE,3.0,2023-11-23,,2026-06-01 09:00:00
ACC001172,CUST001209,BR004,SENIOR CITIZEN SAVINGS,ACTIVE,3.5,2024-08-20,,2026-06-01 09:00:00
ACC001173,CUST001316,BR004,REGULAR SAVINGS,ACTIVE,4.0,2024-10-06,,2026-06-01 09:00:00
ACC001174,CUST000481,BR005,SENIOR CITIZEN SAVINGS,ACTIVE,3.0,2023-12-10,,2026-06-01 09:00:00
ACC001175,CUST001382,BR003,SALARY SAVINGS,ACTIVE,4.0,2026-06-13,,2026-06-01 09:00:00
ACC001176,CUST001984,BR005,REGULAR SAVINGS,ACTIVE,4.0,2025-08-08,,2026-06-01 09:00:00
ACC001177,CUST001044,BR002,SALARY SAVINGS,ACTIVE,3.5,2024-04-08,,2026-06-01 09:00:00
ACC001178,CUST002256,BR007,SALARY SAVINGS,ACTIVE,2.75,2023-09-12,,2026-06-01 09:00:00
ACC001179,CUST002028,BR008,SALARY SAVINGS,ACTIVE,3.5,2024-10-01,,2026-06-01 09:00:00
ACC001180,CUST000816,BR005,SENIOR CITIZEN SAVINGS,CLOSED,2.75,2026-02-20,2026-08-01,2026-06-01 09:00:00
ACC001181,CUST002006,BR002,SALARY SAVINGS,ACTIVE,4.0,2023-12-18,,2026-06-01 09:00:00
ACC001182,CUST000490,BR003,REGULAR SAVINGS,ACTIVE,3.0,2024-06-15,,2026-06-01 09:00:00
ACC001183,CUST000169,BR002,SENIOR CITIZEN SAVINGS,ACTIVE,3.5,2025-08-21,,2026-06-01 09:00:00
ACC001184,CUST001100,BR003,SENIOR CITIZEN SAVINGS,DORMANT,2.75,2025-02-10,,2026-06-01 09:00:00
ACC001185,CUST001734,BR004,SENIOR CITIZEN SAVINGS,DORMANT,2.75,2023-09-27,,2026-06-01 09:00:00
ACC001186,CUST000246,BR001,SENIOR CITIZEN SAVINGS,ACTIVE,2.75,2024-03-16,,2026-06-01 09:00:00
ACC001187,CUST002948,BR005,REGULAR SAVINGS,ACTIVE,3.5,2026-06-10,,2026-06-01 09:00:00
ACC001188,CUST000903,BR005,REGULAR SAVINGS,ACTIVE,3.5,2026-04-17,,2026-06-01 09:00:00
ACC001189,CUST000095,BR006,SALARY SAVINGS,ACTIVE,3.0,2025-09-01,,2026-06-01 09:00:00
ACC001190,CUST000833,BR001,SENIOR CITIZEN SAVINGS,ACTIVE,3.0,2025-11-01,,2026-06-01 09:00:00
ACC001191,CUST002516,BR005,REGULAR SAVINGS,ACTIVE,4.0,2024-09-08,,2026-06-01 09:00:00
ACC001192,CUST001665,BR004,REGULAR SAVINGS,ACTIVE,3.0,2025-06-08,,2026-06-01 09:00:00
ACC001193,CUST000711,BR004,REGULAR SAVINGS,ACTIVE,3.5,2026-03-28,,2026-06-01 09:00:00
ACC001194,CUST002750,BR005,SENIOR CITIZEN SAVINGS,ACTIVE,4.0,2026-03-03,,2026-06-01 09:00:00
ACC001195,CUST001584,BR008,REGULAR SAVINGS,ACTIVE,3.0,2025-07-07,,2026-06-01 09:00:00
ACC001196,CUST001674,BR008,SALARY SAVINGS,ACTIVE,4.0,2026-05-07,,2026-06-01 09:00:00
ACC001197,CUST002520,BR007,SALARY SAVINGS,ACTIVE,2.75,2024-11-10,,2026-06-01 09:00:00
ACC001198,CUST000841,BR008,SENIOR CITIZEN SAVINGS,ACTIVE,4.0,2024-03-28,,2026-06-01 09:00:00
ACC001199,CUST001403,BR006,SENIOR CITIZEN SAVINGS,ACTIVE,2.75,2025-10-02,,2026-06-01 09:00:00
ACC001200,CUST001589,BR008,SENIOR CITIZEN SAVINGS,ACTIVE,3.0,2023-12-21,,2026-06-01 09:00:00
ACC001201,CUST000317,BR007,REGULAR SAVINGS,ACTIVE,3.0,2024-03-22,,2026-06-01 09:00:00
ACC001202,CUST000893,BR006,REGULAR SAVINGS,ACTIVE,3.5,2023-12-01,,2026-06-01 09:00:00
ACC001203,CUST002929,BR005,SALARY SAVINGS,ACTIVE,3.0,2025-05-11,,2026-06-01 09:00:00
ACC001204,CUST000100,BR004,REGULAR SAVINGS,ACTIVE,2.75,2024-02-13,,2026-06-01 09:00:00
ACC001205,CUST001593,BR006,SALARY SAVINGS,ACTIVE,3.5,2025-05-06,,2026-06-01 09:00:00
ACC001206,CUST001788,BR008,SALARY SAVINGS,ACTIVE,4.0,2024-03-23,,2026-06-01 09:00:00
ACC001207,CUST001427,BR004,SALARY SAVINGS,ACTIVE,3.5,2024-02-18,,2026-06-01 09:00:00
ACC001208,CUST001961,BR003,SENIOR CITIZEN SAVINGS,ACTIVE,3.0,2024-04-10,,2026-06-01 09:00:00
ACC001209,CUST002642,BR004,SALARY SAVINGS,CLOSED,2.75,2024-06-24,2025-07-15,2026-06-01 09:00:00
ACC001210,CUST000197,BR004,REGULAR SAVINGS,ACTIVE,2.75,2025-07-08,,2026-06-01 09:00:00
ACC001211,CUST000379,BR001,SALARY SAVINGS,ACTIVE,3.5,2023-09-25,,2026-06-01 09:00:00
ACC001212,CUST001856,BR003,SALARY SAVINGS,ACTIVE,3.5,2025-11-12,,2026-06-01 09:00:00
ACC001213,CUST001141,BR003,REGULAR SAVINGS,ACTIVE,3.0,2023-10-09,,2026-06-01 09:00:00
ACC001214,CUST002133,BR002,SENIOR CITIZEN SAVINGS,DORMANT,3.0,2023-09-19,,2026-06-01 09:00:00
ACC001215,CUST000214,BR003,SALARY SAVINGS,ACTIVE,3.5,2025-10-20,,2026-06-01 09:00:00
ACC001216,CUST000688,BR004,REGULAR SAVINGS,ACTIVE,2.75,2024-11-14,,2026-06-01 09:00:00
ACC001217,CUST002469,BR002,SALARY SAVINGS,ACTIVE,2.75,2024-08-26,,2026-06-01 09:00:00
ACC001218,CUST000733,BR002,SALARY SAVINGS,ACTIVE,4.0,2024-09-11,,2026-06-01 09:00:00
ACC001219,CUST002963,BR003,REGULAR SAVINGS,ACTIVE,3.0,2024-10-11,,2026-06-01 09:00:00
ACC001220,CUST001007,BR001,SALARY SAVINGS,DORMANT,3.5,2024-09-20,,2026-06-01 09:00:00
ACC001221,CUST002103,BR001,REGULAR SAVINGS,ACTIVE,2.75,2025-08-09,,2026-06-01 09:00:00
ACC001222,CUST000199,BR008,REGULAR SAVINGS,ACTIVE,3.0,2024-11-06,,2026-06-01 09:00:00
ACC001223,CUST002495,BR006,SALARY SAVINGS,ACTIVE,3.5,2025-02-14,,2026-06-01 09:00:00
ACC001224,CUST000718,BR002,SENIOR CITIZEN SAVINGS,ACTIVE,3.0,2023-10-21,,2026-06-01 09:00:00
ACC001225,CUST000174,BR002,SALARY SAVINGS,ACTIVE,4.0,2023-10-23,,2026-06-01 09:00:00
ACC001226,CUST001888,BR008,SENIOR CITIZEN SAVINGS,ACTIVE,4.0,2025-04-09,,2026-06-01 09:00:00
ACC001227,CUST001655,BR008,SENIOR CITIZEN SAVINGS,ACTIVE,3.5,2026-01-18,,2026-06-01 09:00:00
ACC001228,CUST002943,BR007,SALARY SAVINGS,ACTIVE,3.5,2025-05-08,,2026-06-01 09:00:00
ACC001229,CUST000684,BR008,REGULAR SAVINGS,ACTIVE,3.0,2026-04-03,,2026-06-01 09:00:00
ACC001230,CUST000301,BR006,SALARY SAVINGS,ACTIVE,3.5,2025-01-09,,2026-06-01 09:00:00
ACC001231,CUST001568,BR007,SALARY SAVINGS,ACTIVE,3.5,2024-03-18,,2026-06-01 09:00:00
ACC001232,CUST001996,BR004,SENIOR CITIZEN SAVINGS,ACTIVE,2.75,2025-02-22,,2026-06-01 09:00:00
ACC001233,CUST000603,BR008,SALARY SAVINGS,ACTIVE,3.0,2024-02-27,,2026-06-01 09:00:00
ACC001234,CUST001624,BR004,REGULAR SAVINGS,ACTIVE,3.0,2023-10-07,,2026-06-01 09:00:00
ACC001235,CUST001799,BR005,SENIOR CITIZEN SAVINGS,ACTIVE,4.0,2024-06-01,,2026-06-01 09:00:00
ACC001236,CUST001906,BR006,SALARY SAVINGS,ACTIVE,3.0,2023-08-30,,2026-06-01 09:00:00
ACC001237,CUST000211,BR004,REGULAR SAVINGS,DORMANT,3.0,2024-08-26,,2026-06-01 09:00:00
ACC001238,CUST001211,BR006,SALARY SAVINGS,ACTIVE,2.75,2024-03-24,,2026-06-01 09:00:00
ACC001239,CUST002677,BR007,SALARY SAVINGS,ACTIVE,2.75,2025-09-21,,2026-06-01 09:00:00
ACC001240,CUST002100,BR008,SALARY SAVINGS,DORMANT,2.75,2025-06-05,,2026-06-01 09:00:00
ACC001241,CUST000278,BR006,SENIOR CITIZEN SAVINGS,ACTIVE,3.5,2024-03-11,,2026-06-01 09:00:00
ACC001242,CUST000680,BR001,SENIOR CITIZEN SAVINGS,ACTIVE,2.75,2024-08-24,,2026-06-01 09:00:00
ACC001243,CUST002301,BR005,REGULAR SAVINGS,ACTIVE,2.75,2024-01-23,,2026-06-01 09:00:00
ACC001244,CUST002584,BR006,SALARY SAVINGS,ACTIVE,2.75,2024-08-22,,2026-06-01 09:00:00
ACC001245,CUST002511,BR008,SALARY SAVINGS,ACTIVE,3.5,2025-04-24,,2026-06-01 09:00:00
ACC001246,CUST001508,BR001,SALARY SAVINGS,DORMANT,2.75,2024-01-19,,2026-06-01 09:00:00
ACC001247,CUST001776,BR001,REGULAR SAVINGS,CLOSED,2.75,2026-01-20,2026-03-04,2026-06-01 09:00:00
ACC001248,CUST001548,BR006,SENIOR CITIZEN SAVINGS,ACTIVE,4.0,2023-09-13,,2026-06-01 09:00:00
ACC001249,CUST001095,BR003,REGULAR SAVINGS,ACTIVE,3.0,2025-11-02,,2026-06-01 09:00:00
ACC001250,CUST000382,BR007,REGULAR SAVINGS,ACTIVE,3.5,2026-04-29,,2026-06-01 09:00:00
ACC001251,CUST000181,BR005,REGULAR SAVINGS,CLOSED,2.75,2024-07-06,2025-12-01,2026-06-01 09:00:00
ACC001252,CUST001714,BR004,REGULAR SAVINGS,ACTIVE,4.0,2025-02-24,,2026-06-01 09:00:00
ACC001253,CUST001749,BR005,REGULAR SAVINGS,ACTIVE,3.0,2024-05-04,,2026-06-01 09:00:00
ACC001254,CUST000670,BR001,REGULAR SAVINGS,ACTIVE,3.5,2024-08-01,,2026-06-01 09:00:00
ACC001255,CUST000898,BR008,SALARY SAVINGS,DORMANT,3.0,2025-03-01,,2026-06-01 09:00:00
ACC001256,CUST000468,BR002,SALARY SAVINGS,ACTIVE,4.0,2024-03-24,,2026-06-01 09:00:00
ACC001257,CUST002527,BR006,SALARY SAVINGS,CLOSED,4.0,2026-05-05,2026-07-24,2026-06-01 09:00:00
ACC001258,CUST002364,BR006,SENIOR CITIZEN SAVINGS,ACTIVE,3.5,2023-08-26,,2026-06-01 09:00:00
ACC001259,CUST002794,BR005,REGULAR SAVINGS,ACTIVE,3.0,2025-04-30,,2026-06-01 09:00:00
ACC001260,CUST001778,BR008,SENIOR CITIZEN SAVINGS,ACTIVE,3.5,2025-10-14,,2026-06-01 09:00:00
ACC001261,CUST001232,BR008,SENIOR CITIZEN SAVINGS,ACTIVE,4.0,2025-07-03,,2026-06-01 09:00:00
ACC001262,CUST001231,BR005,SENIOR CITIZEN SAVINGS,ACTIVE,2.75,2025-10-08,,2026-06-01 09:00:00
ACC001263,CUST000916,BR004,REGULAR SAVINGS,ACTIVE,3.0,2025-05-26,,2026-06-01 09:00:00
ACC001264,CUST000404,BR006,SALARY SAVINGS,ACTIVE,4.0,2024-02-29,,2026-06-01 09:00:00
ACC001265,CUST002321,BR006,REGULAR SAVINGS,ACTIVE,3.5,2023-08-27,,2026-06-01 09:00:00
ACC001266,CUST002553,BR008,REGULAR SAVINGS,ACTIVE,2.75,2026-02-21,,2026-06-01 09:00:00
ACC001267,CUST001785,BR007,SALARY SAVINGS,ACTIVE,4.0,2024-12-09,,2026-06-01 09:00:00
ACC001268,CUST000126,BR006,REGULAR SAVINGS,ACTIVE,3.5,2026-02-11,,2026-06-01 09:00:00
ACC001269,CUST001993,BR008,SALARY SAVINGS,ACTIVE,4.0,2025-09-18,,2026-06-01 09:00:00
ACC001270,CUST001762,BR004,REGULAR SAVINGS,ACTIVE,3.5,2025-04-27,,2026-06-01 09:00:00
ACC001271,CUST001377,BR003,REGULAR SAVINGS,ACTIVE,3.5,2025-01-23,,2026-06-01 09:00:00
ACC001272,CUST000413,BR002,REGULAR SAVINGS,ACTIVE,2.75,2024-08-13,,2026-06-01 09:00:00
ACC001273,CUST000615,BR007,SENIOR CITIZEN SAVINGS,DORMANT,4.0,2026-04-04,,2026-06-01 09:00:00
ACC001274,CUST002655,BR003,REGULAR SAVINGS,ACTIVE,2.75,2024-08-23,,2026-06-01 09:00:00
ACC001275,CUST000134,BR003,SALARY SAVINGS,CLOSED,3.5,2025-11-20,2026-05-30,2026-06-01 09:00:00
ACC001276,CUST002781,BR006,SALARY SAVINGS,ACTIVE,2.75,2026-06-17,,2026-06-01 09:00:00
ACC001277,CUST001353,BR002,REGULAR SAVINGS,CLOSED,2.75,2024-01-17,2026-05-18,2026-06-01 09:00:00
ACC001278,CUST000162,BR001,SALARY SAVINGS,ACTIVE,3.0,2025-02-17,,2026-06-01 09:00:00
ACC001279,CUST002009,BR002,SENIOR CITIZEN SAVINGS,ACTIVE,3.5,2025-12-21,,2026-06-01 09:00:00
ACC001280,CUST002155,BR002,SALARY SAVINGS,ACTIVE,3.5,2024-06-27,,2026-06-01 09:00:00
ACC001281,CUST002483,BR005,SENIOR CITIZEN SAVINGS,ACTIVE,3.0,2025-03-02,,2026-06-01 09:00:00
ACC001282,CUST002109,BR002,SENIOR CITIZEN SAVINGS,ACTIVE,4.0,2025-12-03,,2026-06-01 09:00:00
ACC001283,CUST001163,BR001,SENIOR CITIZEN SAVINGS,DORMANT,4.0,2025-08-28,,2026-06-01 09:00:00
ACC001284,CUST000667,BR008,SENIOR CITIZEN SAVINGS,ACTIVE,4.0,2026-03-28,,2026-06-01 09:00:00
ACC001285,CUST001256,BR005,REGULAR SAVINGS,ACTIVE,4.0,2024-01-10,,2026-06-01 09:00:00
ACC001286,CUST001267,BR006,REGULAR SAVINGS,ACTIVE,3.0,2024-07-22,,2026-06-01 09:00:00
ACC001287,CUST002881,BR003,SENIOR CITIZEN SAVINGS,ACTIVE,2.75,2024-10-11,,2026-06-01 09:00:00
ACC001288,CUST000483,BR003,REGULAR SAVINGS,CLOSED,2.75,2025-04-13,2026-01-11,2026-06-01 09:00:00
ACC001289,CUST000612,BR002,SENIOR CITIZEN SAVINGS,ACTIVE,3.5,2025-01-31,,2026-06-01 09:00:00
ACC001290,CUST001311,BR004,REGULAR SAVINGS,ACTIVE,4.0,2024-03-05,,2026-06-01 09:00:00
ACC001291,CUST002640,BR005,SENIOR CITIZEN SAVINGS,DORMANT,3.0,2026-05-16,,2026-06-01 09:00:00
ACC001292,CUST000139,BR006,SALARY SAVINGS,ACTIVE,3.0,2024-01-26,,2026-06-01 09:00:00
ACC001293,CUST000271,BR001,SALARY SAVINGS,ACTIVE,2.75,2023-12-03,,2026-06-01 09:00:00
ACC001294,CUST001596,BR003,SALARY SAVINGS,ACTIVE,4.0,2023-09-18,,2026-06-01 09:00:00
ACC001295,CUST002905,BR006,SALARY SAVINGS,ACTIVE,4.0,2025-04-29,,2026-06-01 09:00:00
ACC001296,CUST002898,BR007,SENIOR CITIZEN SAVINGS,CLOSED,3.5,2024-11-14,2025-01-08,2026-06-01 09:00:00
ACC001297,CUST002867,BR003,REGULAR SAVINGS,DORMANT,2.75,2024-02-10,,2026-06-01 09:00:00
ACC001298,CUST001027,BR007,SALARY SAVINGS,ACTIVE,2.75,2025-08-09,,2026-06-01 09:00:00
ACC001299,CUST000607,BR001,SENIOR CITIZEN SAVINGS,ACTIVE,3.0,2025-03-09,,2026-06-01 09:00:00
ACC001300,CUST002029,BR005,SALARY SAVINGS,ACTIVE,3.0,2025-07-28,,2026-06-01 09:00:00
ACC001301,CUST000158,BR001,SENIOR CITIZEN SAVINGS,ACTIVE,3.5,2026-03-13,,2026-06-01 09:00:00
ACC001302,CUST001528,BR006,SENIOR CITIZEN SAVINGS,ACTIVE,2.75,2026-04-10,,2026-06-01 09:00:00
ACC001303,CUST000827,BR004,SENIOR CITIZEN SAVINGS,ACTIVE,3.0,2026-04-29,,2026-06-01 09:00:00
ACC001304,CUST002069,BR005,SENIOR CITIZEN SAVINGS,DORMANT,4.0,2024-09-02,,2026-06-01 09:00:00
ACC001305,CUST002509,BR004,SENIOR CITIZEN SAVINGS,ACTIVE,4.0,2024-07-23,,2026-06-01 09:00:00
ACC001306,CUST000162,BR008,SALARY SAVINGS,ACTIVE,3.5,2025-04-29,,2026-06-01 09:00:00
ACC001307,CUST000183,BR005,SENIOR CITIZEN SAVINGS,ACTIVE,3.5,2026-01-16,,2026-06-01 09:00:00
ACC001308,CUST002569,BR002,SALARY SAVINGS,ACTIVE,4.0,2024-08-11,,2026-06-01 09:00:00
ACC001309,CUST001899,BR004,REGULAR SAVINGS,ACTIVE,3.5,2024-05-31,,2026-06-01 09:00:00
ACC001310,CUST001841,BR005,REGULAR SAVINGS,DORMANT,3.5,2024-02-09,,2026-06-01 09:00:00
ACC001311,CUST000940,BR005,SENIOR CITIZEN SAVINGS,ACTIVE,4.0,2025-12-21,,2026-06-01 09:00:00
ACC001312,CUST000939,BR001,SALARY SAVINGS,CLOSED,3.0,2025-02-12,2025-09-02,2026-06-01 09:00:00
ACC001313,CUST000979,BR007,REGULAR SAVINGS,ACTIVE,2.75,2023-12-10,,2026-06-01 09:00:00
ACC001314,CUST001121,BR007,SENIOR CITIZEN SAVINGS,ACTIVE,2.75,2024-10-17,,2026-06-01 09:00:00
ACC001315,CUST002622,BR005,SENIOR CITIZEN SAVINGS,ACTIVE,2.75,2023-12-25,,2026-06-01 09:00:00
ACC001316,CUST000875,BR005,SALARY SAVINGS,DORMANT,2.75,2026-03-26,,2026-06-01 09:00:00
ACC001317,CUST002297,BR006,REGULAR SAVINGS,ACTIVE,3.0,2023-11-09,,2026-06-01 09:00:00
ACC001318,CUST000059,BR007,REGULAR SAVINGS,ACTIVE,2.75,2026-05-22,,2026-06-01 09:00:00
ACC001319,CUST001966,BR001,SENIOR CITIZEN SAVINGS,ACTIVE,2.75,2024-09-03,,2026-06-01 09:00:00
ACC001320,CUST002995,BR005,SENIOR CITIZEN SAVINGS,ACTIVE,3.0,2025-04-26,,2026-06-01 09:00:00
ACC001321,CUST001054,BR007,REGULAR SAVINGS,DORMANT,3.0,2024-12-10,,2026-06-01 09:00:00
ACC001322,CUST002987,BR003,SALARY SAVINGS,ACTIVE,3.5,2025-03-29,,2026-06-01 09:00:00
ACC001323,CUST001268,BR002,REGULAR SAVINGS,CLOSED,2.75,2025-08-27,2025-10-31,2026-06-01 09:00:00
ACC001324,CUST000014,BR004,SALARY SAVINGS,ACTIVE,2.75,2026-03-23,,2026-06-01 09:00:00
ACC001325,CUST000734,BR002,SENIOR CITIZEN SAVINGS,ACTIVE,4.0,2025-10-03,,2026-06-01 09:00:00
ACC001326,CUST002190,BR008,SENIOR CITIZEN SAVINGS,ACTIVE,2.75,2025-11-13,,2026-06-01 09:00:00
ACC001327,CUST001140,BR002,SALARY SAVINGS,ACTIVE,3.5,2023-12-05,,2026-06-01 09:00:00
ACC001328,CUST000723,BR007,SALARY SAVINGS,ACTIVE,3.0,2024-01-17,,2026-06-01 09:00:00
ACC001329,CUST002971,BR001,REGULAR SAVINGS,CLOSED,2.75,2024-02-02,2025-11-04,2026-06-01 09:00:00
ACC001330,CUST000598,BR006,SENIOR CITIZEN SAVINGS,ACTIVE,3.0,2024-02-05,,2026-06-01 09:00:00
ACC001331,CUST002191,BR004,SENIOR CITIZEN SAVINGS,CLOSED,4.0,2025-05-16,2026-01-18,2026-06-01 09:00:00
ACC001332,CUST001440,BR001,SALARY SAVINGS,DORMANT,3.5,2025-09-27,,2026-06-01 09:00:00
ACC001333,CUST000425,BR007,SENIOR CITIZEN SAVINGS,ACTIVE,3.0,2024-09-11,,2026-06-01 09:00:00
ACC001334,CUST002612,BR008,SENIOR CITIZEN SAVINGS,CLOSED,2.75,2023-12-16,2024-11-21,2026-06-01 09:00:00
ACC001335,CUST000929,BR008,SENIOR CITIZEN SAVINGS,ACTIVE,4.0,2024-07-18,,2026-06-01 09:00:00
ACC001336,CUST001511,BR004,REGULAR SAVINGS,ACTIVE,2.75,2024-06-01,,2026-06-01 09:00:00
ACC001337,CUST000016,BR006,SALARY SAVINGS,CLOSED,2.75,2025-08-04,2026-01-05,2026-06-01 09:00:00
ACC001338,CUST002658,BR006,REGULAR SAVINGS,ACTIVE,4.0,2023-08-26,,2026-06-01 09:00:00
ACC001339,CUST001291,BR008,REGULAR SAVINGS,ACTIVE,2.75,2024-08-14,,2026-06-01 09:00:00
ACC001340,CUST002436,BR002,SENIOR CITIZEN SAVINGS,ACTIVE,3.0,2024-09-17,,2026-06-01 09:00:00
ACC001341,CUST002260,BR006,REGULAR SAVINGS,ACTIVE,2.75,2025-05-23,,2026-06-01 09:00:00
ACC001342,CUST002614,BR006,SALARY SAVINGS,ACTIVE,3.0,2024-03-06,,2026-06-01 09:00:00
ACC001343,CUST001202,BR001,SALARY SAVINGS,ACTIVE,2.75,2025-09-12,,2026-06-01 09:00:00
ACC001344,CUST002724,BR003,REGULAR SAVINGS,ACTIVE,3.5,2024-09-11,,2026-06-01 09:00:00
ACC001345,CUST001150,BR006,SENIOR CITIZEN SAVINGS,CLOSED,4.0,2026-05-11,2026-05-17,2026-06-01 09:00:00
ACC001346,CUST001491,BR002,SALARY SAVINGS,ACTIVE,4.0,2026-04-15,,2026-06-01 09:00:00
ACC001347,CUST001667,BR001,SALARY SAVINGS,CLOSED,2.75,2025-10-05,2026-05-01,2026-06-01 09:00:00
ACC001348,CUST000757,BR002,SENIOR CITIZEN SAVINGS,DORMANT,3.0,2025-09-15,,2026-06-01 09:00:00
ACC001349,CUST002456,BR002,SALARY SAVINGS,ACTIVE,3.5,2024-08-04,,2026-06-01 09:00:00
ACC001350,CUST001368,BR006,REGULAR SAVINGS,ACTIVE,2.75,2026-05-19,,2026-06-01 09:00:00
ACC001351,CUST002385,BR002,SALARY SAVINGS,ACTIVE,3.0,2025-01-01,,2026-06-01 09:00:00
ACC001352,CUST002254,BR002,SENIOR CITIZEN SAVINGS,DORMANT,3.5,2026-05-13,,2026-06-01 09:00:00
ACC001353,CUST001219,BR002,REGULAR SAVINGS,ACTIVE,4.0,2025-04-25,,2026-06-01 09:00:00
ACC001354,CUST001278,BR007,SALARY SAVINGS,ACTIVE,2.75,2025-04-12,,2026-06-01 09:00:00
ACC001355,CUST000214,BR003,SENIOR CITIZEN SAVINGS,ACTIVE,2.75,2024-02-13,,2026-06-01 09:00:00
ACC001356,CUST000017,BR002,SALARY SAVINGS,ACTIVE,4.0,2023-10-09,,2026-06-01 09:00:00
ACC001357,CUST001663,BR002,SENIOR CITIZEN SAVINGS,ACTIVE,3.5,2023-12-31,,2026-06-01 09:00:00
ACC001358,CUST001015,BR002,SENIOR CITIZEN SAVINGS,ACTIVE,3.5,2026-02-24,,2026-06-01 09:00:00
ACC001359,CUST002331,BR002,SENIOR CITIZEN SAVINGS,ACTIVE,2.75,2025-06-25,,2026-06-01 09:00:00
ACC001360,CUST002901,BR003,SENIOR CITIZEN SAVINGS,ACTIVE,3.0,2024-09-11,,2026-06-01 09:00:00
ACC001361,CUST002088,BR004,SENIOR CITIZEN SAVINGS,ACTIVE,4.0,2025-01-01,,2026-06-01 09:00:00
ACC001362,CUST001120,BR004,REGULAR SAVINGS,ACTIVE,4.0,2024-02-18,,2026-06-01 09:00:00
ACC001363,CUST001761,BR004,SENIOR CITIZEN SAVINGS,ACTIVE,4.0,2024-10-18,,2026-06-01 09:00:00
ACC001364,CUST001199,BR006,SENIOR CITIZEN SAVINGS,ACTIVE,3.0,2025-03-26,,2026-06-01 09:00:00
ACC001365,CUST001686,BR005,REGULAR SAVINGS,ACTIVE,3.5,2025-02-06,,2026-06-01 09:00:00
ACC001366,CUST002896,BR007,SALARY SAVINGS,ACTIVE,3.5,2023-09-16,,2026-06-01 09:00:00
ACC001367,CUST000006,BR002,SENIOR CITIZEN SAVINGS,ACTIVE,4.0,2023-10-25,,2026-06-01 09:00:00
ACC001368,CUST001037,BR003,SENIOR CITIZEN SAVINGS,ACTIVE,3.0,2026-03-13,,2026-06-01 09:00:00
ACC001369,CUST000492,BR004,REGULAR SAVINGS,ACTIVE,3.0,2026-06-08,,2026-06-01 09:00:00
ACC001370,CUST001024,BR001,REGULAR SAVINGS,ACTIVE,2.75,2025-08-18,,2026-06-01 09:00:00
ACC001371,CUST000894,BR005,SENIOR CITIZEN SAVINGS,ACTIVE,2.75,2024-10-24,,2026-06-01 09:00:00
ACC001372,CUST000861,BR002,SALARY SAVINGS,ACTIVE,2.75,2024-12-10,,2026-06-01 09:00:00
ACC001373,CUST000846,BR008,SENIOR CITIZEN SAVINGS,ACTIVE,3.0,2026-04-04,,2026-06-01 09:00:00
ACC001374,CUST000505,BR006,SALARY SAVINGS,CLOSED,3.5,2024-12-22,2025-11-21,2026-06-01 09:00:00
ACC001375,CUST002702,BR005,SENIOR CITIZEN SAVINGS,ACTIVE,4.0,2024-03-28,,2026-06-01 09:00:00
ACC001376,CUST000598,BR004,SENIOR CITIZEN SAVINGS,ACTIVE,4.0,2024-12-19,,2026-06-01 09:00:00
ACC001377,CUST002713,BR004,SALARY SAVINGS,ACTIVE,4.0,2025-01-08,,2026-06-01 09:00:00
ACC001378,CUST001792,BR001,SALARY SAVINGS,ACTIVE,3.5,2024-03-27,,2026-06-01 09:00:00
ACC001379,CUST000650,BR001,SENIOR CITIZEN SAVINGS,ACTIVE,2.75,2026-05-22,,2026-06-01 09:00:00
ACC001380,CUST001185,BR004,SALARY SAVINGS,ACTIVE,4.0,2025-11-06,,2026-06-01 09:00:00
ACC001381,CUST000577,BR005,REGULAR SAVINGS,ACTIVE,3.5,2025-11-21,,2026-06-01 09:00:00
ACC001382,CUST001939,BR002,SENIOR CITIZEN SAVINGS,ACTIVE,4.0,2025-06-04,,2026-06-01 09:00:00
ACC001383,CUST000919,BR008,SALARY SAVINGS,ACTIVE,3.0,2024-12-30,,2026-06-01 09:00:00
ACC001384,CUST001954,BR007,REGULAR SAVINGS,ACTIVE,3.5,2025-07-08,,2026-06-01 09:00:00
ACC001385,CUST001795,BR003,SENIOR CITIZEN SAVINGS,ACTIVE,2.75,2023-11-18,,2026-06-01 09:00:00
ACC001386,CUST001991,BR007,SENIOR CITIZEN SAVINGS,CLOSED,3.0,2026-02-09,2026-08-01,2026-06-01 09:00:00
ACC001387,CUST002088,BR003,SALARY SAVINGS,ACTIVE,2.75,2024-01-17,,2026-06-01 09:00:00
ACC001388,CUST002139,BR005,SENIOR CITIZEN SAVINGS,ACTIVE,2.75,2025-04-16,,2026-06-01 09:00:00
ACC001389,CUST002116,BR005,SENIOR CITIZEN SAVINGS,ACTIVE,4.0,2023-11-22,,2026-06-01 09:00:00
ACC001390,CUST000439,BR004,REGULAR SAVINGS,ACTIVE,3.5,2025-01-06,,2026-06-01 09:00:00
ACC001391,CUST002738,BR003,REGULAR SAVINGS,CLOSED,4.0,2025-05-30,2026-05-13,2026-06-01 09:00:00
ACC001392,CUST000611,BR001,SENIOR CITIZEN SAVINGS,ACTIVE,3.5,2024-04-29,,2026-06-01 09:00:00
ACC001393,CUST001720,BR006,REGULAR SAVINGS,ACTIVE,2.75,2024-09-10,,2026-06-01 09:00:00
ACC001394,CUST000445,BR005,SALARY SAVINGS,ACTIVE,4.0,2024-02-20,,2026-06-01 09:00:00
ACC001395,CUST002402,BR004,SENIOR CITIZEN SAVINGS,ACTIVE,4.0,2025-10-22,,2026-06-01 09:00:00
ACC001396,CUST002316,BR006,SENIOR CITIZEN SAVINGS,ACTIVE,2.75,2024-02-01,,2026-06-01 09:00:00
ACC001397,CUST000804,BR004,SALARY SAVINGS,ACTIVE,3.5,2025-02-28,,2026-06-01 09:00:00
ACC001398,CUST001462,BR008,SALARY SAVINGS,ACTIVE,3.0,2024-10-06,,2026-06-01 09:00:00
ACC001399,CUST000933,BR007,REGULAR SAVINGS,ACTIVE,2.75,2023-09-26,,2026-06-01 09:00:00
ACC001400,CUST002315,BR003,REGULAR SAVINGS,ACTIVE,3.0,2023-12-02,,2026-06-01 09:00:00
ACC001401,CUST000840,BR008,SENIOR CITIZEN SAVINGS,ACTIVE,4.0,2023-12-11,,2026-06-01 09:00:00
ACC001402,CUST000298,BR002,REGULAR SAVINGS,ACTIVE,4.0,2024-01-23,,2026-06-01 09:00:00
ACC001403,CUST000879,BR004,SALARY SAVINGS,ACTIVE,3.5,2024-06-24,,2026-06-01 09:00:00
ACC001404,CUST000048,BR007,SENIOR CITIZEN SAVINGS,CLOSED,2.75,2026-06-05,2026-07-05,2026-06-01 09:00:00
ACC001405,CUST002412,BR008,REGULAR SAVINGS,ACTIVE,3.0,2024-06-08,,2026-06-01 09:00:00
ACC001406,CUST002506,BR002,SENIOR CITIZEN SAVINGS,ACTIVE,2.75,2024-05-25,,2026-06-01 09:00:00
ACC001407,CUST002200,BR004,SALARY SAVINGS,ACTIVE,2.75,2025-06-18,,2026-06-01 09:00:00
ACC001408,CUST002217,BR003,SALARY SAVINGS,DORMANT,2.75,2025-05-20,,2026-06-01 09:00:00
ACC001409,CUST000887,BR007,SENIOR CITIZEN SAVINGS,ACTIVE,3.5,2024-10-15,,2026-06-01 09:00:00
ACC001410,CUST002388,BR004,SENIOR CITIZEN SAVINGS,ACTIVE,3.5,2025-02-08,,2026-06-01 09:00:00
ACC001411,CUST001430,BR006,REGULAR SAVINGS,ACTIVE,4.0,2024-01-28,,2026-06-01 09:00:00
ACC001412,CUST000111,BR002,REGULAR SAVINGS,ACTIVE,2.75,2025-03-05,,2026-06-01 09:00:00
ACC001413,CUST000705,BR003,SENIOR CITIZEN SAVINGS,ACTIVE,3.0,2024-04-24,,2026-06-01 09:00:00
ACC001414,CUST000735,BR004,SALARY SAVINGS,ACTIVE,3.0,2024-03-09,,2026-06-01 09:00:00
ACC001415,CUST001888,BR001,REGULAR SAVINGS,ACTIVE,4.0,2023-11-11,,2026-06-01 09:00:00
ACC001416,CUST000129,BR002,SALARY SAVINGS,ACTIVE,3.0,2026-05-26,,2026-06-01 09:00:00
ACC001417,CUST002813,BR007,REGULAR SAVINGS,ACTIVE,3.0,2024-05-14,,2026-06-01 09:00:00
ACC001418,CUST001941,BR007,REGULAR SAVINGS,ACTIVE,2.75,2025-02-27,,2026-06-01 09:00:00
ACC001419,CUST002184,BR003,REGULAR SAVINGS,ACTIVE,4.0,2024-06-26,,2026-06-01 09:00:00
ACC001420,CUST000868,BR002,SALARY SAVINGS,ACTIVE,3.0,2025-01-22,,2026-06-01 09:00:00
ACC001421,CUST000940,BR003,SENIOR CITIZEN SAVINGS,ACTIVE,3.5,2025-09-03,,2026-06-01 09:00:00
ACC001422,CUST002274,BR006,SENIOR CITIZEN SAVINGS,ACTIVE,4.0,2023-12-13,,2026-06-01 09:00:00
ACC001423,CUST002183,BR004,SENIOR CITIZEN SAVINGS,ACTIVE,4.0,2024-01-14,,2026-06-01 09:00:00
ACC001424,CUST001824,BR005,REGULAR SAVINGS,ACTIVE,3.5,2023-09-01,,2026-06-01 09:00:00
ACC001425,CUST000083,BR004,SENIOR CITIZEN SAVINGS,ACTIVE,4.0,2024-03-22,,2026-06-01 09:00:00
ACC001426,CUST001905,BR002,REGULAR SAVINGS,ACTIVE,2.75,2026-06-06,,2026-06-01 09:00:00
ACC001427,CUST000221,BR004,SALARY SAVINGS,ACTIVE,2.75,2024-12-12,,2026-06-01 09:00:00
ACC001428,CUST002661,BR003,SENIOR CITIZEN SAVINGS,ACTIVE,2.75,2026-05-24,,2026-06-01 09:00:00
ACC001429,CUST000950,BR003,SENIOR CITIZEN SAVINGS,DORMANT,3.0,2025-07-21,,2026-06-01 09:00:00
ACC001430,CUST002486,BR002,REGULAR SAVINGS,ACTIVE,3.0,2026-05-21,,2026-06-01 09:00:00
ACC001431,CUST001390,BR002,SENIOR CITIZEN SAVINGS,ACTIVE,3.5,2025-02-10,,2026-06-01 09:00:00
ACC001432,CUST000558,BR003,REGULAR SAVINGS,ACTIVE,2.75,2025-11-19,,2026-06-01 09:00:00
ACC001433,CUST000573,BR004,SENIOR CITIZEN SAVINGS,ACTIVE,2.75,2023-11-15,,2026-06-01 09:00:00
ACC001434,CUST001812,BR002,SENIOR CITIZEN SAVINGS,ACTIVE,4.0,2026-05-30,,2026-06-01 09:00:00
ACC001435,CUST000329,BR006,SALARY SAVINGS,ACTIVE,4.0,2024-12-18,,2026-06-01 09:00:00
ACC001436,CUST001384,BR001,REGULAR SAVINGS,ACTIVE,2.75,2025-01-06,,2026-06-01 09:00:00
ACC001437,CUST002724,BR001,REGULAR SAVINGS,ACTIVE,2.75,2025-02-01,,2026-06-01 09:00:00
ACC001438,CUST002610,BR002,SALARY SAVINGS,ACTIVE,2.75,2025-09-20,,2026-06-01 09:00:00
ACC001439,CUST000403,BR008,SENIOR CITIZEN SAVINGS,ACTIVE,3.5,2025-11-08,,2026-06-01 09:00:00
ACC001440,CUST002478,BR001,SALARY SAVINGS,CLOSED,3.0,2025-05-27,2026-01-01,2026-06-01 09:00:00
ACC001441,CUST001553,BR002,SALARY SAVINGS,ACTIVE,3.5,2025-02-01,,2026-06-01 09:00:00
ACC001442,CUST000653,BR002,SENIOR CITIZEN SAVINGS,ACTIVE,3.0,2024-03-22,,2026-06-01 09:00:00
ACC001443,CUST002212,BR008,REGULAR SAVINGS,ACTIVE,3.5,2024-06-08,,2026-06-01 09:00:00
ACC001444,CUST000617,BR003,REGULAR SAVINGS,ACTIVE,3.5,2025-05-17,,2026-06-01 09:00:00
ACC001445,CUST001287,BR007,SALARY SAVINGS,ACTIVE,4.0,2025-02-17,,2026-06-01 09:00:00
ACC001446,CUST001915,BR001,REGULAR SAVINGS,ACTIVE,2.75,2024-09-18,,2026-06-01 09:00:00
ACC001447,CUST002712,BR005,SENIOR CITIZEN SAVINGS,ACTIVE,3.0,2024-06-18,,2026-06-01 09:00:00
ACC001448,CUST001399,BR002,SALARY SAVINGS,ACTIVE,3.5,2024-01-26,,2026-06-01 09:00:00
ACC001449,CUST002172,BR003,REGULAR SAVINGS,ACTIVE,4.0,2024-09-02,,2026-06-01 09:00:00
ACC001450,CUST000966,BR007,SENIOR CITIZEN SAVINGS,ACTIVE,3.0,2026-06-15,,2026-06-01 09:00:00
ACC001451,CUST000934,BR006,SALARY SAVINGS,ACTIVE,3.5,2025-09-11,,2026-06-01 09:00:00
ACC001452,CUST001271,BR003,SENIOR CITIZEN SAVINGS,ACTIVE,4.0,2024-07-11,,2026-06-01 09:00:00
ACC001453,CUST002926,BR001,REGULAR SAVINGS,ACTIVE,4.0,2025-09-01,,2026-06-01 09:00:00
ACC001454,CUST000985,BR007,REGULAR SAVINGS,ACTIVE,4.0,2026-01-23,,2026-06-01 09:00:00
ACC001455,CUST002558,BR003,SALARY SAVINGS,ACTIVE,3.0,2024-09-03,,2026-06-01 09:00:00
ACC001456,CUST000193,BR002,SENIOR CITIZEN SAVINGS,ACTIVE,4.0,2024-09-26,,2026-06-01 09:00:00
ACC001457,CUST000509,BR001,SALARY SAVINGS,ACTIVE,3.5,2026-01-14,,2026-06-01 09:00:00
ACC001458,CUST002637,BR003,REGULAR SAVINGS,ACTIVE,4.0,2026-06-07,,2026-06-01 09:00:00
ACC001459,CUST002113,BR004,REGULAR SAVINGS,ACTIVE,4.0,2025-10-08,,2026-06-01 09:00:00
ACC001460,CUST002165,BR002,REGULAR SAVINGS,ACTIVE,4.0,2024-03-02,,2026-06-01 09:00:00
ACC001461,CUST002757,BR002,SENIOR CITIZEN SAVINGS,ACTIVE,3.0,2025-02-05,,2026-06-01 09:00:00
ACC001462,CUST002777,BR005,SENIOR CITIZEN SAVINGS,ACTIVE,3.0,2025-04-11,,2026-06-01 09:00:00
ACC001463,CUST002743,BR005,REGULAR SAVINGS,ACTIVE,4.0,2024-01-09,,2026-06-01 09:00:00
ACC001464,CUST000995,BR007,SENIOR CITIZEN SAVINGS,ACTIVE,3.0,2023-12-08,,2026-06-01 09:00:00
ACC001465,CUST002165,BR007,SALARY SAVINGS,ACTIVE,3.0,2026-03-12,,2026-06-01 09:00:00
ACC001466,CUST000337,BR008,SALARY SAVINGS,ACTIVE,2.75,2025-04-15,,2026-06-01 09:00:00
ACC001467,CUST002588,BR007,SALARY SAVINGS,ACTIVE,3.0,2026-02-02,,2026-06-01 09:00:00
ACC001468,CUST001191,BR001,REGULAR SAVINGS,ACTIVE,3.0,2025-08-17,,2026-06-01 09:00:00
ACC001469,CUST002954,BR006,REGULAR SAVINGS,ACTIVE,3.5,2025-12-09,,2026-06-01 09:00:00
ACC001470,CUST001204,BR004,SALARY SAVINGS,ACTIVE,2.75,2023-09-13,,2026-06-01 09:00:00
ACC001471,CUST001546,BR005,SALARY SAVINGS,ACTIVE,4.0,2025-03-02,,2026-06-01 09:00:00
ACC001472,CUST002102,BR001,SALARY SAVINGS,ACTIVE,3.0,2026-05-07,,2026-06-01 09:00:00
ACC001473,CUST000989,BR003,REGULAR SAVINGS,ACTIVE,3.5,2023-12-03,,2026-06-01 09:00:00
ACC001474,CUST001908,BR001,SENIOR CITIZEN SAVINGS,ACTIVE,3.5,2025-12-09,,2026-06-01 09:00:00
ACC001475,CUST002618,BR001,REGULAR SAVINGS,ACTIVE,3.5,2024-02-23,,2026-06-01 09:00:00
ACC001476,CUST000856,BR006,SALARY SAVINGS,ACTIVE,3.0,2024-01-11,,2026-06-01 09:00:00
ACC001477,CUST002405,BR006,REGULAR SAVINGS,ACTIVE,2.75,2025-02-12,,2026-06-01 09:00:00
ACC001478,CUST000580,BR002,SENIOR CITIZEN SAVINGS,ACTIVE,2.75,2023-09-23,,2026-06-01 09:00:00
ACC001479,CUST001863,BR008,SENIOR CITIZEN SAVINGS,ACTIVE,2.75,2024-05-09,,2026-06-01 09:00:00
ACC001480,CUST000814,BR004,REGULAR SAVINGS,ACTIVE,2.75,2023-11-15,,2026-06-01 09:00:00
ACC001481,CUST002018,BR004,SALARY SAVINGS,ACTIVE,3.0,2026-03-03,,2026-06-01 09:00:00
ACC001482,CUST000925,BR001,SENIOR CITIZEN SAVINGS,DORMANT,4.0,2025-05-17,,2026-06-01 09:00:00
ACC001483,CUST000315,BR002,SALARY SAVINGS,ACTIVE,4.0,2025-01-17,,2026-06-01 09:00:00
ACC001484,CUST001595,BR002,SALARY SAVINGS,CLOSED,4.0,2023-10-04,2024-11-17,2026-06-01 09:00:00
ACC001485,CUST002264,BR001,REGULAR SAVINGS,DORMANT,2.75,2023-11-16,,2026-06-01 09:00:00
ACC001486,CUST000109,BR001,SALARY SAVINGS,ACTIVE,2.75,2023-11-17,,2026-06-01 09:00:00
ACC001487,CUST000459,BR003,SALARY SAVINGS,ACTIVE,2.75,2024-01-29,,2026-06-01 09:00:00
ACC001488,CUST001368,BR008,SALARY SAVINGS,ACTIVE,4.0,2024-08-31,,2026-06-01 09:00:00
ACC001489,CUST002442,BR002,SENIOR CITIZEN SAVINGS,DORMANT,4.0,2026-01-04,,2026-06-01 09:00:00
ACC001490,CUST002786,BR004,SALARY SAVINGS,ACTIVE,4.0,2025-08-23,,2026-06-01 09:00:00
ACC001491,CUST000549,BR001,REGULAR SAVINGS,ACTIVE,2.75,2025-03-10,,2026-06-01 09:00:00
ACC001492,CUST000505,BR005,REGULAR SAVINGS,ACTIVE,2.75,2024-09-20,,2026-06-01 09:00:00
ACC001493,CUST000948,BR007,REGULAR SAVINGS,ACTIVE,4.0,2023-12-14,,2026-06-01 09:00:00
ACC001494,CUST002403,BR003,SENIOR CITIZEN SAVINGS,ACTIVE,4.0,2025-01-06,,2026-06-01 09:00:00
ACC001495,CUST000646,BR004,SALARY SAVINGS,ACTIVE,3.0,2026-01-14,,2026-06-01 09:00:00
ACC001496,CUST001127,BR006,REGULAR SAVINGS,ACTIVE,3.5,2023-09-28,,2026-06-01 09:00:00
ACC001497,CUST001046,BR001,SENIOR CITIZEN SAVINGS,ACTIVE,3.5,2025-01-23,,2026-06-01 09:00:00
ACC001498,CUST001669,BR001,SALARY SAVINGS,ACTIVE,3.5,2026-04-03,,2026-06-01 09:00:00
ACC001499,CUST000974,BR008,SENIOR CITIZEN SAVINGS,ACTIVE,4.0,2025-01-25,,2026-06-01 09:00:00
ACC001500,CUST000190,BR002,SALARY SAVINGS,ACTIVE,2.75,2024-03-07,,2026-06-01 09:00:00
ACC001501,CUST000074,BR001,REGULAR SAVINGS,DORMANT,3.0,2024-02-16,,2026-06-01 09:00:00
ACC001502,CUST002131,BR004,SENIOR CITIZEN SAVINGS,ACTIVE,3.5,2025-04-16,,2026-06-01 09:00:00
ACC001503,CUST000363,BR001,SALARY SAVINGS,ACTIVE,4.0,2023-11-09,,2026-06-01 09:00:00
ACC001504,CUST000298,BR006,REGULAR SAVINGS,ACTIVE,3.0,2026-01-08,,2026-06-01 09:00:00
ACC001505,CUST000896,BR005,SALARY SAVINGS,ACTIVE,3.5,2025-12-28,,2026-06-01 09:00:00
ACC001506,CUST002086,BR003,SALARY SAVINGS,ACTIVE,4.0,2025-11-01,,2026-06-01 09:00:00
ACC001507,CUST002566,BR008,SENIOR CITIZEN SAVINGS,ACTIVE,4.0,2026-02-17,,2026-06-01 09:00:00
ACC001508,CUST000585,BR004,REGULAR SAVINGS,ACTIVE,3.5,2024-02-20,,2026-06-01 09:00:00
ACC001509,CUST000475,BR004,REGULAR SAVINGS,DORMANT,3.5,2025-06-13,,2026-06-01 09:00:00
ACC001510,CUST002162,BR008,REGULAR SAVINGS,ACTIVE,3.0,2024-12-08,,2026-06-01 09:00:00
ACC001511,CUST001954,BR003,REGULAR SAVINGS,ACTIVE,4.0,2025-03-04,,2026-06-01 09:00:00
ACC001512,CUST002643,BR006,SENIOR CITIZEN SAVINGS,ACTIVE,2.75,2024-06-28,,2026-06-01 09:00:00
ACC001513,CUST001518,BR008,REGULAR SAVINGS,ACTIVE,2.75,2024-09-02,,2026-06-01 09:00:00
ACC001514,CUST002079,BR006,SALARY SAVINGS,ACTIVE,2.75,2026-05-10,,2026-06-01 09:00:00
ACC001515,CUST002352,BR003,SALARY SAVINGS,ACTIVE,2.75,2024-01-10,,2026-06-01 09:00:00
ACC001516,CUST001046,BR003,SENIOR CITIZEN SAVINGS,ACTIVE,4.0,2024-04-17,,2026-06-01 09:00:00
ACC001517,CUST002347,BR007,SENIOR CITIZEN SAVINGS,DORMANT,4.0,2025-10-15,,2026-06-01 09:00:00
ACC001518,CUST001215,BR008,SALARY SAVINGS,DORMANT,2.75,2025-05-03,,2026-06-01 09:00:00
ACC001519,CUST000595,BR006,SENIOR CITIZEN SAVINGS,ACTIVE,4.0,2026-05-14,,2026-06-01 09:00:00
ACC001520,CUST001017,BR003,SALARY SAVINGS,ACTIVE,3.5,2025-02-11,,2026-06-01 09:00:00
ACC001521,CUST000088,BR005,REGULAR SAVINGS,CLOSED,3.0,2024-08-20,2025-11-16,2026-06-01 09:00:00
ACC001522,CUST000444,BR003,REGULAR SAVINGS,ACTIVE,3.0,2025-04-14,,2026-06-01 09:00:00
ACC001523,CUST001761,BR007,SENIOR CITIZEN SAVINGS,ACTIVE,2.75,2025-02-22,,2026-06-01 09:00:00
ACC001524,CUST000095,BR008,REGULAR SAVINGS,ACTIVE,3.0,2025-09-16,,2026-06-01 09:00:00
ACC001525,CUST001873,BR007,REGULAR SAVINGS,ACTIVE,2.75,2025-09-15,,2026-06-01 09:00:00
ACC001526,CUST000885,BR005,REGULAR SAVINGS,ACTIVE,3.0,2026-04-03,,2026-06-01 09:00:00
ACC001527,CUST001335,BR006,SENIOR CITIZEN SAVINGS,DORMANT,3.0,2024-02-19,,2026-06-01 09:00:00
ACC001528,CUST000568,BR001,SALARY SAVINGS,ACTIVE,3.5,2023-10-18,,2026-06-01 09:00:00
ACC001529,CUST001670,BR002,SENIOR CITIZEN SAVINGS,DORMANT,3.0,2024-08-21,,2026-06-01 09:00:00
ACC001530,CUST002499,BR007,REGULAR SAVINGS,ACTIVE,3.5,2025-11-18,,2026-06-01 09:00:00
ACC001531,CUST001664,BR006,SALARY SAVINGS,ACTIVE,3.0,2024-05-22,,2026-06-01 09:00:00
ACC001532,CUST000383,BR007,SENIOR CITIZEN SAVINGS,ACTIVE,4.0,2026-04-18,,2026-06-01 09:00:00
ACC001533,CUST000299,BR004,SALARY SAVINGS,ACTIVE,2.75,2025-11-22,,2026-06-01 09:00:00
ACC001534,CUST000403,BR003,SALARY SAVINGS,ACTIVE,3.0,2026-03-16,,2026-06-01 09:00:00
ACC001535,CUST002341,BR006,REGULAR SAVINGS,ACTIVE,2.75,2023-09-02,,2026-06-01 09:00:00
ACC001536,CUST001094,BR007,SALARY SAVINGS,ACTIVE,3.0,2024-03-01,,2026-06-01 09:00:00
ACC001537,CUST002085,BR005,REGULAR SAVINGS,DORMANT,2.75,2023-11-24,,2026-06-01 09:00:00
ACC001538,CUST001960,BR004,SENIOR CITIZEN SAVINGS,ACTIVE,2.75,2025-11-17,,2026-06-01 09:00:00
ACC001539,CUST001779,BR007,REGULAR SAVINGS,ACTIVE,4.0,2025-12-23,,2026-06-01 09:00:00
ACC001540,CUST000479,BR007,SENIOR CITIZEN SAVINGS,ACTIVE,3.0,2025-01-01,,2026-06-01 09:00:00
ACC001541,CUST000792,BR006,REGULAR SAVINGS,ACTIVE,2.75,2025-09-02,,2026-06-01 09:00:00
ACC001542,CUST001537,BR001,SENIOR CITIZEN SAVINGS,ACTIVE,3.5,2024-04-20,,2026-06-01 09:00:00
ACC001543,CUST002485,BR002,SALARY SAVINGS,ACTIVE,3.5,2024-08-11,,2026-06-01 09:00:00
ACC001544,CUST000726,BR004,SENIOR CITIZEN SAVINGS,ACTIVE,4.0,2025-09-28,,2026-06-01 09:00:00
ACC001545,CUST000589,BR001,SALARY SAVINGS,ACTIVE,3.5,2025-02-28,,2026-06-01 09:00:00
ACC001546,CUST001107,BR001,SENIOR CITIZEN SAVINGS,ACTIVE,4.0,2024-12-01,,2026-06-01 09:00:00
ACC001547,CUST001154,BR007,SALARY SAVINGS,ACTIVE,3.0,2025-05-28,,2026-06-01 09:00:00
ACC001548,CUST000573,BR007,SENIOR CITIZEN SAVINGS,ACTIVE,4.0,2024-08-11,,2026-06-01 09:00:00
ACC001549,CUST000562,BR006,REGULAR SAVINGS,ACTIVE,2.75,2024-01-03,,2026-06-01 09:00:00
ACC001550,CUST002016,BR008,REGULAR SAVINGS,DORMANT,4.0,2026-02-24,,2026-06-01 09:00:00
ACC001551,CUST002316,BR002,SENIOR CITIZEN SAVINGS,ACTIVE,3.5,2025-09-18,,2026-06-01 09:00:00
ACC001552,CUST002764,BR005,REGULAR SAVINGS,CLOSED,2.75,2025-09-03,2026-01-03,2026-06-01 09:00:00
ACC001553,CUST000831,BR008,REGULAR SAVINGS,ACTIVE,3.0,2024-03-15,,2026-06-01 09:00:00
ACC001554,CUST001287,BR006,SALARY SAVINGS,ACTIVE,3.0,2024-10-26,,2026-06-01 09:00:00
ACC001555,CUST000446,BR008,REGULAR SAVINGS,ACTIVE,2.75,2025-04-17,,2026-06-01 09:00:00
ACC001556,CUST000673,BR002,REGULAR SAVINGS,ACTIVE,2.75,2025-02-03,,2026-06-01 09:00:00
ACC001557,CUST001556,BR002,REGULAR SAVINGS,ACTIVE,3.0,2025-02-10,,2026-06-01 09:00:00
ACC001558,CUST002103,BR006,SENIOR CITIZEN SAVINGS,ACTIVE,3.0,2026-02-27,,2026-06-01 09:00:00
ACC001559,CUST002349,BR006,REGULAR SAVINGS,ACTIVE,4.0,2025-03-10,,2026-06-01 09:00:00
ACC001560,CUST001833,BR002,SENIOR CITIZEN SAVINGS,ACTIVE,3.5,2025-07-15,,2026-06-01 09:00:00
ACC001561,CUST000202,BR003,SALARY SAVINGS,ACTIVE,3.5,2026-01-24,,2026-06-01 09:00:00
ACC001562,CUST001205,BR001,SALARY SAVINGS,ACTIVE,2.75,2026-01-05,,2026-06-01 09:00:00
ACC001563,CUST000217,BR004,SALARY SAVINGS,ACTIVE,4.0,2025-08-09,,2026-06-01 09:00:00
ACC001564,CUST000417,BR007,REGULAR SAVINGS,ACTIVE,4.0,2026-01-24,,2026-06-01 09:00:00
ACC001565,CUST001898,BR008,REGULAR SAVINGS,DORMANT,3.0,2023-09-05,,2026-06-01 09:00:00
ACC001566,CUST000058,BR003,SENIOR CITIZEN SAVINGS,DORMANT,2.75,2024-11-24,,2026-06-01 09:00:00
ACC001567,CUST002197,BR003,SALARY SAVINGS,ACTIVE,2.75,2025-12-28,,2026-06-01 09:00:00
ACC001568,CUST002128,BR007,SALARY SAVINGS,ACTIVE,3.0,2023-09-28,,2026-06-01 09:00:00
ACC001569,CUST002013,BR008,REGULAR SAVINGS,ACTIVE,3.0,2026-05-28,,2026-06-01 09:00:00
ACC001570,CUST002210,BR004,REGULAR SAVINGS,ACTIVE,2.75,2025-05-28,,2026-06-01 09:00:00
ACC001571,CUST002227,BR006,REGULAR SAVINGS,ACTIVE,4.0,2024-10-25,,2026-06-01 09:00:00
ACC001572,CUST002345,BR008,SENIOR CITIZEN SAVINGS,ACTIVE,2.75,2024-04-04,,2026-06-01 09:00:00
ACC001573,CUST002411,BR007,REGULAR SAVINGS,ACTIVE,4.0,2023-11-29,,2026-06-01 09:00:00
ACC001574,CUST001858,BR008,SALARY SAVINGS,ACTIVE,2.75,2025-09-24,,2026-06-01 09:00:00
ACC001575,CUST000967,BR007,REGULAR SAVINGS,DORMANT,3.0,2025-06-03,,2026-06-01 09:00:00
ACC001576,CUST001496,BR001,REGULAR SAVINGS,ACTIVE,4.0,2024-12-20,,2026-06-01 09:00:00
ACC001577,CUST002699,BR003,SALARY SAVINGS,ACTIVE,3.0,2025-08-14,,2026-06-01 09:00:00
ACC001578,CUST001344,BR003,SENIOR CITIZEN SAVINGS,CLOSED,2.75,2025-01-15,2025-08-24,2026-06-01 09:00:00
ACC001579,CUST002702,BR006,SENIOR CITIZEN SAVINGS,ACTIVE,2.75,2024-06-01,,2026-06-01 09:00:00
ACC001580,CUST001833,BR002,REGULAR SAVINGS,ACTIVE,3.5,2025-05-22,,2026-06-01 09:00:00
ACC001581,CUST000299,BR003,REGULAR SAVINGS,CLOSED,2.75,2025-07-05,2025-09-02,2026-06-01 09:00:00
ACC001582,CUST001341,BR007,REGULAR SAVINGS,ACTIVE,4.0,2025-04-07,,2026-06-01 09:00:00
ACC001583,CUST002284,BR005,SENIOR CITIZEN SAVINGS,ACTIVE,3.0,2024-03-09,,2026-06-01 09:00:00
ACC001584,CUST002220,BR005,REGULAR SAVINGS,CLOSED,2.75,2023-09-22,2026-05-28,2026-06-01 09:00:00
ACC001585,CUST000155,BR006,SENIOR CITIZEN SAVINGS,CLOSED,2.75,2025-12-21,2026-01-29,2026-06-01 09:00:00
ACC001586,CUST002989,BR004,SENIOR CITIZEN SAVINGS,CLOSED,4.0,2024-03-03,2025-07-09,2026-06-01 09:00:00
ACC001587,CUST002936,BR005,SALARY SAVINGS,ACTIVE,3.5,2024-04-28,,2026-06-01 09:00:00
ACC001588,CUST002481,BR006,SALARY SAVINGS,ACTIVE,2.75,2025-10-28,,2026-06-01 09:00:00
ACC001589,CUST001421,BR008,REGULAR SAVINGS,CLOSED,4.0,2023-09-28,2025-05-26,2026-06-01 09:00:00
ACC001590,CUST002848,BR008,REGULAR SAVINGS,ACTIVE,2.75,2026-04-06,,2026-06-01 09:00:00
ACC001591,CUST000964,BR007,REGULAR SAVINGS,ACTIVE,4.0,2025-03-01,,2026-06-01 09:00:00
ACC001592,CUST002209,BR003,SALARY SAVINGS,DORMANT,2.75,2024-10-26,,2026-06-01 09:00:00
ACC001593,CUST001126,BR007,REGULAR SAVINGS,CLOSED,2.75,2024-06-23,2024-07-22,2026-06-01 09:00:00
ACC001594,CUST002947,BR008,SALARY SAVINGS,ACTIVE,4.0,2026-05-09,,2026-06-01 09:00:00
ACC001595,CUST001575,BR003,SENIOR CITIZEN SAVINGS,ACTIVE,4.0,2026-02-13,,2026-06-01 09:00:00
ACC001596,CUST000631,BR003,REGULAR SAVINGS,ACTIVE,3.5,2024-01-09,,2026-06-01 09:00:00
ACC001597,CUST002024,BR001,REGULAR SAVINGS,ACTIVE,3.5,2026-03-10,,2026-06-01 09:00:00
ACC001598,CUST001633,BR003,SENIOR CITIZEN SAVINGS,ACTIVE,3.0,2024-03-24,,2026-06-01 09:00:00
ACC001599,CUST001104,BR001,SALARY SAVINGS,ACTIVE,3.5,2024-11-06,,2026-06-01 09:00:00
ACC001600,CUST001561,BR006,REGULAR SAVINGS,ACTIVE,4.0,2025-08-25,,2026-06-01 09:00:00
ACC001601,CUST002757,BR002,SENIOR CITIZEN SAVINGS,ACTIVE,3.0,2025-09-03,,2026-06-01 09:00:00
ACC001602,CUST000721,BR006,REGULAR SAVINGS,ACTIVE,3.5,2023-12-18,,2026-06-01 09:00:00
ACC001603,CUST002145,BR007,REGULAR SAVINGS,ACTIVE,4.0,2024-09-07,,2026-06-01 09:00:00
ACC001604,CUST000575,BR006,REGULAR SAVINGS,ACTIVE,3.5,2024-02-14,,2026-06-01 09:00:00
ACC001605,CUST002597,BR003,REGULAR SAVINGS,ACTIVE,3.5,2025-03-23,,2026-06-01 09:00:00
ACC001606,CUST000797,BR002,SALARY SAVINGS,ACTIVE,3.5,2024-02-22,,2026-06-01 09:00:00
ACC001607,CUST000327,BR006,SALARY SAVINGS,ACTIVE,3.0,2025-04-19,,2026-06-01 09:00:00
ACC001608,CUST002960,BR008,SALARY SAVINGS,DORMANT,3.0,2024-04-29,,2026-06-01 09:00:00
ACC001609,CUST001594,BR003,SENIOR CITIZEN SAVINGS,ACTIVE,3.0,2024-02-02,,2026-06-01 09:00:00
ACC001610,CUST000908,BR004,SENIOR CITIZEN SAVINGS,ACTIVE,3.5,2025-12-07,,2026-06-01 09:00:00
ACC001611,CUST001516,BR002,SENIOR CITIZEN SAVINGS,DORMANT,3.0,2025-05-01,,2026-06-01 09:00:00
ACC001612,CUST000436,BR007,SENIOR CITIZEN SAVINGS,ACTIVE,3.5,2023-11-25,,2026-06-01 09:00:00
ACC001613,CUST002006,BR005,SENIOR CITIZEN SAVINGS,DORMANT,4.0,2025-05-02,,2026-06-01 09:00:00
ACC001614,CUST001329,BR001,SENIOR CITIZEN SAVINGS,ACTIVE,3.5,2023-11-08,,2026-06-01 09:00:00
ACC001615,CUST001177,BR005,SALARY SAVINGS,ACTIVE,3.0,2026-02-23,,2026-06-01 09:00:00
ACC001616,CUST002573,BR002,REGULAR SAVINGS,DORMANT,2.75,2024-09-02,,2026-06-01 09:00:00
ACC001617,CUST001972,BR008,SENIOR CITIZEN SAVINGS,ACTIVE,3.0,2024-06-16,,2026-06-01 09:00:00
ACC001618,CUST002887,BR006,REGULAR SAVINGS,ACTIVE,3.0,2023-11-19,,2026-06-01 09:00:00
ACC001619,CUST000353,BR006,REGULAR SAVINGS,ACTIVE,3.0,2024-03-30,,2026-06-01 09:00:00
ACC001620,CUST001333,BR005,SALARY SAVINGS,ACTIVE,4.0,2025-02-02,,2026-06-01 09:00:00
ACC001621,CUST000829,BR002,SALARY SAVINGS,ACTIVE,3.0,2024-09-04,,2026-06-01 09:00:00
ACC001622,CUST002537,BR004,SENIOR CITIZEN SAVINGS,ACTIVE,4.0,2023-10-27,,2026-06-01 09:00:00
ACC001623,CUST000399,BR004,SALARY SAVINGS,ACTIVE,4.0,2025-06-20,,2026-06-01 09:00:00
ACC001624,CUST000188,BR001,REGULAR SAVINGS,CLOSED,3.5,2023-09-19,2023-12-13,2026-06-01 09:00:00
ACC001625,CUST002856,BR002,REGULAR SAVINGS,CLOSED,3.5,2026-04-03,2026-05-18,2026-06-01 09:00:00
ACC001626,CUST000145,BR006,SENIOR CITIZEN SAVINGS,ACTIVE,3.0,2025-05-31,,2026-06-01 09:00:00
ACC001627,CUST002168,BR002,SENIOR CITIZEN SAVINGS,ACTIVE,4.0,2025-09-13,,2026-06-01 09:00:00
ACC001628,CUST000540,BR008,REGULAR SAVINGS,ACTIVE,2.75,2025-09-24,,2026-06-01 09:00:00
ACC001629,CUST000963,BR006,REGULAR SAVINGS,ACTIVE,4.0,2023-12-08,,2026-06-01 09:00:00
ACC001630,CUST001356,BR007,SALARY SAVINGS,ACTIVE,4.0,2025-11-22,,2026-06-01 09:00:00
ACC001631,CUST002391,BR007,SALARY SAVINGS,ACTIVE,4.0,2025-11-30,,2026-06-01 09:00:00
ACC001632,CUST001224,BR003,SALARY SAVINGS,ACTIVE,3.0,2025-11-14,,2026-06-01 09:00:00
ACC001633,CUST002090,BR006,SALARY SAVINGS,ACTIVE,3.5,2024-06-24,,2026-06-01 09:00:00
ACC001634,CUST002410,BR007,SALARY SAVINGS,ACTIVE,3.5,2025-11-17,,2026-06-01 09:00:00
ACC001635,CUST002920,BR005,SALARY SAVINGS,ACTIVE,3.0,2025-09-04,,2026-06-01 09:00:00
ACC001636,CUST002517,BR002,SALARY SAVINGS,ACTIVE,2.75,2024-01-08,,2026-06-01 09:00:00
ACC001637,CUST001362,BR001,REGULAR SAVINGS,DORMANT,3.0,2025-04-06,,2026-06-01 09:00:00
ACC001638,CUST000162,BR001,SALARY SAVINGS,ACTIVE,3.0,2024-05-26,,2026-06-01 09:00:00
ACC001639,CUST002619,BR004,REGULAR SAVINGS,ACTIVE,3.0,2026-04-17,,2026-06-01 09:00:00
ACC001640,CUST000538,BR002,REGULAR SAVINGS,DORMANT,3.5,2025-09-20,,2026-06-01 09:00:00
ACC001641,CUST000854,BR001,REGULAR SAVINGS,ACTIVE,3.5,2023-12-24,,2026-06-01 09:00:00
ACC001642,CUST002138,BR004,REGULAR SAVINGS,ACTIVE,4.0,2026-03-02,,2026-06-01 09:00:00
ACC001643,CUST002794,BR002,SENIOR CITIZEN SAVINGS,ACTIVE,3.5,2026-01-28,,2026-06-01 09:00:00
ACC001644,CUST002150,BR007,SENIOR CITIZEN SAVINGS,ACTIVE,4.0,2025-12-20,,2026-06-01 09:00:00
ACC001645,CUST002010,BR003,SENIOR CITIZEN SAVINGS,CLOSED,4.0,2024-09-12,2025-10-14,2026-06-01 09:00:00
ACC001646,CUST000910,BR007,SALARY SAVINGS,DORMANT,4.0,2024-11-18,,2026-06-01 09:00:00
ACC001647,CUST002947,BR005,REGULAR SAVINGS,ACTIVE,4.0,2025-12-09,,2026-06-01 09:00:00
ACC001648,CUST000532,BR006,SALARY SAVINGS,DORMANT,3.0,2024-12-07,,2026-06-01 09:00:00
ACC001649,CUST000857,BR002,REGULAR SAVINGS,ACTIVE,3.0,2024-11-12,,2026-06-01 09:00:00
ACC001650,CUST002899,BR002,REGULAR SAVINGS,ACTIVE,3.0,2025-07-19,,2026-06-01 09:00:00
ACC001651,CUST000518,BR004,SENIOR CITIZEN SAVINGS,DORMANT,3.0,2023-12-22,,2026-06-01 09:00:00
ACC001652,CUST000030,BR005,SENIOR CITIZEN SAVINGS,ACTIVE,2.75,2025-12-18,,2026-06-01 09:00:00
ACC001653,CUST000034,BR002,SALARY SAVINGS,ACTIVE,3.0,2025-03-25,,2026-06-01 09:00:00
ACC001654,CUST000656,BR004,SENIOR CITIZEN SAVINGS,ACTIVE,4.0,2026-01-05,,2026-06-01 09:00:00
ACC001655,CUST000677,BR008,REGULAR SAVINGS,ACTIVE,4.0,2025-11-05,,2026-06-01 09:00:00
ACC001656,CUST002725,BR008,SALARY SAVINGS,ACTIVE,3.0,2026-06-07,,2026-06-01 09:00:00
ACC001657,CUST001967,BR008,SALARY SAVINGS,ACTIVE,3.5,2024-06-19,,2026-06-01 09:00:00
ACC001658,CUST002303,BR005,REGULAR SAVINGS,ACTIVE,4.0,2025-06-02,,2026-06-01 09:00:00
ACC001659,CUST002340,BR001,REGULAR SAVINGS,ACTIVE,3.5,2025-04-07,,2026-06-01 09:00:00
ACC001660,CUST002093,BR008,SENIOR CITIZEN SAVINGS,DORMANT,4.0,2024-06-20,,2026-06-01 09:00:00
ACC001661,CUST000988,BR002,REGULAR SAVINGS,ACTIVE,4.0,2023-10-01,,2026-06-01 09:00:00
ACC001662,CUST002943,BR008,REGULAR SAVINGS,ACTIVE,2.75,2024-01-15,,2026-06-01 09:00:00
ACC001663,CUST000260,BR008,SENIOR CITIZEN SAVINGS,ACTIVE,3.0,2024-01-08,,2026-06-01 09:00:00
ACC001664,CUST002984,BR004,REGULAR SAVINGS,CLOSED,3.0,2026-01-31,2026-06-17,2026-06-01 09:00:00
ACC001665,CUST001335,BR003,SENIOR CITIZEN SAVINGS,ACTIVE,3.0,2025-05-15,,2026-06-01 09:00:00
ACC001666,CUST002519,BR004,REGULAR SAVINGS,DORMANT,4.0,2026-04-15,,2026-06-01 09:00:00
ACC001667,CUST001750,BR006,REGULAR SAVINGS,ACTIVE,2.75,2025-11-01,,2026-06-01 09:00:00
ACC001668,CUST002266,BR003,SALARY SAVINGS,DORMANT,3.0,2025-01-11,,2026-06-01 09:00:00
ACC001669,CUST002676,BR006,SENIOR CITIZEN SAVINGS,ACTIVE,3.0,2023-09-18,,2026-06-01 09:00:00
ACC001670,CUST000833,BR006,REGULAR SAVINGS,ACTIVE,3.5,2025-01-27,,2026-06-01 09:00:00
ACC001671,CUST002004,BR008,SALARY SAVINGS,ACTIVE,4.0,2026-02-21,,2026-06-01 09:00:00
ACC001672,CUST001188,BR004,SALARY SAVINGS,ACTIVE,2.75,2024-12-04,,2026-06-01 09:00:00
ACC001673,CUST001040,BR008,SALARY SAVINGS,ACTIVE,2.75,2024-04-27,,2026-06-01 09:00:00
ACC001674,CUST002473,BR008,REGULAR SAVINGS,ACTIVE,2.75,2023-10-25,,2026-06-01 09:00:00
ACC001675,CUST001803,BR002,REGULAR SAVINGS,ACTIVE,3.0,2024-05-16,,2026-06-01 09:00:00
ACC001676,CUST002731,BR008,REGULAR SAVINGS,ACTIVE,4.0,2024-06-29,,2026-06-01 09:00:00
ACC001677,CUST002009,BR006,SENIOR CITIZEN SAVINGS,ACTIVE,3.0,2025-02-24,,2026-06-01 09:00:00
ACC001678,CUST002126,BR004,SENIOR CITIZEN SAVINGS,ACTIVE,3.0,2025-08-13,,2026-06-01 09:00:00
ACC001679,CUST000404,BR003,SENIOR CITIZEN SAVINGS,ACTIVE,3.5,2024-10-20,,2026-06-01 09:00:00
ACC001680,CUST000223,BR004,REGULAR SAVINGS,ACTIVE,3.0,2026-05-04,,2026-06-01 09:00:00
ACC001681,CUST001087,BR008,SENIOR CITIZEN SAVINGS,ACTIVE,4.0,2024-08-22,,2026-06-01 09:00:00
ACC001682,CUST002331,BR008,SENIOR CITIZEN SAVINGS,ACTIVE,3.5,2024-12-22,,2026-06-01 09:00:00
ACC001683,CUST002958,BR006,SENIOR CITIZEN SAVINGS,ACTIVE,3.5,2024-11-28,,2026-06-01 09:00:00
ACC001684,CUST002192,BR007,REGULAR SAVINGS,ACTIVE,2.75,2024-12-11,,2026-06-01 09:00:00
ACC001685,CUST000828,BR001,REGULAR SAVINGS,CLOSED,3.5,2025-10-14,2025-12-13,2026-06-01 09:00:00
ACC001686,CUST001589,BR002,REGULAR SAVINGS,ACTIVE,3.5,2023-11-01,,2026-06-01 09:00:00
ACC001687,CUST001421,BR003,SENIOR CITIZEN SAVINGS,DORMANT,3.0,2025-09-19,,2026-06-01 09:00:00
ACC001688,CUST000384,BR001,REGULAR SAVINGS,ACTIVE,3.0,2025-02-15,,2026-06-01 09:00:00
ACC001689,CUST002990,BR006,REGULAR SAVINGS,ACTIVE,2.75,2024-09-22,,2026-06-01 09:00:00
ACC001690,CUST001958,BR005,REGULAR SAVINGS,ACTIVE,3.0,2026-02-23,,2026-06-01 09:00:00
ACC001691,CUST000021,BR007,SENIOR CITIZEN SAVINGS,ACTIVE,4.0,2024-03-18,,2026-06-01 09:00:00
ACC001692,CUST002431,BR008,REGULAR SAVINGS,ACTIVE,2.75,2024-11-20,,2026-06-01 09:00:00
ACC001693,CUST000595,BR007,SENIOR CITIZEN SAVINGS,ACTIVE,2.75,2024-09-15,,2026-06-01 09:00:00
ACC001694,CUST000622,BR002,SENIOR CITIZEN SAVINGS,ACTIVE,3.0,2026-03-07,,2026-06-01 09:00:00
ACC001695,CUST002869,BR008,SENIOR CITIZEN SAVINGS,ACTIVE,4.0,2025-07-27,,2026-06-01 09:00:00
ACC001696,CUST000572,BR001,SENIOR CITIZEN SAVINGS,ACTIVE,2.75,2024-03-13,,2026-06-01 09:00:00
ACC001697,CUST002759,BR002,SALARY SAVINGS,ACTIVE,2.75,2024-02-10,,2026-06-01 09:00:00
ACC001698,CUST000429,BR003,SENIOR CITIZEN SAVINGS,ACTIVE,3.0,2023-10-14,,2026-06-01 09:00:00
ACC001699,CUST002956,BR001,SALARY SAVINGS,ACTIVE,4.0,2024-06-13,,2026-06-01 09:00:00
ACC001700,CUST002711,BR008,SENIOR CITIZEN SAVINGS,ACTIVE,3.0,2023-10-25,,2026-06-01 09:00:00
ACC001701,CUST002989,BR004,REGULAR SAVINGS,ACTIVE,2.75,2024-09-29,,2026-06-01 09:00:00
ACC001702,CUST001768,BR007,REGULAR SAVINGS,ACTIVE,3.5,2024-09-04,,2026-06-01 09:00:00
ACC001703,CUST002705,BR003,SENIOR CITIZEN SAVINGS,ACTIVE,4.0,2025-12-18,,2026-06-01 09:00:00
ACC001704,CUST001235,BR002,SALARY SAVINGS,ACTIVE,3.0,2025-05-13,,2026-06-01 09:00:00
ACC001705,CUST000722,BR002,SENIOR CITIZEN SAVINGS,ACTIVE,2.75,2024-07-23,,2026-06-01 09:00:00
ACC001706,CUST002798,BR007,REGULAR SAVINGS,DORMANT,3.0,2024-12-16,,2026-06-01 09:00:00
ACC001707,CUST002362,BR006,SALARY SAVINGS,ACTIVE,3.0,2025-07-22,,2026-06-01 09:00:00
ACC001708,CUST001539,BR003,SENIOR CITIZEN SAVINGS,ACTIVE,2.75,2025-10-18,,2026-06-01 09:00:00
ACC001709,CUST000794,BR006,REGULAR SAVINGS,ACTIVE,3.5,2024-01-17,,2026-06-01 09:00:00
ACC001710,CUST002684,BR001,SENIOR CITIZEN SAVINGS,ACTIVE,3.0,2024-04-15,,2026-06-01 09:00:00
ACC001711,CUST002443,BR006,SENIOR CITIZEN SAVINGS,ACTIVE,3.0,2025-08-03,,2026-06-01 09:00:00
ACC001712,CUST002034,BR001,SALARY SAVINGS,ACTIVE,2.75,2026-04-12,,2026-06-01 09:00:00
ACC001713,CUST000486,BR003,SALARY SAVINGS,ACTIVE,3.5,2026-03-17,,2026-06-01 09:00:00
ACC001714,CUST002252,BR006,REGULAR SAVINGS,ACTIVE,3.5,2023-10-13,,2026-06-01 09:00:00
ACC001715,CUST000869,BR001,SENIOR CITIZEN SAVINGS,DORMANT,3.5,2023-12-14,,2026-06-01 09:00:00
ACC001716,CUST000640,BR001,REGULAR SAVINGS,CLOSED,3.0,2024-02-04,2025-04-28,2026-06-01 09:00:00
ACC001717,CUST001731,BR002,SALARY SAVINGS,ACTIVE,3.5,2023-11-17,,2026-06-01 09:00:00
ACC001718,CUST000946,BR008,SENIOR CITIZEN SAVINGS,ACTIVE,3.5,2025-04-25,,2026-06-01 09:00:00
ACC001719,CUST002538,BR001,REGULAR SAVINGS,ACTIVE,4.0,2026-03-19,,2026-06-01 09:00:00
ACC001720,CUST001767,BR007,REGULAR SAVINGS,ACTIVE,2.75,2026-01-24,,2026-06-01 09:00:00
ACC001721,CUST000519,BR005,SALARY SAVINGS,ACTIVE,2.75,2023-12-31,,2026-06-01 09:00:00
ACC001722,CUST000650,BR001,SALARY SAVINGS,ACTIVE,3.0,2025-08-09,,2026-06-01 09:00:00
ACC001723,CUST000133,BR004,SENIOR CITIZEN SAVINGS,ACTIVE,2.75,2024-11-19,,2026-06-01 09:00:00
ACC001724,CUST001488,BR007,SENIOR CITIZEN SAVINGS,ACTIVE,4.0,2024-01-23,,2026-06-01 09:00:00
ACC001725,CUST001850,BR006,SALARY SAVINGS,DORMANT,4.0,2024-01-02,,2026-06-01 09:00:00
ACC001726,CUST002552,BR002,SENIOR CITIZEN SAVINGS,ACTIVE,3.5,2024-01-13,,2026-06-01 09:00:00
ACC001727,CUST001426,BR006,REGULAR SAVINGS,ACTIVE,3.5,2026-06-11,,2026-06-01 09:00:00
ACC001728,CUST001009,BR005,REGULAR SAVINGS,ACTIVE,4.0,2024-05-11,,2026-06-01 09:00:00
ACC001729,CUST001029,BR008,REGULAR SAVINGS,ACTIVE,4.0,2025-11-29,,2026-06-01 09:00:00
ACC001730,CUST002274,BR001,SENIOR CITIZEN SAVINGS,ACTIVE,2.75,2025-05-24,,2026-06-01 09:00:00
ACC001731,CUST000503,BR001,SENIOR CITIZEN SAVINGS,ACTIVE,3.0,2023-10-17,,2026-06-01 09:00:00
ACC001732,CUST001690,BR004,SALARY SAVINGS,ACTIVE,2.75,2024-11-15,,2026-06-01 09:00:00
ACC001733,CUST000369,BR008,REGULAR SAVINGS,ACTIVE,3.0,2024-02-15,,2026-06-01 09:00:00
ACC001734,CUST002230,BR001,SENIOR CITIZEN SAVINGS,ACTIVE,2.75,2024-01-16,,2026-06-01 09:00:00
ACC001735,CUST001501,BR008,REGULAR SAVINGS,ACTIVE,2.75,2025-09-13,,2026-06-01 09:00:00
ACC001736,CUST002949,BR002,SALARY SAVINGS,ACTIVE,3.5,2023-09-19,,2026-06-01 09:00:00
ACC001737,CUST000346,BR004,REGULAR SAVINGS,ACTIVE,2.75,2025-11-04,,2026-06-01 09:00:00
ACC001738,CUST001010,BR001,SALARY SAVINGS,ACTIVE,4.0,2024-03-27,,2026-06-01 09:00:00
ACC001739,CUST000327,BR001,SENIOR CITIZEN SAVINGS,ACTIVE,3.5,2023-08-31,,2026-06-01 09:00:00
ACC001740,CUST001129,BR008,SALARY SAVINGS,ACTIVE,3.5,2023-08-22,,2026-06-01 09:00:00
ACC001741,CUST000717,BR002,SENIOR CITIZEN SAVINGS,ACTIVE,3.0,2026-06-05,,2026-06-01 09:00:00
ACC001742,CUST001783,BR003,SENIOR CITIZEN SAVINGS,ACTIVE,3.5,2026-05-25,,2026-06-01 09:00:00
ACC001743,CUST002771,BR006,SALARY SAVINGS,ACTIVE,4.0,2024-04-07,,2026-06-01 09:00:00
ACC001744,CUST002442,BR005,REGULAR SAVINGS,ACTIVE,4.0,2024-01-18,,2026-06-01 09:00:00
ACC001745,CUST002299,BR001,SENIOR CITIZEN SAVINGS,ACTIVE,3.5,2026-01-18,,2026-06-01 09:00:00
ACC001746,CUST000821,BR007,SALARY SAVINGS,ACTIVE,3.0,2025-06-11,,2026-06-01 09:00:00
ACC001747,CUST001042,BR007,REGULAR SAVINGS,ACTIVE,4.0,2024-05-28,,2026-06-01 09:00:00
ACC001748,CUST000324,BR006,REGULAR SAVINGS,ACTIVE,2.75,2026-02-18,,2026-06-01 09:00:00
ACC001749,CUST002866,BR008,SALARY SAVINGS,ACTIVE,2.75,2024-06-02,,2026-06-01 09:00:00
ACC001750,CUST001651,BR007,SALARY SAVINGS,ACTIVE,4.0,2026-03-18,,2026-06-01 09:00:00
ACC001751,CUST002568,BR001,REGULAR SAVINGS,ACTIVE,2.75,2023-12-02,,2026-06-01 09:00:00
ACC001752,CUST001831,BR008,SALARY SAVINGS,ACTIVE,4.0,2025-07-05,,2026-06-01 09:00:00
ACC001753,CUST000153,BR001,SENIOR CITIZEN SAVINGS,ACTIVE,3.5,2024-11-25,,2026-06-01 09:00:00
ACC001754,CUST002262,BR002,SALARY SAVINGS,ACTIVE,3.5,2024-06-05,,2026-06-01 09:00:00
ACC001755,CUST001022,BR002,REGULAR SAVINGS,ACTIVE,3.5,2025-03-04,,2026-06-01 09:00:00
ACC001756,CUST001047,BR001,SENIOR CITIZEN SAVINGS,ACTIVE,3.5,2024-11-25,,2026-06-01 09:00:00
ACC001757,CUST002036,BR007,SENIOR CITIZEN SAVINGS,ACTIVE,4.0,2024-08-23,,2026-06-01 09:00:00
ACC001758,CUST000267,BR004,SENIOR CITIZEN SAVINGS,ACTIVE,4.0,2024-05-09,,2026-06-01 09:00:00
ACC001759,CUST000493,BR007,SENIOR CITIZEN SAVINGS,ACTIVE,4.0,2026-03-22,,2026-06-01 09:00:00
ACC001760,CUST001199,BR002,REGULAR SAVINGS,DORMANT,4.0,2023-08-31,,2026-06-01 09:00:00
ACC001761,CUST000609,BR004,REGULAR SAVINGS,ACTIVE,4.0,2024-08-23,,2026-06-01 09:00:00
ACC001762,CUST001987,BR008,REGULAR SAVINGS,ACTIVE,3.5,2025-09-25,,2026-06-01 09:00:00
ACC001763,CUST001321,BR007,SENIOR CITIZEN SAVINGS,ACTIVE,3.0,2026-02-01,,2026-06-01 09:00:00
ACC001764,CUST002112,BR005,SALARY SAVINGS,CLOSED,2.75,2025-10-20,2026-06-24,2026-06-01 09:00:00
ACC001765,CUST000061,BR002,SALARY SAVINGS,ACTIVE,3.5,2025-06-21,,2026-06-01 09:00:00
ACC001766,CUST002705,BR003,REGULAR SAVINGS,ACTIVE,2.75,2024-05-07,,2026-06-01 09:00:00
ACC001767,CUST002112,BR008,SALARY SAVINGS,ACTIVE,3.0,2025-05-18,,2026-06-01 09:00:00
ACC001768,CUST000225,BR003,SENIOR CITIZEN SAVINGS,ACTIVE,2.75,2023-10-12,,2026-06-01 09:00:00
ACC001769,CUST002572,BR005,SENIOR CITIZEN SAVINGS,ACTIVE,2.75,2025-04-02,,2026-06-01 09:00:00
ACC001770,CUST000343,BR004,SENIOR CITIZEN SAVINGS,ACTIVE,3.5,2025-03-31,,2026-06-01 09:00:00
ACC001771,CUST002342,BR008,REGULAR SAVINGS,DORMANT,3.0,2025-08-16,,2026-06-01 09:00:00
ACC001772,CUST001821,BR001,SENIOR CITIZEN SAVINGS,DORMANT,3.5,2025-11-20,,2026-06-01 09:00:00
ACC001773,CUST000126,BR002,SALARY SAVINGS,DORMANT,4.0,2024-03-10,,2026-06-01 09:00:00
ACC001774,CUST002192,BR003,SALARY SAVINGS,ACTIVE,3.0,2026-05-21,,2026-06-01 09:00:00
ACC001775,CUST001459,BR004,SALARY SAVINGS,CLOSED,4.0,2025-09-13,2026-07-12,2026-06-01 09:00:00
ACC001776,CUST001793,BR001,REGULAR SAVINGS,ACTIVE,3.0,2024-08-15,,2026-06-01 09:00:00
ACC001777,CUST001063,BR001,SALARY SAVINGS,ACTIVE,4.0,2026-03-15,,2026-06-01 09:00:00
ACC001778,CUST002731,BR002,SALARY SAVINGS,ACTIVE,3.0,2024-02-08,,2026-06-01 09:00:00
ACC001779,CUST002308,BR002,REGULAR SAVINGS,ACTIVE,3.5,2026-02-05,,2026-06-01 09:00:00
ACC001780,CUST002655,BR002,SALARY SAVINGS,ACTIVE,3.0,2024-02-24,,2026-06-01 09:00:00
ACC001781,CUST002763,BR005,SALARY SAVINGS,ACTIVE,3.0,2025-11-07,,2026-06-01 09:00:00
ACC001782,CUST002293,BR003,SALARY SAVINGS,ACTIVE,4.0,2024-04-27,,2026-06-01 09:00:00
ACC001783,CUST002370,BR008,SENIOR CITIZEN SAVINGS,ACTIVE,2.75,2025-11-06,,2026-06-01 09:00:00
ACC001784,CUST001453,BR004,REGULAR SAVINGS,ACTIVE,2.75,2023-11-14,,2026-06-01 09:00:00
ACC001785,CUST002380,BR007,REGULAR SAVINGS,ACTIVE,2.75,2024-10-22,,2026-06-01 09:00:00
ACC001786,CUST002025,BR004,SENIOR CITIZEN SAVINGS,ACTIVE,3.0,2023-12-08,,2026-06-01 09:00:00
ACC001787,CUST002831,BR004,SALARY SAVINGS,ACTIVE,3.5,2026-04-25,,2026-06-01 09:00:00
ACC001788,CUST000439,BR008,SENIOR CITIZEN SAVINGS,ACTIVE,4.0,2025-12-05,,2026-06-01 09:00:00
ACC001789,CUST000186,BR007,SALARY SAVINGS,ACTIVE,3.5,2024-02-13,,2026-06-01 09:00:00
ACC001790,CUST001572,BR004,SALARY SAVINGS,DORMANT,3.5,2025-06-10,,2026-06-01 09:00:00
ACC001791,CUST000105,BR005,REGULAR SAVINGS,ACTIVE,4.0,2024-08-16,,2026-06-01 09:00:00
ACC001792,CUST000266,BR008,SALARY SAVINGS,ACTIVE,2.75,2024-09-22,,2026-06-01 09:00:00
ACC001793,CUST000419,BR007,SALARY SAVINGS,ACTIVE,3.0,2025-04-17,,2026-06-01 09:00:00
ACC001794,CUST002376,BR004,SENIOR CITIZEN SAVINGS,ACTIVE,4.0,2023-10-02,,2026-06-01 09:00:00
ACC001795,CUST000513,BR001,SALARY SAVINGS,ACTIVE,3.0,2025-02-09,,2026-06-01 09:00:00
ACC001796,CUST002182,BR004,REGULAR SAVINGS,DORMANT,2.75,2023-12-28,,2026-06-01 09:00:00
ACC001797,CUST001059,BR007,SENIOR CITIZEN SAVINGS,ACTIVE,4.0,2023-11-18,,2026-06-01 09:00:00
ACC001798,CUST001824,BR002,REGULAR SAVINGS,ACTIVE,4.0,2023-10-24,,2026-06-01 09:00:00
ACC001799,CUST000366,BR005,REGULAR SAVINGS,ACTIVE,2.75,2025-06-28,,2026-06-01 09:00:00
ACC001800,CUST002403,BR004,SENIOR CITIZEN SAVINGS,ACTIVE,3.5,2025-10-30,,2026-06-01 09:00:00
ACC001801,CUST002622,BR003,REGULAR SAVINGS,ACTIVE,3.0,2026-05-19,,2026-06-01 09:00:00
ACC001802,CUST000953,BR004,REGULAR SAVINGS,ACTIVE,4.0,2025-01-03,,2026-06-01 09:00:00
ACC001803,CUST001400,BR003,SALARY SAVINGS,ACTIVE,3.0,2026-01-05,,2026-06-01 09:00:00
ACC001804,CUST001316,BR002,SENIOR CITIZEN SAVINGS,ACTIVE,4.0,2024-07-02,,2026-06-01 09:00:00
ACC001805,CUST000090,BR003,SALARY SAVINGS,DORMANT,3.5,2024-02-23,,2026-06-01 09:00:00
ACC001806,CUST001238,BR008,SENIOR CITIZEN SAVINGS,ACTIVE,3.0,2025-11-23,,2026-06-01 09:00:00
ACC001807,CUST000399,BR007,REGULAR SAVINGS,ACTIVE,3.5,2025-01-05,,2026-06-01 09:00:00
ACC001808,CUST002855,BR005,SENIOR CITIZEN SAVINGS,ACTIVE,3.5,2026-02-25,,2026-06-01 09:00:00
ACC001809,CUST001706,BR007,SENIOR CITIZEN SAVINGS,ACTIVE,2.75,2024-03-10,,2026-06-01 09:00:00
ACC001810,CUST001984,BR002,SENIOR CITIZEN SAVINGS,ACTIVE,3.0,2025-07-27,,2026-06-01 09:00:00
ACC001811,CUST002205,BR001,SALARY SAVINGS,DORMANT,2.75,2026-05-23,,2026-06-01 09:00:00
ACC001812,CUST002258,BR003,SALARY SAVINGS,ACTIVE,2.75,2025-12-31,,2026-06-01 09:00:00
ACC001813,CUST001110,BR007,SALARY SAVINGS,ACTIVE,2.75,2025-08-01,,2026-06-01 09:00:00
ACC001814,CUST002550,BR003,SALARY SAVINGS,ACTIVE,4.0,2025-01-31,,2026-06-01 09:00:00
ACC001815,CUST002237,BR007,SENIOR CITIZEN SAVINGS,ACTIVE,3.0,2024-02-04,,2026-06-01 09:00:00
ACC001816,CUST001622,BR008,SALARY SAVINGS,DORMANT,3.5,2026-01-24,,2026-06-01 09:00:00
ACC001817,CUST002324,BR005,SENIOR CITIZEN SAVINGS,ACTIVE,2.75,2026-05-06,,2026-06-01 09:00:00
ACC001818,CUST001070,BR006,SENIOR CITIZEN SAVINGS,ACTIVE,2.75,2026-06-11,,2026-06-01 09:00:00
ACC001819,CUST000553,BR003,SALARY SAVINGS,ACTIVE,2.75,2026-02-15,,2026-06-01 09:00:00
ACC001820,CUST001480,BR004,REGULAR SAVINGS,DORMANT,4.0,2026-02-20,,2026-06-01 09:00:00
ACC001821,CUST001439,BR002,SALARY SAVINGS,ACTIVE,2.75,2024-04-09,,2026-06-01 09:00:00
ACC001822,CUST002797,BR001,SENIOR CITIZEN SAVINGS,ACTIVE,3.0,2025-06-23,,2026-06-01 09:00:00
ACC001823,CUST002275,BR007,REGULAR SAVINGS,ACTIVE,3.0,2023-11-09,,2026-06-01 09:00:00
ACC001824,CUST001683,BR003,SALARY SAVINGS,ACTIVE,2.75,2026-05-02,,2026-06-01 09:00:00
ACC001825,CUST001343,BR006,REGULAR SAVINGS,ACTIVE,2.75,2025-11-22,,2026-06-01 09:00:00
ACC001826,CUST000202,BR001,SALARY SAVINGS,ACTIVE,3.5,2024-12-10,,2026-06-01 09:00:00
ACC001827,CUST002173,BR005,SALARY SAVINGS,ACTIVE,3.0,2026-03-13,,2026-06-01 09:00:00
ACC001828,CUST001537,BR005,SALARY SAVINGS,ACTIVE,4.0,2024-12-03,,2026-06-01 09:00:00
ACC001829,CUST000205,BR006,REGULAR SAVINGS,ACTIVE,4.0,2023-10-02,,2026-06-01 09:00:00
ACC001830,CUST001273,BR006,SALARY SAVINGS,DORMANT,4.0,2024-04-05,,2026-06-01 09:00:00
ACC001831,CUST001815,BR006,SALARY SAVINGS,ACTIVE,2.75,2025-08-27,,2026-06-01 09:00:00
ACC001832,CUST001307,BR004,SENIOR CITIZEN SAVINGS,ACTIVE,3.0,2024-08-04,,2026-06-01 09:00:00
ACC001833,CUST000119,BR007,SALARY SAVINGS,ACTIVE,3.0,2024-11-18,,2026-06-01 09:00:00
ACC001834,CUST001058,BR007,SENIOR CITIZEN SAVINGS,ACTIVE,4.0,2025-06-27,,2026-06-01 09:00:00
ACC001835,CUST000755,BR007,REGULAR SAVINGS,ACTIVE,3.5,2024-10-23,,2026-06-01 09:00:00
ACC001836,CUST000445,BR007,SALARY SAVINGS,ACTIVE,3.5,2025-10-23,,2026-06-01 09:00:00
ACC001837,CUST000938,BR001,SENIOR CITIZEN SAVINGS,ACTIVE,2.75,2024-03-28,,2026-06-01 09:00:00
ACC001838,CUST001743,BR003,REGULAR SAVINGS,ACTIVE,3.0,2025-12-09,,2026-06-01 09:00:00
ACC001839,CUST001205,BR003,SALARY SAVINGS,ACTIVE,4.0,2026-01-25,,2026-06-01 09:00:00
ACC001840,CUST002843,BR008,SALARY SAVINGS,ACTIVE,3.5,2023-09-15,,2026-06-01 09:00:00
ACC001841,CUST002512,BR002,REGULAR SAVINGS,ACTIVE,4.0,2024-03-06,,2026-06-01 09:00:00
ACC001842,CUST000725,BR005,SENIOR CITIZEN SAVINGS,ACTIVE,2.75,2025-04-08,,2026-06-01 09:00:00
ACC001843,CUST001029,BR007,SENIOR CITIZEN SAVINGS,ACTIVE,2.75,2025-05-29,,2026-06-01 09:00:00
ACC001844,CUST000062,BR002,SALARY SAVINGS,ACTIVE,4.0,2025-05-06,,2026-06-01 09:00:00
ACC001845,CUST001971,BR008,REGULAR SAVINGS,ACTIVE,3.0,2025-11-07,,2026-06-01 09:00:00
ACC001846,CUST000709,BR006,REGULAR SAVINGS,DORMANT,4.0,2024-11-15,,2026-06-01 09:00:00
ACC001847,CUST001120,BR008,SALARY SAVINGS,CLOSED,3.0,2026-01-25,2026-02-22,2026-06-01 09:00:00
ACC001848,CUST001078,BR003,SENIOR CITIZEN SAVINGS,ACTIVE,4.0,2025-10-03,,2026-06-01 09:00:00
ACC001849,CUST000455,BR003,SALARY SAVINGS,ACTIVE,2.75,2026-02-15,,2026-06-01 09:00:00
ACC001850,CUST000938,BR008,SALARY SAVINGS,ACTIVE,3.5,2025-10-22,,2026-06-01 09:00:00
ACC001851,CUST002853,BR007,SALARY SAVINGS,ACTIVE,2.75,2023-10-04,,2026-06-01 09:00:00
ACC001852,CUST002604,BR003,SENIOR CITIZEN SAVINGS,CLOSED,3.5,2025-02-15,2025-02-24,2026-06-01 09:00:00
ACC001853,CUST000717,BR005,SENIOR CITIZEN SAVINGS,ACTIVE,3.0,2024-04-27,,2026-06-01 09:00:00
ACC001854,CUST002846,BR004,SALARY SAVINGS,DORMANT,3.5,2024-01-06,,2026-06-01 09:00:00
ACC001855,CUST001100,BR001,SALARY SAVINGS,ACTIVE,2.75,2023-12-04,,2026-06-01 09:00:00
ACC001856,CUST001043,BR005,SALARY SAVINGS,ACTIVE,3.5,2026-06-13,,2026-06-01 09:00:00
ACC001857,CUST001387,BR003,REGULAR SAVINGS,ACTIVE,3.0,2026-05-01,,2026-06-01 09:00:00
ACC001858,CUST000457,BR003,SENIOR CITIZEN SAVINGS,ACTIVE,3.0,2023-12-29,,2026-06-01 09:00:00
ACC001859,CUST001833,BR005,SENIOR CITIZEN SAVINGS,ACTIVE,4.0,2025-04-07,,2026-06-01 09:00:00
ACC001860,CUST000348,BR008,SALARY SAVINGS,DORMANT,4.0,2024-08-23,,2026-06-01 09:00:00
ACC001861,CUST000845,BR004,SENIOR CITIZEN SAVINGS,ACTIVE,3.5,2026-06-12,,2026-06-01 09:00:00
ACC001862,CUST000682,BR008,SENIOR CITIZEN SAVINGS,ACTIVE,3.0,2023-12-04,,2026-06-01 09:00:00
ACC001863,CUST002208,BR007,SALARY SAVINGS,ACTIVE,3.0,2023-12-10,,2026-06-01 09:00:00
ACC001864,CUST001449,BR001,REGULAR SAVINGS,ACTIVE,2.75,2025-04-04,,2026-06-01 09:00:00
ACC001865,CUST002486,BR007,SALARY SAVINGS,ACTIVE,3.0,2025-09-06,,2026-06-01 09:00:00
ACC001866,CUST001348,BR004,REGULAR SAVINGS,ACTIVE,2.75,2024-07-07,,2026-06-01 09:00:00
ACC001867,CUST001332,BR003,REGULAR SAVINGS,ACTIVE,3.5,2024-05-26,,2026-06-01 09:00:00
ACC001868,CUST001356,BR004,SENIOR CITIZEN SAVINGS,ACTIVE,3.5,2023-11-13,,2026-06-01 09:00:00
ACC001869,CUST002599,BR002,SALARY SAVINGS,ACTIVE,2.75,2026-05-28,,2026-06-01 09:00:00
ACC001870,CUST001805,BR008,REGULAR SAVINGS,ACTIVE,3.5,2024-06-01,,2026-06-01 09:00:00
ACC001871,CUST001741,BR006,SALARY SAVINGS,ACTIVE,3.0,2025-02-07,,2026-06-01 09:00:00
ACC001872,CUST002745,BR006,REGULAR SAVINGS,ACTIVE,3.5,2024-01-30,,2026-06-01 09:00:00
ACC001873,CUST002178,BR004,SALARY SAVINGS,ACTIVE,3.5,2023-11-29,,2026-06-01 09:00:00
ACC001874,CUST002469,BR004,SENIOR CITIZEN SAVINGS,ACTIVE,4.0,2025-11-10,,2026-06-01 09:00:00
ACC001875,CUST000439,BR001,SENIOR CITIZEN SAVINGS,ACTIVE,3.5,2024-09-11,,2026-06-01 09:00:00
ACC001876,CUST000506,BR003,SENIOR CITIZEN SAVINGS,CLOSED,4.0,2025-03-02,2025-10-02,2026-06-01 09:00:00
ACC001877,CUST002708,BR005,SENIOR CITIZEN SAVINGS,ACTIVE,4.0,2023-10-10,,2026-06-01 09:00:00
ACC001878,CUST002373,BR007,SENIOR CITIZEN SAVINGS,DORMANT,3.0,2024-09-14,,2026-06-01 09:00:00
ACC001879,CUST002453,BR001,SALARY SAVINGS,CLOSED,3.5,2024-07-20,2024-12-29,2026-06-01 09:00:00
ACC001880,CUST001972,BR003,SALARY SAVINGS,ACTIVE,4.0,2024-10-24,,2026-06-01 09:00:00
ACC001881,CUST002790,BR003,REGULAR SAVINGS,ACTIVE,3.5,2025-09-12,,2026-06-01 09:00:00
ACC001882,CUST000367,BR007,REGULAR SAVINGS,ACTIVE,3.5,2026-01-09,,2026-06-01 09:00:00
ACC001883,CUST000835,BR004,REGULAR SAVINGS,ACTIVE,4.0,2025-07-06,,2026-06-01 09:00:00
ACC001884,CUST000976,BR002,SENIOR CITIZEN SAVINGS,CLOSED,3.0,2023-11-26,2026-03-02,2026-06-01 09:00:00
ACC001885,CUST002702,BR008,REGULAR SAVINGS,ACTIVE,2.75,2024-05-25,,2026-06-01 09:00:00
ACC001886,CUST002321,BR004,SENIOR CITIZEN SAVINGS,ACTIVE,3.0,2024-11-30,,2026-06-01 09:00:00
ACC001887,CUST000203,BR004,REGULAR SAVINGS,ACTIVE,3.0,2025-11-23,,2026-06-01 09:00:00
ACC001888,CUST000480,BR001,REGULAR SAVINGS,ACTIVE,3.0,2024-09-15,,2026-06-01 09:00:00
ACC001889,CUST000067,BR002,SALARY SAVINGS,ACTIVE,4.0,2026-01-04,,2026-06-01 09:00:00
ACC001890,CUST000470,BR001,SENIOR CITIZEN SAVINGS,ACTIVE,2.75,2024-12-12,,2026-06-01 09:00:00
ACC001891,CUST002445,BR008,SENIOR CITIZEN SAVINGS,ACTIVE,4.0,2023-11-04,,2026-06-01 09:00:00
ACC001892,CUST000343,BR005,REGULAR SAVINGS,ACTIVE,3.0,2026-02-06,,2026-06-01 09:00:00
ACC001893,CUST001183,BR001,SALARY SAVINGS,DORMANT,3.0,2026-01-25,,2026-06-01 09:00:00
ACC001894,CUST001308,BR004,REGULAR SAVINGS,ACTIVE,2.75,2025-07-23,,2026-06-01 09:00:00
ACC001895,CUST001977,BR005,SENIOR CITIZEN SAVINGS,ACTIVE,4.0,2024-04-26,,2026-06-01 09:00:00
ACC001896,CUST002628,BR003,SALARY SAVINGS,ACTIVE,3.0,2024-03-11,,2026-06-01 09:00:00
ACC001897,CUST002412,BR006,REGULAR SAVINGS,ACTIVE,2.75,2025-10-01,,2026-06-01 09:00:00
ACC001898,CUST000070,BR008,REGULAR SAVINGS,DORMANT,4.0,2024-02-02,,2026-06-01 09:00:00
ACC001899,CUST001516,BR005,SENIOR CITIZEN SAVINGS,CLOSED,3.5,2026-04-25,2026-06-16,2026-06-01 09:00:00
ACC001900,CUST001554,BR008,SENIOR CITIZEN SAVINGS,ACTIVE,2.75,2024-10-04,,2026-06-01 09:00:00
ACC001901,CUST000189,BR007,SENIOR CITIZEN SAVINGS,CLOSED,4.0,2024-02-21,2026-04-04,2026-06-01 09:00:00
ACC001902,CUST001598,BR007,REGULAR SAVINGS,ACTIVE,3.5,2024-03-26,,2026-06-01 09:00:00
ACC001903,CUST002652,BR007,REGULAR SAVINGS,ACTIVE,3.5,2024-09-21,,2026-06-01 09:00:00
ACC001904,CUST002904,BR002,REGULAR SAVINGS,CLOSED,3.0,2024-09-06,2026-07-03,2026-06-01 09:00:00
ACC001905,CUST001831,BR006,SENIOR CITIZEN SAVINGS,ACTIVE,2.75,2024-01-22,,2026-06-01 09:00:00
ACC001906,CUST001102,BR008,REGULAR SAVINGS,ACTIVE,2.75,2024-07-17,,2026-06-01 09:00:00
ACC001907,CUST001505,BR004,REGULAR SAVINGS,ACTIVE,4.0,2025-07-03,,2026-06-01 09:00:00
ACC001908,CUST001206,BR003,SENIOR CITIZEN SAVINGS,ACTIVE,4.0,2023-11-13,,2026-06-01 09:00:00
ACC001909,CUST002313,BR007,SALARY SAVINGS,ACTIVE,3.0,2024-10-12,,2026-06-01 09:00:00
ACC001910,CUST000064,BR004,SENIOR CITIZEN SAVINGS,ACTIVE,4.0,2025-05-15,,2026-06-01 09:00:00
ACC001911,CUST002603,BR002,SENIOR CITIZEN SAVINGS,ACTIVE,4.0,2024-08-24,,2026-06-01 09:00:00
ACC001912,CUST002706,BR008,SALARY SAVINGS,ACTIVE,2.75,2025-06-27,,2026-06-01 09:00:00
ACC001913,CUST002423,BR007,REGULAR SAVINGS,ACTIVE,3.0,2025-11-13,,2026-06-01 09:00:00
ACC001914,CUST002333,BR008,SENIOR CITIZEN SAVINGS,ACTIVE,4.0,2025-05-22,,2026-06-01 09:00:00
ACC001915,CUST000970,BR003,REGULAR SAVINGS,DORMANT,2.75,2023-09-05,,2026-06-01 09:00:00
ACC001916,CUST001768,BR006,SENIOR CITIZEN SAVINGS,ACTIVE,4.0,2023-08-30,,2026-06-01 09:00:00
ACC001917,CUST002139,BR003,REGULAR SAVINGS,ACTIVE,4.0,2025-11-26,,2026-06-01 09:00:00
ACC001918,CUST002267,BR001,REGULAR SAVINGS,DORMANT,3.5,2024-11-04,,2026-06-01 09:00:00
ACC001919,CUST001889,BR006,REGULAR SAVINGS,ACTIVE,3.5,2024-12-15,,2026-06-01 09:00:00
ACC001920,CUST001887,BR008,REGULAR SAVINGS,ACTIVE,4.0,2024-07-23,,2026-06-01 09:00:00
ACC001921,CUST002749,BR003,SENIOR CITIZEN SAVINGS,ACTIVE,4.0,2025-02-24,,2026-06-01 09:00:00
ACC001922,CUST000758,BR002,SENIOR CITIZEN SAVINGS,ACTIVE,2.75,2025-06-06,,2026-06-01 09:00:00
ACC001923,CUST002259,BR003,SENIOR CITIZEN SAVINGS,ACTIVE,3.5,2024-02-22,,2026-06-01 09:00:00
ACC001924,CUST002426,BR007,REGULAR SAVINGS,ACTIVE,3.0,2024-12-26,,2026-06-01 09:00:00
ACC001925,CUST000667,BR003,SENIOR CITIZEN SAVINGS,ACTIVE,4.0,2024-04-02,,2026-06-01 09:00:00
ACC001926,CUST000305,BR008,SALARY SAVINGS,ACTIVE,2.75,2024-12-02,,2026-06-01 09:00:00
ACC001927,CUST002954,BR006,REGULAR SAVINGS,DORMANT,3.5,2025-05-12,,2026-06-01 09:00:00
ACC001928,CUST002268,BR006,REGULAR SAVINGS,ACTIVE,3.5,2025-11-13,,2026-06-01 09:00:00
ACC001929,CUST001307,BR007,SENIOR CITIZEN SAVINGS,ACTIVE,3.0,2025-11-02,,2026-06-01 09:00:00
ACC001930,CUST000580,BR003,REGULAR SAVINGS,ACTIVE,3.5,2026-04-12,,2026-06-01 09:00:00
ACC001931,CUST002910,BR001,SALARY SAVINGS,ACTIVE,2.75,2026-03-06,,2026-06-01 09:00:00
ACC001932,CUST000900,BR006,REGULAR SAVINGS,ACTIVE,4.0,2025-10-26,,2026-06-01 09:00:00
ACC001933,CUST001882,BR003,SALARY SAVINGS,ACTIVE,3.0,2024-03-17,,2026-06-01 09:00:00
ACC001934,CUST001926,BR003,SENIOR CITIZEN SAVINGS,DORMANT,3.0,2025-08-16,,2026-06-01 09:00:00
ACC001935,CUST001344,BR005,SALARY SAVINGS,ACTIVE,2.75,2026-02-23,,2026-06-01 09:00:00
ACC001936,CUST002131,BR003,SENIOR CITIZEN SAVINGS,ACTIVE,3.0,2026-02-06,,2026-06-01 09:00:00
ACC001937,CUST001854,BR004,SALARY SAVINGS,ACTIVE,2.75,2025-09-03,,2026-06-01 09:00:00
ACC001938,CUST000297,BR007,REGULAR SAVINGS,ACTIVE,3.5,2024-10-12,,2026-06-01 09:00:00
ACC001939,CUST000242,BR006,SENIOR CITIZEN SAVINGS,ACTIVE,2.75,2024-12-20,,2026-06-01 09:00:00
ACC001940,CUST001523,BR001,REGULAR SAVINGS,ACTIVE,3.0,2025-06-14,,2026-06-01 09:00:00
ACC001941,CUST002691,BR002,REGULAR SAVINGS,ACTIVE,3.5,2024-08-01,,2026-06-01 09:00:00
ACC001942,CUST000179,BR006,SALARY SAVINGS,DORMANT,3.0,2024-10-10,,2026-06-01 09:00:00
ACC001943,CUST000219,BR003,SALARY SAVINGS,ACTIVE,3.0,2024-08-04,,2026-06-01 09:00:00
ACC001944,CUST000291,BR007,REGULAR SAVINGS,ACTIVE,3.5,2026-02-21,,2026-06-01 09:00:00
ACC001945,CUST001982,BR005,SENIOR CITIZEN SAVINGS,DORMANT,2.75,2025-08-13,,2026-06-01 09:00:00
ACC001946,CUST001280,BR006,SENIOR CITIZEN SAVINGS,ACTIVE,3.5,2025-06-27,,2026-06-01 09:00:00
ACC001947,CUST000577,BR008,SENIOR CITIZEN SAVINGS,ACTIVE,4.0,2024-08-31,,2026-06-01 09:00:00
ACC001948,CUST000874,BR007,SALARY SAVINGS,ACTIVE,3.5,2024-06-19,,2026-06-01 09:00:00
ACC001949,CUST001143,BR008,SENIOR CITIZEN SAVINGS,ACTIVE,2.75,2024-07-05,,2026-06-01 09:00:00
ACC001950,CUST000361,BR003,SALARY SAVINGS,ACTIVE,4.0,2024-04-05,,2026-06-01 09:00:00
ACC001951,CUST002206,BR002,SENIOR CITIZEN SAVINGS,DORMANT,3.0,2025-11-25,,2026-06-01 09:00:00
ACC001952,CUST000290,BR001,REGULAR SAVINGS,ACTIVE,3.5,2025-08-10,,2026-06-01 09:00:00
ACC001953,CUST001441,BR007,REGULAR SAVINGS,ACTIVE,3.0,2024-01-26,,2026-06-01 09:00:00
ACC001954,CUST001919,BR005,SENIOR CITIZEN SAVINGS,CLOSED,3.0,2026-03-23,2026-04-29,2026-06-01 09:00:00
ACC001955,CUST001475,BR008,REGULAR SAVINGS,ACTIVE,3.5,2023-12-03,,2026-06-01 09:00:00
ACC001956,CUST001382,BR003,SALARY SAVINGS,ACTIVE,4.0,2024-05-07,,2026-06-01 09:00:00
ACC001957,CUST001119,BR007,SALARY SAVINGS,ACTIVE,2.75,2025-04-24,,2026-06-01 09:00:00
ACC001958,CUST000794,BR004,SENIOR CITIZEN SAVINGS,DORMANT,3.5,2026-05-30,,2026-06-01 09:00:00
ACC001959,CUST002062,BR004,SALARY SAVINGS,CLOSED,3.5,2025-04-07,2026-03-07,2026-06-01 09:00:00
ACC001960,CUST000934,BR007,REGULAR SAVINGS,ACTIVE,3.5,2025-11-13,,2026-06-01 09:00:00
ACC001961,CUST002213,BR001,SALARY SAVINGS,ACTIVE,3.5,2023-11-09,,2026-06-01 09:00:00
ACC001962,CUST001820,BR005,SALARY SAVINGS,ACTIVE,2.75,2025-08-28,,2026-06-01 09:00:00
ACC001963,CUST002540,BR006,SALARY SAVINGS,ACTIVE,3.5,2025-09-13,,2026-06-01 09:00:00
ACC001964,CUST000654,BR004,REGULAR SAVINGS,ACTIVE,3.0,2026-02-07,,2026-06-01 09:00:00
ACC001965,CUST002434,BR001,SALARY SAVINGS,DORMANT,3.5,2026-05-20,,2026-06-01 09:00:00
ACC001966,CUST000439,BR001,SALARY SAVINGS,ACTIVE,4.0,2026-05-17,,2026-06-01 09:00:00
ACC001967,CUST002993,BR001,REGULAR SAVINGS,DORMANT,2.75,2024-10-25,,2026-06-01 09:00:00
ACC001968,CUST000342,BR002,SALARY SAVINGS,ACTIVE,4.0,2026-02-13,,2026-06-01 09:00:00
ACC001969,CUST000389,BR001,SALARY SAVINGS,ACTIVE,3.0,2023-11-26,,2026-06-01 09:00:00
ACC001970,CUST002885,BR008,SENIOR CITIZEN SAVINGS,ACTIVE,4.0,2026-03-12,,2026-06-01 09:00:00
ACC001971,CUST000726,BR003,SENIOR CITIZEN SAVINGS,ACTIVE,2.75,2025-01-06,,2026-06-01 09:00:00
ACC001972,CUST001520,BR004,SALARY SAVINGS,ACTIVE,3.5,2025-05-05,,2026-06-01 09:00:00
ACC001973,CUST002862,BR002,REGULAR SAVINGS,CLOSED,3.0,2024-06-06,2025-08-13,2026-06-01 09:00:00
ACC001974,CUST002732,BR003,SALARY SAVINGS,ACTIVE,3.0,2025-10-02,,2026-06-01 09:00:00
ACC001975,CUST002318,BR006,SALARY SAVINGS,ACTIVE,2.75,2023-09-22,,2026-06-01 09:00:00
ACC001976,CUST002866,BR001,SALARY SAVINGS,ACTIVE,2.75,2025-01-14,,2026-06-01 09:00:00
ACC001977,CUST000879,BR003,SENIOR CITIZEN SAVINGS,CLOSED,3.5,2026-02-13,2026-06-16,2026-06-01 09:00:00
ACC001978,CUST002812,BR005,SENIOR CITIZEN SAVINGS,ACTIVE,4.0,2024-03-12,,2026-06-01 09:00:00
ACC001979,CUST001392,BR001,SALARY SAVINGS,ACTIVE,4.0,2024-06-05,,2026-06-01 09:00:00
ACC001980,CUST000410,BR008,SALARY SAVINGS,ACTIVE,3.0,2025-01-30,,2026-06-01 09:00:00
ACC001981,CUST002437,BR001,SENIOR CITIZEN SAVINGS,ACTIVE,3.5,2023-11-11,,2026-06-01 09:00:00
ACC001982,CUST002761,BR006,SENIOR CITIZEN SAVINGS,DORMANT,2.75,2024-02-14,,2026-06-01 09:00:00
ACC001983,CUST000270,BR001,SALARY SAVINGS,CLOSED,2.75,2026-05-07,2026-07-07,2026-06-01 09:00:00
ACC001984,CUST002776,BR004,REGULAR SAVINGS,ACTIVE,3.5,2024-08-30,,2026-06-01 09:00:00
ACC001985,CUST000833,BR002,REGULAR SAVINGS,ACTIVE,2.75,2024-06-13,,2026-06-01 09:00:00
ACC001986,CUST000129,BR004,SENIOR CITIZEN SAVINGS,ACTIVE,4.0,2026-04-30,,2026-06-01 09:00:00
ACC001987,CUST002862,BR005,SALARY SAVINGS,ACTIVE,2.75,2023-10-20,,2026-06-01 09:00:00
ACC001988,CUST002568,BR002,SALARY SAVINGS,CLOSED,3.0,2026-06-05,2026-06-07,2026-06-01 09:00:00
ACC001989,CUST002521,BR003,REGULAR SAVINGS,ACTIVE,3.5,2026-02-20,,2026-06-01 09:00:00
ACC001990,CUST001532,BR006,SALARY SAVINGS,ACTIVE,3.0,2026-03-16,,2026-06-01 09:00:00
ACC001991,CUST000290,BR001,SALARY SAVINGS,ACTIVE,2.75,2026-03-08,,2026-06-01 09:00:00
ACC001992,CUST002333,BR001,SALARY SAVINGS,ACTIVE,2.75,2023-11-30,,2026-06-01 09:00:00
ACC001993,CUST002243,BR001,SENIOR CITIZEN SAVINGS,ACTIVE,2.75,2023-11-25,,2026-06-01 09:00:00
ACC001994,CUST001800,BR008,SENIOR CITIZEN SAVINGS,ACTIVE,3.5,2025-11-23,,2026-06-01 09:00:00
ACC001995,CUST000990,BR008,REGULAR SAVINGS,ACTIVE,3.5,2024-01-05,,2026-06-01 09:00:00
ACC001996,CUST002936,BR004,SALARY SAVINGS,ACTIVE,3.0,2024-05-11,,2026-06-01 09:00:00
ACC001997,CUST001257,BR006,SALARY SAVINGS,ACTIVE,3.0,2026-04-09,,2026-06-01 09:00:00
ACC001998,CUST002011,BR008,REGULAR SAVINGS,ACTIVE,4.0,2024-10-09,,2026-06-01 09:00:00
ACC001999,CUST001369,BR006,SENIOR CITIZEN SAVINGS,ACTIVE,2.75,2024-03-22,,2026-06-01 09:00:00
ACC002000,CUST001426,BR001,SALARY SAVINGS,ACTIVE,2.75,2023-10-19,,2026-06-01 09:00:00
ACC002001,CUST001283,BR005,REGULAR SAVINGS,DORMANT,3.0,2025-04-02,,2026-06-01 09:00:00
ACC002002,CUST001171,BR002,REGULAR SAVINGS,ACTIVE,4.0,2024-04-11,,2026-06-01 09:00:00
ACC002003,CUST002385,BR001,SENIOR CITIZEN SAVINGS,ACTIVE,3.0,2025-04-02,,2026-06-01 09:00:00
ACC002004,CUST002878,BR003,SALARY SAVINGS,ACTIVE,3.0,2025-04-11,,2026-06-01 09:00:00
ACC002005,CUST001356,BR002,REGULAR SAVINGS,ACTIVE,2.75,2025-04-17,,2026-06-01 09:00:00
ACC002006,CUST002341,BR001,REGULAR SAVINGS,ACTIVE,4.0,2025-05-30,,2026-06-01 09:00:00
ACC002007,CUST001459,BR004,SENIOR CITIZEN SAVINGS,ACTIVE,2.75,2024-01-25,,2026-06-01 09:00:00
ACC002008,CUST002277,BR007,REGULAR SAVINGS,ACTIVE,3.5,2025-01-07,,2026-06-01 09:00:00
ACC002009,CUST000478,BR002,REGULAR SAVINGS,ACTIVE,4.0,2024-06-29,,2026-06-01 09:00:00
ACC002010,CUST000558,BR001,SALARY SAVINGS,DORMANT,3.5,2026-03-19,,2026-06-01 09:00:00
ACC002011,CUST001870,BR006,SENIOR CITIZEN SAVINGS,ACTIVE,4.0,2024-04-10,,2026-06-01 09:00:00
ACC002012,CUST000763,BR002,SENIOR CITIZEN SAVINGS,ACTIVE,3.0,2025-05-08,,2026-06-01 09:00:00
ACC002013,CUST001735,BR005,REGULAR SAVINGS,ACTIVE,3.0,2025-10-31,,2026-06-01 09:00:00
ACC002014,CUST000985,BR007,SENIOR CITIZEN SAVINGS,ACTIVE,3.0,2024-04-16,,2026-06-01 09:00:00
ACC002015,CUST000580,BR008,REGULAR SAVINGS,ACTIVE,3.5,2025-02-15,,2026-06-01 09:00:00
ACC002016,CUST000319,BR005,REGULAR SAVINGS,CLOSED,4.0,2025-12-31,2026-07-19,2026-06-01 09:00:00
ACC002017,CUST002847,BR003,REGULAR SAVINGS,DORMANT,2.75,2026-02-25,,2026-06-01 09:00:00
ACC002018,CUST000373,BR006,SENIOR CITIZEN SAVINGS,ACTIVE,3.0,2025-10-20,,2026-06-01 09:00:00
ACC002019,CUST000026,BR003,REGULAR SAVINGS,ACTIVE,3.0,2024-10-16,,2026-06-01 09:00:00
ACC002020,CUST000406,BR003,SENIOR CITIZEN SAVINGS,ACTIVE,2.75,2025-09-27,,2026-06-01 09:00:00
ACC002021,CUST000510,BR008,SENIOR CITIZEN SAVINGS,ACTIVE,2.75,2026-01-17,,2026-06-01 09:00:00
ACC002022,CUST000387,BR007,SENIOR CITIZEN SAVINGS,ACTIVE,2.75,2024-05-15,,2026-06-01 09:00:00
ACC002023,CUST001789,BR004,SENIOR CITIZEN SAVINGS,ACTIVE,3.5,2023-09-28,,2026-06-01 09:00:00
ACC002024,CUST000335,BR006,SALARY SAVINGS,ACTIVE,4.0,2023-10-16,,2026-06-01 09:00:00
ACC002025,CUST000686,BR002,REGULAR SAVINGS,ACTIVE,4.0,2024-07-14,,2026-06-01 09:00:00
ACC002026,CUST002904,BR001,SALARY SAVINGS,DORMANT,3.5,2024-07-22,,2026-06-01 09:00:00
ACC002027,CUST002192,BR004,SALARY SAVINGS,ACTIVE,2.75,2024-03-18,,2026-06-01 09:00:00
ACC002028,CUST002494,BR003,SENIOR CITIZEN SAVINGS,DORMANT,4.0,2024-04-02,,2026-06-01 09:00:00
ACC002029,CUST001131,BR006,SENIOR CITIZEN SAVINGS,DORMANT,3.5,2023-12-25,,2026-06-01 09:00:00
ACC002030,CUST000394,BR003,SALARY SAVINGS,ACTIVE,3.0,2024-04-20,,2026-06-01 09:00:00
ACC002031,CUST000666,BR001,REGULAR SAVINGS,ACTIVE,2.75,2023-08-20,,2026-06-01 09:00:00
ACC002032,CUST002520,BR005,REGULAR SAVINGS,ACTIVE,3.0,2025-05-10,,2026-06-01 09:00:00
ACC002033,CUST000555,BR003,SALARY SAVINGS,ACTIVE,2.75,2024-07-01,,2026-06-01 09:00:00
ACC002034,CUST001142,BR008,SENIOR CITIZEN SAVINGS,ACTIVE,3.5,2025-03-31,,2026-06-01 09:00:00
ACC002035,CUST000540,BR002,SALARY SAVINGS,ACTIVE,2.75,2025-09-17,,2026-06-01 09:00:00
ACC002036,CUST002365,BR004,SENIOR CITIZEN SAVINGS,ACTIVE,2.75,2025-08-13,,2026-06-01 09:00:00
ACC002037,CUST002570,BR001,REGULAR SAVINGS,ACTIVE,3.0,2023-10-27,,2026-06-01 09:00:00
ACC002038,CUST000208,BR005,REGULAR SAVINGS,ACTIVE,3.0,2026-02-02,,2026-06-01 09:00:00
ACC002039,CUST000535,BR008,REGULAR SAVINGS,ACTIVE,4.0,2024-03-01,,2026-06-01 09:00:00
ACC002040,CUST002849,BR002,REGULAR SAVINGS,ACTIVE,3.0,2023-10-09,,2026-06-01 09:00:00
ACC002041,CUST000170,BR003,REGULAR SAVINGS,ACTIVE,2.75,2025-11-20,,2026-06-01 09:00:00
ACC002042,CUST001668,BR005,SENIOR CITIZEN SAVINGS,ACTIVE,4.0,2024-07-05,,2026-06-01 09:00:00
ACC002043,CUST000236,BR006,SALARY SAVINGS,DORMANT,3.0,2024-02-10,,2026-06-01 09:00:00
ACC002044,CUST001872,BR008,SENIOR CITIZEN SAVINGS,ACTIVE,3.5,2025-04-04,,2026-06-01 09:00:00
ACC002045,CUST000394,BR004,SENIOR CITIZEN SAVINGS,ACTIVE,3.0,2024-07-30,,2026-06-01 09:00:00
ACC002046,CUST000094,BR003,SENIOR CITIZEN SAVINGS,ACTIVE,2.75,2026-04-28,,2026-06-01 09:00:00
ACC002047,CUST000304,BR008,SENIOR CITIZEN SAVINGS,ACTIVE,3.5,2025-03-14,,2026-06-01 09:00:00
ACC002048,CUST000168,BR003,REGULAR SAVINGS,ACTIVE,3.0,2025-09-30,,2026-06-01 09:00:00
ACC002049,CUST001080,BR004,SALARY SAVINGS,ACTIVE,3.5,2025-12-19,,2026-06-01 09:00:00
ACC002050,CUST001606,BR003,REGULAR SAVINGS,ACTIVE,3.0,2024-04-07,,2026-06-01 09:00:00
ACC002051,CUST000486,BR007,REGULAR SAVINGS,ACTIVE,4.0,2024-09-05,,2026-06-01 09:00:00
ACC002052,CUST001503,BR007,SALARY SAVINGS,CLOSED,3.5,2026-02-05,2026-04-20,2026-06-01 09:00:00
ACC002053,CUST001611,BR008,SENIOR CITIZEN SAVINGS,ACTIVE,2.75,2023-09-03,,2026-06-01 09:00:00
ACC002054,CUST001614,BR003,SALARY SAVINGS,ACTIVE,2.75,2025-04-05,,2026-06-01 09:00:00
ACC002055,CUST001483,BR006,SALARY SAVINGS,ACTIVE,2.75,2025-08-15,,2026-06-01 09:00:00
ACC002056,CUST001044,BR005,SALARY SAVINGS,ACTIVE,2.75,2024-06-18,,2026-06-01 09:00:00
ACC002057,CUST001604,BR004,REGULAR SAVINGS,ACTIVE,3.5,2025-08-13,,2026-06-01 09:00:00
ACC002058,CUST002938,BR004,SALARY SAVINGS,ACTIVE,4.0,2024-06-18,,2026-06-01 09:00:00
ACC002059,CUST002652,BR007,REGULAR SAVINGS,ACTIVE,3.0,2026-02-13,,2026-06-01 09:00:00
ACC002060,CUST000692,BR007,REGULAR SAVINGS,ACTIVE,3.0,2026-04-07,,2026-06-01 09:00:00
ACC002061,CUST000363,BR005,SALARY SAVINGS,ACTIVE,3.0,2024-08-25,,2026-06-01 09:00:00
ACC002062,CUST002726,BR003,SENIOR CITIZEN SAVINGS,DORMANT,3.5,2024-10-28,,2026-06-01 09:00:00
ACC002063,CUST002849,BR006,REGULAR SAVINGS,ACTIVE,3.5,2025-04-22,,2026-06-01 09:00:00
ACC002064,CUST002782,BR001,SENIOR CITIZEN SAVINGS,DORMANT,4.0,2023-08-26,,2026-06-01 09:00:00
ACC002065,CUST002815,BR002,REGULAR SAVINGS,ACTIVE,4.0,2026-03-10,,2026-06-01 09:00:00
ACC002066,CUST002967,BR005,SENIOR CITIZEN SAVINGS,ACTIVE,2.75,2024-10-05,,2026-06-01 09:00:00
ACC002067,CUST002797,BR007,SENIOR CITIZEN SAVINGS,ACTIVE,3.5,2024-08-16,,2026-06-01 09:00:00
ACC002068,CUST001388,BR004,SALARY SAVINGS,ACTIVE,3.0,2024-07-13,,2026-06-01 09:00:00
ACC002069,CUST001888,BR003,SALARY SAVINGS,ACTIVE,3.5,2023-12-26,,2026-06-01 09:00:00
ACC002070,CUST002178,BR004,REGULAR SAVINGS,ACTIVE,3.0,2024-08-06,,2026-06-01 09:00:00
ACC002071,CUST000143,BR004,SALARY SAVINGS,ACTIVE,2.75,2024-07-02,,2026-06-01 09:00:00
ACC002072,CUST002739,BR008,SENIOR CITIZEN SAVINGS,ACTIVE,4.0,2024-06-25,,2026-06-01 09:00:00
ACC002073,CUST001094,BR006,SALARY SAVINGS,ACTIVE,4.0,2025-04-22,,2026-06-01 09:00:00
ACC002074,CUST002826,BR005,SALARY SAVINGS,ACTIVE,4.0,2024-09-05,,2026-06-01 09:00:00
ACC002075,CUST001645,BR005,SALARY SAVINGS,DORMANT,3.5,2024-06-18,,2026-06-01 09:00:00
ACC002076,CUST000983,BR007,SALARY SAVINGS,ACTIVE,3.5,2024-04-29,,2026-06-01 09:00:00
ACC002077,CUST001610,BR007,REGULAR SAVINGS,CLOSED,4.0,2024-12-22,2025-04-20,2026-06-01 09:00:00
ACC002078,CUST001765,BR004,REGULAR SAVINGS,ACTIVE,3.5,2025-12-08,,2026-06-01 09:00:00
ACC002079,CUST001406,BR005,SENIOR CITIZEN SAVINGS,ACTIVE,3.5,2025-05-19,,2026-06-01 09:00:00
ACC002080,CUST000033,BR006,SALARY SAVINGS,ACTIVE,3.5,2026-05-09,,2026-06-01 09:00:00
ACC002081,CUST000760,BR007,SALARY SAVINGS,ACTIVE,3.0,2023-10-14,,2026-06-01 09:00:00
ACC002082,CUST002359,BR007,SALARY SAVINGS,ACTIVE,4.0,2026-01-24,,2026-06-01 09:00:00
ACC002083,CUST000745,BR002,SALARY SAVINGS,ACTIVE,3.0,2024-02-13,,2026-06-01 09:00:00
ACC002084,CUST000560,BR004,SENIOR CITIZEN SAVINGS,ACTIVE,3.5,2025-06-20,,2026-06-01 09:00:00
ACC002085,CUST000487,BR005,SALARY SAVINGS,ACTIVE,3.0,2023-12-19,,2026-06-01 09:00:00
ACC002086,CUST000216,BR005,REGULAR SAVINGS,ACTIVE,3.0,2023-11-20,,2026-06-01 09:00:00
ACC002087,CUST001702,BR002,SALARY SAVINGS,ACTIVE,3.5,2023-12-21,,2026-06-01 09:00:00
ACC002088,CUST000875,BR001,REGULAR SAVINGS,ACTIVE,4.0,2025-11-06,,2026-06-01 09:00:00
ACC002089,CUST002695,BR008,SENIOR CITIZEN SAVINGS,ACTIVE,3.0,2025-09-01,,2026-06-01 09:00:00
ACC002090,CUST000075,BR001,SENIOR CITIZEN SAVINGS,ACTIVE,2.75,2024-05-25,,2026-06-01 09:00:00
ACC002091,CUST001460,BR003,REGULAR SAVINGS,DORMANT,3.0,2024-03-26,,2026-06-01 09:00:00
ACC002092,CUST001509,BR008,SENIOR CITIZEN SAVINGS,DORMANT,2.75,2025-04-04,,2026-06-01 09:00:00
ACC002093,CUST001151,BR006,SENIOR CITIZEN SAVINGS,ACTIVE,3.0,2025-10-17,,2026-06-01 09:00:00
ACC002094,CUST001145,BR003,SENIOR CITIZEN SAVINGS,DORMANT,4.0,2023-09-14,,2026-06-01 09:00:00
ACC002095,CUST001887,BR005,SENIOR CITIZEN SAVINGS,ACTIVE,3.5,2026-04-15,,2026-06-01 09:00:00
ACC002096,CUST002781,BR008,REGULAR SAVINGS,ACTIVE,2.75,2024-06-06,,2026-06-01 09:00:00
ACC002097,CUST002633,BR003,SALARY SAVINGS,ACTIVE,2.75,2024-03-01,,2026-06-01 09:00:00
ACC002098,CUST001399,BR003,SALARY SAVINGS,DORMANT,3.0,2024-12-09,,2026-06-01 09:00:00
ACC002099,CUST001856,BR003,SALARY SAVINGS,ACTIVE,4.0,2024-01-02,,2026-06-01 09:00:00
ACC002100,CUST001666,BR004,REGULAR SAVINGS,ACTIVE,3.0,2026-06-17,,2026-06-01 09:00:00
ACC002101,CUST001142,BR001,SENIOR CITIZEN SAVINGS,DORMANT,2.75,2025-06-22,,2026-06-01 09:00:00
ACC002102,CUST002869,BR006,SENIOR CITIZEN SAVINGS,ACTIVE,3.0,2024-11-28,,2026-06-01 09:00:00
ACC002103,CUST000258,BR001,SENIOR CITIZEN SAVINGS,ACTIVE,3.5,2025-04-19,,2026-06-01 09:00:00
ACC002104,CUST002697,BR001,REGULAR SAVINGS,ACTIVE,2.75,2025-05-15,,2026-06-01 09:00:00
ACC002105,CUST001982,BR003,REGULAR SAVINGS,ACTIVE,3.0,2026-04-17,,2026-06-01 09:00:00
ACC002106,CUST001310,BR008,REGULAR SAVINGS,ACTIVE,3.0,2025-03-10,,2026-06-01 09:00:00
ACC002107,CUST002475,BR005,SENIOR CITIZEN SAVINGS,CLOSED,3.0,2025-01-01,2025-12-28,2026-06-01 09:00:00
ACC002108,CUST000506,BR004,SENIOR CITIZEN SAVINGS,ACTIVE,4.0,2023-11-30,,2026-06-01 09:00:00
ACC002109,CUST002844,BR002,REGULAR SAVINGS,CLOSED,4.0,2024-12-29,2026-08-02,2026-06-01 09:00:00
ACC002110,CUST000813,BR002,SALARY SAVINGS,ACTIVE,3.0,2025-06-29,,2026-06-01 09:00:00
ACC002111,CUST001438,BR003,SENIOR CITIZEN SAVINGS,ACTIVE,4.0,2024-06-11,,2026-06-01 09:00:00
ACC002112,CUST000110,BR003,SALARY SAVINGS,ACTIVE,4.0,2023-10-14,,2026-06-01 09:00:00
ACC002113,CUST000524,BR006,SENIOR CITIZEN SAVINGS,ACTIVE,3.5,2025-09-06,,2026-06-01 09:00:00
ACC002114,CUST002798,BR004,REGULAR SAVINGS,ACTIVE,3.0,2025-12-03,,2026-06-01 09:00:00
ACC002115,CUST002622,BR008,REGULAR SAVINGS,ACTIVE,3.0,2024-05-06,,2026-06-01 09:00:00
ACC002116,CUST002139,BR003,SALARY SAVINGS,ACTIVE,2.75,2024-04-09,,2026-06-01 09:00:00
ACC002117,CUST002832,BR004,REGULAR SAVINGS,ACTIVE,3.5,2024-12-16,,2026-06-01 09:00:00
ACC002118,CUST001734,BR007,REGULAR SAVINGS,ACTIVE,2.75,2025-07-25,,2026-06-01 09:00:00
ACC002119,CUST001924,BR007,SENIOR CITIZEN SAVINGS,DORMANT,2.75,2025-07-14,,2026-06-01 09:00:00
ACC002120,CUST001881,BR001,SALARY SAVINGS,ACTIVE,3.0,2025-12-02,,2026-06-01 09:00:00
ACC002121,CUST000495,BR003,REGULAR SAVINGS,ACTIVE,3.0,2024-12-23,,2026-06-01 09:00:00
ACC002122,CUST000058,BR008,REGULAR SAVINGS,ACTIVE,2.75,2025-01-27,,2026-06-01 09:00:00
ACC002123,CUST001451,BR004,SALARY SAVINGS,ACTIVE,3.0,2024-07-01,,2026-06-01 09:00:00
ACC002124,CUST002729,BR007,SALARY SAVINGS,ACTIVE,3.5,2026-06-05,,2026-06-01 09:00:00
ACC002125,CUST001649,BR008,SALARY SAVINGS,ACTIVE,3.0,2024-08-31,,2026-06-01 09:00:00
ACC002126,CUST000537,BR003,REGULAR SAVINGS,CLOSED,3.0,2023-10-03,2025-05-12,2026-06-01 09:00:00
ACC002127,CUST002830,BR003,SENIOR CITIZEN SAVINGS,CLOSED,3.0,2024-11-09,2026-01-04,2026-06-01 09:00:00
ACC002128,CUST002083,BR001,SALARY SAVINGS,ACTIVE,2.75,2025-03-07,,2026-06-01 09:00:00
ACC002129,CUST001040,BR003,SENIOR CITIZEN SAVINGS,ACTIVE,3.5,2025-03-20,,2026-06-01 09:00:00
ACC002130,CUST002319,BR003,SALARY SAVINGS,ACTIVE,3.0,2023-11-06,,2026-06-01 09:00:00
ACC002131,CUST001659,BR001,SENIOR CITIZEN SAVINGS,ACTIVE,4.0,2025-04-01,,2026-06-01 09:00:00
ACC002132,CUST001383,BR004,SALARY SAVINGS,ACTIVE,3.5,2026-02-13,,2026-06-01 09:00:00
ACC002133,CUST000993,BR008,SENIOR CITIZEN SAVINGS,ACTIVE,3.0,2025-12-13,,2026-06-01 09:00:00
ACC002134,CUST000470,BR001,SALARY SAVINGS,ACTIVE,3.5,2024-05-14,,2026-06-01 09:00:00
ACC002135,CUST001130,BR002,SENIOR CITIZEN SAVINGS,ACTIVE,3.0,2025-01-09,,2026-06-01 09:00:00
ACC002136,CUST001292,BR004,SENIOR CITIZEN SAVINGS,ACTIVE,3.5,2026-05-29,,2026-06-01 09:00:00
ACC002137,CUST002301,BR006,SENIOR CITIZEN SAVINGS,ACTIVE,3.0,2024-08-06,,2026-06-01 09:00:00
ACC002138,CUST000294,BR004,SENIOR CITIZEN SAVINGS,ACTIVE,4.0,2024-03-30,,2026-06-01 09:00:00
ACC002139,CUST000235,BR005,SENIOR CITIZEN SAVINGS,ACTIVE,4.0,2023-11-08,,2026-06-01 09:00:00
ACC002140,CUST001940,BR006,SENIOR CITIZEN SAVINGS,ACTIVE,4.0,2024-01-18,,2026-06-01 09:00:00
ACC002141,CUST001134,BR008,SALARY SAVINGS,ACTIVE,2.75,2026-04-14,,2026-06-01 09:00:00
ACC002142,CUST002330,BR002,SENIOR CITIZEN SAVINGS,DORMANT,3.0,2024-12-15,,2026-06-01 09:00:00
ACC002143,CUST000276,BR006,SENIOR CITIZEN SAVINGS,ACTIVE,2.75,2024-12-28,,2026-06-01 09:00:00
ACC002144,CUST001097,BR002,SENIOR CITIZEN SAVINGS,ACTIVE,2.75,2024-11-07,,2026-06-01 09:00:00
ACC002145,CUST001402,BR006,SENIOR CITIZEN SAVINGS,ACTIVE,4.0,2024-09-15,,2026-06-01 09:00:00
ACC002146,CUST002747,BR002,REGULAR SAVINGS,ACTIVE,4.0,2025-03-31,,2026-06-01 09:00:00
ACC002147,CUST002421,BR006,SALARY SAVINGS,ACTIVE,4.0,2025-04-27,,2026-06-01 09:00:00
ACC002148,CUST000758,BR001,REGULAR SAVINGS,ACTIVE,4.0,2024-09-04,,2026-06-01 09:00:00
ACC002149,CUST000075,BR005,REGULAR SAVINGS,ACTIVE,3.0,2023-11-14,,2026-06-01 09:00:00
ACC002150,CUST002731,BR001,SENIOR CITIZEN SAVINGS,ACTIVE,2.75,2025-11-09,,2026-06-01 09:00:00
ACC002151,CUST002033,BR002,REGULAR SAVINGS,ACTIVE,3.0,2023-10-19,,2026-06-01 09:00:00
ACC002152,CUST000614,BR005,SENIOR CITIZEN SAVINGS,DORMANT,2.75,2025-11-16,,2026-06-01 09:00:00
ACC002153,CUST000998,BR007,SENIOR CITIZEN SAVINGS,ACTIVE,4.0,2024-01-22,,2026-06-01 09:00:00
ACC002154,CUST002652,BR008,SENIOR CITIZEN SAVINGS,ACTIVE,4.0,2025-05-22,,2026-06-01 09:00:00
ACC002155,CUST001944,BR004,SALARY SAVINGS,ACTIVE,2.75,2026-02-18,,2026-06-01 09:00:00
ACC002156,CUST001982,BR004,REGULAR SAVINGS,ACTIVE,2.75,2024-01-21,,2026-06-01 09:00:00
ACC002157,CUST000541,BR008,REGULAR SAVINGS,ACTIVE,4.0,2024-12-01,,2026-06-01 09:00:00
ACC002158,CUST001886,BR006,SALARY SAVINGS,ACTIVE,4.0,2024-04-24,,2026-06-01 09:00:00
ACC002159,CUST001444,BR004,SENIOR CITIZEN SAVINGS,DORMANT,3.0,2024-10-12,,2026-06-01 09:00:00
ACC002160,CUST002342,BR005,REGULAR SAVINGS,ACTIVE,3.0,2024-10-17,,2026-06-01 09:00:00
ACC002161,CUST002581,BR007,REGULAR SAVINGS,ACTIVE,3.5,2024-10-12,,2026-06-01 09:00:00
ACC002162,CUST002100,BR006,REGULAR SAVINGS,ACTIVE,3.0,2025-07-21,,2026-06-01 09:00:00
ACC002163,CUST000188,BR003,SALARY SAVINGS,ACTIVE,2.75,2023-08-27,,2026-06-01 09:00:00
ACC002164,CUST000097,BR006,SALARY SAVINGS,ACTIVE,4.0,2025-03-17,,2026-06-01 09:00:00
ACC002165,CUST001159,BR008,SENIOR CITIZEN SAVINGS,ACTIVE,3.5,2025-05-24,,2026-06-01 09:00:00
ACC002166,CUST000205,BR001,SENIOR CITIZEN SAVINGS,ACTIVE,3.0,2024-10-16,,2026-06-01 09:00:00
ACC002167,CUST001902,BR007,SENIOR CITIZEN SAVINGS,ACTIVE,3.5,2025-08-06,,2026-06-01 09:00:00
ACC002168,CUST001783,BR008,SALARY SAVINGS,ACTIVE,4.0,2025-12-06,,2026-06-01 09:00:00
ACC002169,CUST002430,BR008,REGULAR SAVINGS,DORMANT,3.5,2024-07-12,,2026-06-01 09:00:00
ACC002170,CUST001720,BR004,SALARY SAVINGS,DORMANT,4.0,2024-09-06,,2026-06-01 09:00:00
ACC002171,CUST002829,BR001,REGULAR SAVINGS,DORMANT,3.5,2023-11-03,,2026-06-01 09:00:00
ACC002172,CUST000095,BR007,SENIOR CITIZEN SAVINGS,ACTIVE,3.0,2023-12-13,,2026-06-01 09:00:00
ACC002173,CUST000904,BR008,SENIOR CITIZEN SAVINGS,ACTIVE,3.0,2025-09-17,,2026-06-01 09:00:00
ACC002174,CUST001582,BR005,SALARY SAVINGS,ACTIVE,4.0,2025-10-22,,2026-06-01 09:00:00
ACC002175,CUST001808,BR002,SENIOR CITIZEN SAVINGS,DORMANT,2.75,2024-07-13,,2026-06-01 09:00:00
ACC002176,CUST002663,BR006,SALARY SAVINGS,ACTIVE,3.0,2025-04-12,,2026-06-01 09:00:00
ACC002177,CUST000913,BR006,SALARY SAVINGS,ACTIVE,3.0,2025-02-02,,2026-06-01 09:00:00
ACC002178,CUST002432,BR008,SALARY SAVINGS,ACTIVE,2.75,2026-06-06,,2026-06-01 09:00:00
ACC002179,CUST000452,BR003,SENIOR CITIZEN SAVINGS,ACTIVE,3.0,2025-07-08,,2026-06-01 09:00:00
ACC002180,CUST000846,BR007,REGULAR SAVINGS,ACTIVE,3.5,2025-02-15,,2026-06-01 09:00:00
ACC002181,CUST001287,BR005,SALARY SAVINGS,ACTIVE,3.5,2023-11-23,,2026-06-01 09:00:00
ACC002182,CUST001154,BR007,SALARY SAVINGS,ACTIVE,4.0,2024-08-14,,2026-06-01 09:00:00
ACC002183,CUST001073,BR005,SALARY SAVINGS,ACTIVE,3.0,2023-09-04,,2026-06-01 09:00:00
ACC002184,CUST000299,BR005,SENIOR CITIZEN SAVINGS,ACTIVE,2.75,2026-03-13,,2026-06-01 09:00:00
ACC002185,CUST002413,BR004,SALARY SAVINGS,ACTIVE,3.0,2025-06-10,,2026-06-01 09:00:00
ACC002186,CUST001130,BR008,SALARY SAVINGS,ACTIVE,3.5,2024-07-01,,2026-06-01 09:00:00
ACC002187,CUST001680,BR005,SENIOR CITIZEN SAVINGS,ACTIVE,2.75,2026-03-08,,2026-06-01 09:00:00
ACC002188,CUST002693,BR003,SENIOR CITIZEN SAVINGS,ACTIVE,3.0,2025-08-18,,2026-06-01 09:00:00
ACC002189,CUST001345,BR007,SALARY SAVINGS,ACTIVE,3.0,2024-08-20,,2026-06-01 09:00:00
ACC002190,CUST002964,BR004,REGULAR SAVINGS,ACTIVE,3.5,2024-10-09,,2026-06-01 09:00:00
ACC002191,CUST000425,BR001,SENIOR CITIZEN SAVINGS,ACTIVE,4.0,2024-02-25,,2026-06-01 09:00:00
ACC002192,CUST000710,BR002,SALARY SAVINGS,ACTIVE,4.0,2026-06-14,,2026-06-01 09:00:00
ACC002193,CUST001339,BR005,SENIOR CITIZEN SAVINGS,ACTIVE,3.5,2025-01-24,,2026-06-01 09:00:00
ACC002194,CUST002908,BR007,SENIOR CITIZEN SAVINGS,ACTIVE,3.5,2024-07-17,,2026-06-01 09:00:00
ACC002195,CUST000541,BR003,REGULAR SAVINGS,ACTIVE,2.75,2025-06-18,,2026-06-01 09:00:00
ACC002196,CUST001237,BR005,SALARY SAVINGS,ACTIVE,4.0,2024-06-19,,2026-06-01 09:00:00
ACC002197,CUST000263,BR003,REGULAR SAVINGS,ACTIVE,3.0,2025-09-17,,2026-06-01 09:00:00
ACC002198,CUST000580,BR006,REGULAR SAVINGS,ACTIVE,2.75,2025-10-28,,2026-06-01 09:00:00
ACC002199,CUST000836,BR008,SALARY SAVINGS,DORMANT,3.5,2024-06-24,,2026-06-01 09:00:00
ACC002200,CUST002166,BR007,SALARY SAVINGS,ACTIVE,3.0,2024-06-04,,2026-06-01 09:00:00
ACC002201,CUST002573,BR008,SALARY SAVINGS,ACTIVE,2.75,2024-04-09,,2026-06-01 09:00:00
ACC002202,CUST000324,BR004,SALARY SAVINGS,ACTIVE,2.75,2024-06-30,,2026-06-01 09:00:00
ACC002203,CUST002264,BR005,SALARY SAVINGS,ACTIVE,3.0,2025-10-16,,2026-06-01 09:00:00
ACC002204,CUST001625,BR007,REGULAR SAVINGS,ACTIVE,3.0,2026-01-26,,2026-06-01 09:00:00
ACC002205,CUST002221,BR006,SALARY SAVINGS,DORMANT,2.75,2025-04-09,,2026-06-01 09:00:00
ACC002206,CUST000752,BR004,SENIOR CITIZEN SAVINGS,ACTIVE,4.0,2025-08-06,,2026-06-01 09:00:00
ACC002207,CUST000556,BR001,SALARY SAVINGS,ACTIVE,3.0,2025-01-23,,2026-06-01 09:00:00
ACC002208,CUST001200,BR003,SENIOR CITIZEN SAVINGS,ACTIVE,3.5,2024-12-21,,2026-06-01 09:00:00
ACC002209,CUST000442,BR001,SALARY SAVINGS,ACTIVE,3.5,2026-03-16,,2026-06-01 09:00:00
ACC002210,CUST002926,BR007,SENIOR CITIZEN SAVINGS,ACTIVE,4.0,2026-03-07,,2026-06-01 09:00:00
ACC002211,CUST000115,BR001,REGULAR SAVINGS,ACTIVE,3.5,2025-08-26,,2026-06-01 09:00:00
ACC002212,CUST002331,BR005,REGULAR SAVINGS,ACTIVE,4.0,2025-03-01,,2026-06-01 09:00:00
ACC002213,CUST000627,BR002,SALARY SAVINGS,ACTIVE,4.0,2025-11-04,,2026-06-01 09:00:00
ACC002214,CUST000264,BR008,REGULAR SAVINGS,ACTIVE,3.5,2025-01-31,,2026-06-01 09:00:00
ACC002215,CUST001238,BR004,REGULAR SAVINGS,ACTIVE,3.5,2026-05-10,,2026-06-01 09:00:00
ACC002216,CUST002198,BR006,SENIOR CITIZEN SAVINGS,ACTIVE,2.75,2026-04-20,,2026-06-01 09:00:00
ACC002217,CUST002497,BR005,REGULAR SAVINGS,ACTIVE,4.0,2026-06-15,,2026-06-01 09:00:00
ACC002218,CUST001837,BR006,REGULAR SAVINGS,ACTIVE,3.0,2026-01-05,,2026-06-01 09:00:00
ACC002219,CUST002132,BR003,REGULAR SAVINGS,ACTIVE,3.0,2023-11-28,,2026-06-01 09:00:00
ACC002220,CUST000551,BR006,REGULAR SAVINGS,ACTIVE,4.0,2025-04-11,,2026-06-01 09:00:00
ACC002221,CUST000883,BR004,REGULAR SAVINGS,ACTIVE,2.75,2023-12-22,,2026-06-01 09:00:00
ACC002222,CUST000809,BR005,REGULAR SAVINGS,ACTIVE,4.0,2024-08-31,,2026-06-01 09:00:00
ACC002223,CUST002836,BR002,SALARY SAVINGS,ACTIVE,4.0,2025-08-15,,2026-06-01 09:00:00
ACC002224,CUST000044,BR008,SALARY SAVINGS,ACTIVE,4.0,2024-10-03,,2026-06-01 09:00:00
ACC002225,CUST002498,BR006,SENIOR CITIZEN SAVINGS,ACTIVE,3.5,2025-08-13,,2026-06-01 09:00:00
ACC002226,CUST000233,BR003,REGULAR SAVINGS,ACTIVE,3.5,2024-01-15,,2026-06-01 09:00:00
ACC002227,CUST000230,BR002,SENIOR CITIZEN SAVINGS,DORMANT,3.0,2025-03-22,,2026-06-01 09:00:00
ACC002228,CUST002383,BR005,REGULAR SAVINGS,ACTIVE,4.0,2025-04-21,,2026-06-01 09:00:00
ACC002229,CUST000888,BR005,SENIOR CITIZEN SAVINGS,ACTIVE,3.0,2025-03-17,,2026-06-01 09:00:00
ACC002230,CUST001213,BR008,SENIOR CITIZEN SAVINGS,DORMANT,2.75,2024-10-04,,2026-06-01 09:00:00
ACC002231,CUST000068,BR002,REGULAR SAVINGS,ACTIVE,4.0,2024-05-03,,2026-06-01 09:00:00
ACC002232,CUST002712,BR003,SALARY SAVINGS,ACTIVE,3.5,2024-03-29,,2026-06-01 09:00:00
ACC002233,CUST000240,BR008,SALARY SAVINGS,DORMANT,4.0,2025-09-10,,2026-06-01 09:00:00
ACC002234,CUST002706,BR008,SALARY SAVINGS,ACTIVE,2.75,2026-02-25,,2026-06-01 09:00:00
ACC002235,CUST002631,BR008,SALARY SAVINGS,ACTIVE,3.5,2023-11-18,,2026-06-01 09:00:00
ACC002236,CUST000434,BR003,SALARY SAVINGS,ACTIVE,3.5,2026-03-24,,2026-06-01 09:00:00
ACC002237,CUST002621,BR004,SENIOR CITIZEN SAVINGS,ACTIVE,4.0,2025-02-13,,2026-06-01 09:00:00
ACC002238,CUST001922,BR003,REGULAR SAVINGS,ACTIVE,3.5,2024-01-12,,2026-06-01 09:00:00
ACC002239,CUST000737,BR003,SENIOR CITIZEN SAVINGS,ACTIVE,3.5,2024-10-11,,2026-06-01 09:00:00
ACC002240,CUST002819,BR006,SENIOR CITIZEN SAVINGS,ACTIVE,4.0,2024-05-13,,2026-06-01 09:00:00
ACC002241,CUST001155,BR005,SALARY SAVINGS,DORMANT,3.0,2025-11-30,,2026-06-01 09:00:00
ACC002242,CUST001021,BR004,REGULAR SAVINGS,ACTIVE,4.0,2025-12-09,,2026-06-01 09:00:00
ACC002243,CUST000764,BR002,REGULAR SAVINGS,ACTIVE,3.0,2026-04-18,,2026-06-01 09:00:00
ACC002244,CUST000489,BR008,SALARY SAVINGS,ACTIVE,2.75,2023-10-13,,2026-06-01 09:00:00
ACC002245,CUST002820,BR007,REGULAR SAVINGS,ACTIVE,2.75,2026-03-27,,2026-06-01 09:00:00
ACC002246,CUST001862,BR001,REGULAR SAVINGS,ACTIVE,4.0,2025-08-24,,2026-06-01 09:00:00
ACC002247,CUST002578,BR004,SENIOR CITIZEN SAVINGS,ACTIVE,3.0,2026-01-31,,2026-06-01 09:00:00
ACC002248,CUST002538,BR005,SALARY SAVINGS,ACTIVE,3.5,2025-11-24,,2026-06-01 09:00:00
ACC002249,CUST000449,BR008,REGULAR SAVINGS,ACTIVE,2.75,2024-09-17,,2026-06-01 09:00:00
ACC002250,CUST002017,BR007,SENIOR CITIZEN SAVINGS,ACTIVE,3.5,2023-12-04,,2026-06-01 09:00:00
ACC002251,CUST001862,BR003,SALARY SAVINGS,ACTIVE,3.0,2024-12-04,,2026-06-01 09:00:00
ACC002252,CUST000613,BR003,SALARY SAVINGS,ACTIVE,2.75,2023-10-20,,2026-06-01 09:00:00
ACC002253,CUST002782,BR006,SENIOR CITIZEN SAVINGS,ACTIVE,3.5,2025-06-09,,2026-06-01 09:00:00
ACC002254,CUST001567,BR004,REGULAR SAVINGS,ACTIVE,3.0,2024-02-07,,2026-06-01 09:00:00
ACC002255,CUST002836,BR004,SALARY SAVINGS,CLOSED,3.0,2025-08-03,2026-06-30,2026-06-01 09:00:00
ACC002256,CUST001238,BR008,SENIOR CITIZEN SAVINGS,ACTIVE,2.75,2025-05-19,,2026-06-01 09:00:00
ACC002257,CUST002045,BR006,REGULAR SAVINGS,ACTIVE,2.75,2025-05-05,,2026-06-01 09:00:00
ACC002258,CUST000681,BR001,SALARY SAVINGS,ACTIVE,3.5,2024-02-01,,2026-06-01 09:00:00
ACC002259,CUST002079,BR006,SALARY SAVINGS,ACTIVE,2.75,2023-09-10,,2026-06-01 09:00:00
ACC002260,CUST000777,BR008,SENIOR CITIZEN SAVINGS,ACTIVE,4.0,2023-11-21,,2026-06-01 09:00:00
ACC002261,CUST000745,BR007,REGULAR SAVINGS,ACTIVE,4.0,2025-10-22,,2026-06-01 09:00:00
ACC002262,CUST000656,BR006,REGULAR SAVINGS,ACTIVE,4.0,2024-06-02,,2026-06-01 09:00:00
ACC002263,CUST001853,BR008,REGULAR SAVINGS,ACTIVE,4.0,2023-09-20,,2026-06-01 09:00:00
ACC002264,CUST000656,BR006,REGULAR SAVINGS,ACTIVE,3.0,2025-12-19,,2026-06-01 09:00:00
ACC002265,CUST001636,BR006,SENIOR CITIZEN SAVINGS,ACTIVE,2.75,2024-11-09,,2026-06-01 09:00:00
ACC002266,CUST000549,BR001,REGULAR SAVINGS,ACTIVE,3.5,2024-06-06,,2026-06-01 09:00:00
ACC002267,CUST000619,BR005,SALARY SAVINGS,ACTIVE,2.75,2024-06-21,,2026-06-01 09:00:00
ACC002268,CUST000895,BR001,SALARY SAVINGS,ACTIVE,3.0,2026-04-20,,2026-06-01 09:00:00
ACC002269,CUST002724,BR007,SALARY SAVINGS,ACTIVE,3.0,2023-08-19,,2026-06-01 09:00:00
ACC002270,CUST002738,BR003,SENIOR CITIZEN SAVINGS,ACTIVE,4.0,2025-11-22,,2026-06-01 09:00:00
ACC002271,CUST002961,BR005,SALARY SAVINGS,ACTIVE,3.0,2025-05-19,,2026-06-01 09:00:00
ACC002272,CUST000312,BR006,REGULAR SAVINGS,ACTIVE,3.5,2024-04-11,,2026-06-01 09:00:00
ACC002273,CUST002648,BR006,SENIOR CITIZEN SAVINGS,ACTIVE,2.75,2023-12-29,,2026-06-01 09:00:00
ACC002274,CUST000439,BR004,SENIOR CITIZEN SAVINGS,ACTIVE,2.75,2023-12-31,,2026-06-01 09:00:00
ACC002275,CUST002190,BR004,SENIOR CITIZEN SAVINGS,ACTIVE,3.0,2024-12-05,,2026-06-01 09:00:00
ACC002276,CUST000343,BR003,REGULAR SAVINGS,ACTIVE,3.0,2024-06-27,,2026-06-01 09:00:00
ACC002277,CUST000313,BR006,REGULAR SAVINGS,ACTIVE,3.5,2025-12-08,,2026-06-01 09:00:00
ACC002278,CUST002914,BR006,SENIOR CITIZEN SAVINGS,DORMANT,3.0,2024-04-07,,2026-06-01 09:00:00
ACC002279,CUST001709,BR008,REGULAR SAVINGS,ACTIVE,4.0,2024-08-17,,2026-06-01 09:00:00
ACC002280,CUST000426,BR002,SENIOR CITIZEN SAVINGS,ACTIVE,3.5,2026-02-27,,2026-06-01 09:00:00
ACC002281,CUST000240,BR007,REGULAR SAVINGS,CLOSED,3.5,2024-10-24,2026-01-22,2026-06-01 09:00:00
ACC002282,CUST002760,BR001,REGULAR SAVINGS,ACTIVE,2.75,2025-12-12,,2026-06-01 09:00:00
ACC002283,CUST002335,BR008,SALARY SAVINGS,ACTIVE,4.0,2024-07-14,,2026-06-01 09:00:00
ACC002284,CUST001002,BR006,SALARY SAVINGS,ACTIVE,3.5,2025-02-26,,2026-06-01 09:00:00
ACC002285,CUST002613,BR007,SALARY SAVINGS,DORMANT,3.5,2025-03-22,,2026-06-01 09:00:00
ACC002286,CUST001274,BR002,REGULAR SAVINGS,ACTIVE,4.0,2025-12-05,,2026-06-01 09:00:00
ACC002287,CUST001214,BR003,SENIOR CITIZEN SAVINGS,ACTIVE,2.75,2026-04-07,,2026-06-01 09:00:00
ACC002288,CUST001787,BR003,REGULAR SAVINGS,ACTIVE,3.0,2023-09-18,,2026-06-01 09:00:00
ACC002289,CUST000071,BR005,REGULAR SAVINGS,ACTIVE,2.75,2024-12-13,,2026-06-01 09:00:00
ACC002290,CUST002506,BR005,REGULAR SAVINGS,ACTIVE,3.0,2025-05-04,,2026-06-01 09:00:00
ACC002291,CUST001153,BR008,SENIOR CITIZEN SAVINGS,ACTIVE,2.75,2025-07-25,,2026-06-01 09:00:00
ACC002292,CUST001829,BR003,SENIOR CITIZEN SAVINGS,ACTIVE,4.0,2024-06-09,,2026-06-01 09:00:00
ACC002293,CUST002511,BR005,SENIOR CITIZEN SAVINGS,ACTIVE,2.75,2024-03-13,,2026-06-01 09:00:00
ACC002294,CUST002861,BR004,REGULAR SAVINGS,ACTIVE,2.75,2026-03-10,,2026-06-01 09:00:00
ACC002295,CUST000234,BR004,REGULAR SAVINGS,ACTIVE,4.0,2026-04-07,,2026-06-01 09:00:00
ACC002296,CUST002819,BR003,SALARY SAVINGS,ACTIVE,2.75,2024-08-06,,2026-06-01 09:00:00
ACC002297,CUST000806,BR003,SALARY SAVINGS,ACTIVE,3.5,2024-05-07,,2026-06-01 09:00:00
ACC002298,CUST000773,BR002,REGULAR SAVINGS,ACTIVE,2.75,2024-02-13,,2026-06-01 09:00:00
ACC002299,CUST001338,BR003,SENIOR CITIZEN SAVINGS,ACTIVE,3.5,2024-09-27,,2026-06-01 09:00:00
ACC002300,CUST000963,BR001,REGULAR SAVINGS,ACTIVE,3.5,2026-04-22,,2026-06-01 09:00:00
ACC002301,CUST001712,BR003,SALARY SAVINGS,ACTIVE,2.75,2025-07-11,,2026-06-01 09:00:00
ACC002302,CUST002188,BR007,SALARY SAVINGS,ACTIVE,3.0,2023-12-16,,2026-06-01 09:00:00
ACC002303,CUST001000,BR004,REGULAR SAVINGS,ACTIVE,3.0,2026-02-09,,2026-06-01 09:00:00
ACC002304,CUST002055,BR007,SALARY SAVINGS,ACTIVE,3.0,2025-12-03,,2026-06-01 09:00:00
ACC002305,CUST001670,BR002,SENIOR CITIZEN SAVINGS,ACTIVE,3.5,2026-06-01,,2026-06-01 09:00:00
ACC002306,CUST002222,BR007,REGULAR SAVINGS,ACTIVE,3.0,2024-12-09,,2026-06-01 09:00:00
ACC002307,CUST001016,BR007,REGULAR SAVINGS,CLOSED,3.5,2023-08-22,2023-12-28,2026-06-01 09:00:00
ACC002308,CUST000004,BR002,SENIOR CITIZEN SAVINGS,ACTIVE,3.0,2025-06-29,,2026-06-01 09:00:00
ACC002309,CUST000643,BR004,REGULAR SAVINGS,ACTIVE,3.0,2023-11-22,,2026-06-01 09:00:00
ACC002310,CUST000407,BR004,SALARY SAVINGS,DORMANT,3.5,2025-04-03,,2026-06-01 09:00:00
ACC002311,CUST002458,BR002,SENIOR CITIZEN SAVINGS,ACTIVE,4.0,2025-01-23,,2026-06-01 09:00:00
ACC002312,CUST002869,BR001,SALARY SAVINGS,CLOSED,4.0,2026-01-04,2026-07-29,2026-06-01 09:00:00
ACC002313,CUST002020,BR007,SALARY SAVINGS,ACTIVE,2.75,2026-05-18,,2026-06-01 09:00:00
ACC002314,CUST002577,BR006,SENIOR CITIZEN SAVINGS,ACTIVE,3.0,2025-05-01,,2026-06-01 09:00:00
ACC002315,CUST002141,BR002,REGULAR SAVINGS,ACTIVE,3.5,2026-03-15,,2026-06-01 09:00:00
ACC002316,CUST002545,BR003,SALARY SAVINGS,ACTIVE,4.0,2025-04-11,,2026-06-01 09:00:00
ACC002317,CUST000479,BR008,SENIOR CITIZEN SAVINGS,ACTIVE,2.75,2025-06-14,,2026-06-01 09:00:00
ACC002318,CUST001717,BR004,SALARY SAVINGS,ACTIVE,3.5,2024-08-20,,2026-06-01 09:00:00
ACC002319,CUST000730,BR001,SALARY SAVINGS,ACTIVE,3.0,2026-06-10,,2026-06-01 09:00:00
ACC002320,CUST001510,BR007,SENIOR CITIZEN SAVINGS,ACTIVE,4.0,2025-02-08,,2026-06-01 09:00:00
ACC002321,CUST001450,BR002,REGULAR SAVINGS,ACTIVE,3.0,2025-02-04,,2026-06-01 09:00:00
ACC002322,CUST001262,BR003,SENIOR CITIZEN SAVINGS,ACTIVE,3.5,2025-02-10,,2026-06-01 09:00:00
ACC002323,CUST001118,BR007,SENIOR CITIZEN SAVINGS,ACTIVE,2.75,2023-12-31,,2026-06-01 09:00:00
ACC002324,CUST001221,BR003,SENIOR CITIZEN SAVINGS,ACTIVE,2.75,2024-09-08,,2026-06-01 09:00:00
ACC002325,CUST001947,BR003,SALARY SAVINGS,ACTIVE,4.0,2026-01-10,,2026-06-01 09:00:00
ACC002326,CUST000258,BR008,SENIOR CITIZEN SAVINGS,ACTIVE,4.0,2025-08-15,,2026-06-01 09:00:00
ACC002327,CUST000016,BR008,SALARY SAVINGS,ACTIVE,3.5,2026-02-24,,2026-06-01 09:00:00
ACC002328,CUST001045,BR006,REGULAR SAVINGS,ACTIVE,3.5,2025-10-22,,2026-06-01 09:00:00
ACC002329,CUST002086,BR004,SALARY SAVINGS,ACTIVE,3.5,2023-10-17,,2026-06-01 09:00:00
ACC002330,CUST000994,BR005,SENIOR CITIZEN SAVINGS,ACTIVE,4.0,2025-06-23,,2026-06-01 09:00:00
ACC002331,CUST001407,BR004,SENIOR CITIZEN SAVINGS,ACTIVE,4.0,2025-06-26,,2026-06-01 09:00:00
ACC002332,CUST002185,BR002,SENIOR CITIZEN SAVINGS,ACTIVE,4.0,2026-05-01,,2026-06-01 09:00:00
ACC002333,CUST002187,BR001,REGULAR SAVINGS,ACTIVE,3.5,2024-02-04,,2026-06-01 09:00:00
ACC002334,CUST002478,BR003,SALARY SAVINGS,DORMANT,4.0,2025-12-01,,2026-06-01 09:00:00
ACC002335,CUST000701,BR002,REGULAR SAVINGS,ACTIVE,2.75,2025-01-25,,2026-06-01 09:00:00
ACC002336,CUST001879,BR001,SENIOR CITIZEN SAVINGS,ACTIVE,4.0,2023-12-23,,2026-06-01 09:00:00
ACC002337,CUST002466,BR001,REGULAR SAVINGS,ACTIVE,2.75,2023-11-02,,2026-06-01 09:00:00
ACC002338,CUST001109,BR005,REGULAR SAVINGS,ACTIVE,3.5,2023-12-06,,2026-06-01 09:00:00
ACC002339,CUST000003,BR004,SALARY SAVINGS,ACTIVE,2.75,2025-02-01,,2026-06-01 09:00:00
ACC002340,CUST002732,BR004,SENIOR CITIZEN SAVINGS,ACTIVE,4.0,2024-08-05,,2026-06-01 09:00:00
ACC002341,CUST000435,BR006,REGULAR SAVINGS,CLOSED,4.0,2025-10-21,2026-02-19,2026-06-01 09:00:00
ACC002342,CUST000060,BR003,REGULAR SAVINGS,ACTIVE,4.0,2026-03-03,,2026-06-01 09:00:00
ACC002343,CUST000194,BR001,SALARY SAVINGS,ACTIVE,3.0,2026-06-04,,2026-06-01 09:00:00
ACC002344,CUST002950,BR007,SENIOR CITIZEN SAVINGS,ACTIVE,4.0,2026-02-05,,2026-06-01 09:00:00
ACC002345,CUST001458,BR004,SALARY SAVINGS,DORMANT,2.75,2024-04-12,,2026-06-01 09:00:00
ACC002346,CUST001587,BR005,SENIOR CITIZEN SAVINGS,ACTIVE,2.75,2025-02-26,,2026-06-01 09:00:00
ACC002347,CUST000785,BR008,SENIOR CITIZEN SAVINGS,ACTIVE,3.5,2023-11-18,,2026-06-01 09:00:00
ACC002348,CUST000213,BR008,SENIOR CITIZEN SAVINGS,ACTIVE,2.75,2024-09-10,,2026-06-01 09:00:00
ACC002349,CUST001934,BR003,REGULAR SAVINGS,DORMANT,4.0,2025-03-25,,2026-06-01 09:00:00
ACC002350,CUST000128,BR002,SENIOR CITIZEN SAVINGS,ACTIVE,3.0,2024-05-19,,2026-06-01 09:00:00
ACC002351,CUST000504,BR001,SALARY SAVINGS,ACTIVE,3.0,2024-01-02,,2026-06-01 09:00:00
ACC002352,CUST001242,BR005,REGULAR SAVINGS,ACTIVE,3.0,2024-09-27,,2026-06-01 09:00:00
ACC002353,CUST001612,BR008,SALARY SAVINGS,ACTIVE,3.5,2024-12-23,,2026-06-01 09:00:00
ACC002354,CUST002289,BR007,REGULAR SAVINGS,ACTIVE,3.5,2023-12-17,,2026-06-01 09:00:00
ACC002355,CUST001548,BR003,SALARY SAVINGS,ACTIVE,3.0,2025-05-05,,2026-06-01 09:00:00
ACC002356,CUST002504,BR007,SALARY SAVINGS,ACTIVE,4.0,2023-10-04,,2026-06-01 09:00:00
ACC002357,CUST000731,BR003,REGULAR SAVINGS,ACTIVE,3.0,2024-03-06,,2026-06-01 09:00:00
ACC002358,CUST001359,BR004,SENIOR CITIZEN SAVINGS,DORMANT,3.0,2024-02-29,,2026-06-01 09:00:00
ACC002359,CUST002703,BR005,SALARY SAVINGS,ACTIVE,4.0,2026-02-19,,2026-06-01 09:00:00
ACC002360,CUST002044,BR005,SALARY SAVINGS,DORMANT,4.0,2024-09-14,,2026-06-01 09:00:00
ACC002361,CUST002217,BR005,REGULAR SAVINGS,ACTIVE,3.5,2024-01-20,,2026-06-01 09:00:00
ACC002362,CUST002461,BR007,REGULAR SAVINGS,ACTIVE,3.5,2025-11-05,,2026-06-01 09:00:00
ACC002363,CUST002189,BR004,REGULAR SAVINGS,ACTIVE,3.5,2024-11-23,,2026-06-01 09:00:00
ACC002364,CUST000562,BR005,REGULAR SAVINGS,ACTIVE,3.5,2025-09-15,,2026-06-01 09:00:00
ACC002365,CUST000417,BR003,REGULAR SAVINGS,ACTIVE,2.75,2023-10-22,,2026-06-01 09:00:00
ACC002366,CUST001616,BR003,REGULAR SAVINGS,DORMANT,3.0,2025-08-20,,2026-06-01 09:00:00
ACC002367,CUST002938,BR008,SENIOR CITIZEN SAVINGS,DORMANT,3.0,2025-11-09,,2026-06-01 09:00:00
ACC002368,CUST000587,BR008,SALARY SAVINGS,ACTIVE,4.0,2025-03-29,,2026-06-01 09:00:00
ACC002369,CUST002196,BR004,SENIOR CITIZEN SAVINGS,ACTIVE,3.5,2023-09-13,,2026-06-01 09:00:00
ACC002370,CUST002766,BR006,SENIOR CITIZEN SAVINGS,ACTIVE,3.5,2025-06-08,,2026-06-01 09:00:00
ACC002371,CUST002739,BR005,SALARY SAVINGS,ACTIVE,3.0,2024-07-04,,2026-06-01 09:00:00
ACC002372,CUST000574,BR006,SENIOR CITIZEN SAVINGS,ACTIVE,2.75,2024-01-28,,2026-06-01 09:00:00
ACC002373,CUST001343,BR008,SALARY SAVINGS,ACTIVE,3.5,2023-10-13,,2026-06-01 09:00:00
ACC002374,CUST000273,BR001,SENIOR CITIZEN SAVINGS,DORMANT,3.5,2026-03-11,,2026-06-01 09:00:00
ACC002375,CUST002609,BR001,REGULAR SAVINGS,ACTIVE,3.5,2024-01-03,,2026-06-01 09:00:00
ACC002376,CUST001059,BR008,SALARY SAVINGS,ACTIVE,4.0,2023-11-19,,2026-06-01 09:00:00
ACC002377,CUST000944,BR006,REGULAR SAVINGS,ACTIVE,3.0,2025-01-12,,2026-06-01 09:00:00
ACC002378,CUST001219,BR008,SALARY SAVINGS,ACTIVE,3.5,2024-08-17,,2026-06-01 09:00:00
ACC002379,CUST000488,BR006,SENIOR CITIZEN SAVINGS,ACTIVE,3.5,2023-09-23,,2026-06-01 09:00:00
ACC002380,CUST001882,BR004,SENIOR CITIZEN SAVINGS,ACTIVE,3.5,2024-09-21,,2026-06-01 09:00:00
ACC002381,CUST000833,BR001,SENIOR CITIZEN SAVINGS,ACTIVE,3.5,2025-12-23,,2026-06-01 09:00:00
ACC002382,CUST002189,BR001,SENIOR CITIZEN SAVINGS,ACTIVE,3.0,2024-01-15,,2026-06-01 09:00:00
ACC002383,CUST000892,BR007,REGULAR SAVINGS,DORMANT,2.75,2024-12-04,,2026-06-01 09:00:00
ACC002384,CUST002820,BR004,SENIOR CITIZEN SAVINGS,ACTIVE,3.0,2024-10-04,,2026-06-01 09:00:00
ACC002385,CUST002462,BR003,SENIOR CITIZEN SAVINGS,DORMANT,4.0,2025-11-15,,2026-06-01 09:00:00
ACC002386,CUST001944,BR003,REGULAR SAVINGS,ACTIVE,2.75,2025-06-10,,2026-06-01 09:00:00
ACC002387,CUST001966,BR008,SENIOR CITIZEN SAVINGS,ACTIVE,3.0,2024-05-06,,2026-06-01 09:00:00
ACC002388,CUST001781,BR003,SALARY SAVINGS,ACTIVE,3.5,2025-09-05,,2026-06-01 09:00:00
ACC002389,CUST000744,BR002,SALARY SAVINGS,ACTIVE,4.0,2023-12-25,,2026-06-01 09:00:00
ACC002390,CUST001339,BR004,SALARY SAVINGS,ACTIVE,3.5,2024-02-06,,2026-06-01 09:00:00
ACC002391,CUST002097,BR001,REGULAR SAVINGS,ACTIVE,2.75,2025-06-04,,2026-06-01 09:00:00
ACC002392,CUST001460,BR007,SALARY SAVINGS,ACTIVE,4.0,2025-05-13,,2026-06-01 09:00:00
ACC002393,CUST001563,BR008,SALARY SAVINGS,ACTIVE,2.75,2025-08-31,,2026-06-01 09:00:00
ACC002394,CUST001552,BR003,REGULAR SAVINGS,ACTIVE,4.0,2025-12-31,,2026-06-01 09:00:00
ACC002395,CUST001272,BR004,REGULAR SAVINGS,ACTIVE,3.0,2025-03-03,,2026-06-01 09:00:00
ACC002396,CUST002408,BR005,SALARY SAVINGS,ACTIVE,4.0,2025-09-27,,2026-06-01 09:00:00
ACC002397,CUST001074,BR006,SENIOR CITIZEN SAVINGS,ACTIVE,2.75,2024-09-22,,2026-06-01 09:00:00
ACC002398,CUST002400,BR001,SENIOR CITIZEN SAVINGS,ACTIVE,2.75,2025-12-22,,2026-06-01 09:00:00
ACC002399,CUST002440,BR006,REGULAR SAVINGS,ACTIVE,4.0,2023-08-25,,2026-06-01 09:00:00
ACC002400,CUST002177,BR004,SENIOR CITIZEN SAVINGS,ACTIVE,3.5,2024-05-05,,2026-06-01 09:00:00
ACC002401,CUST000349,BR007,REGULAR SAVINGS,DORMANT,3.5,2024-10-05,,2026-06-01 09:00:00
ACC002402,CUST002665,BR005,SENIOR CITIZEN SAVINGS,ACTIVE,4.0,2025-02-18,,2026-06-01 09:00:00
ACC002403,CUST002117,BR005,SALARY SAVINGS,ACTIVE,4.0,2025-03-24,,2026-06-01 09:00:00
ACC002404,CUST000700,BR006,SENIOR CITIZEN SAVINGS,ACTIVE,4.0,2025-01-11,,2026-06-01 09:00:00
ACC002405,CUST002339,BR006,SENIOR CITIZEN SAVINGS,DORMANT,3.0,2024-06-08,,2026-06-01 09:00:00
ACC002406,CUST000456,BR001,SALARY SAVINGS,ACTIVE,3.0,2023-12-06,,2026-06-01 09:00:00
ACC002407,CUST002392,BR008,SALARY SAVINGS,ACTIVE,2.75,2024-09-03,,2026-06-01 09:00:00
ACC002408,CUST002167,BR004,SALARY SAVINGS,DORMANT,4.0,2024-07-22,,2026-06-01 09:00:00
ACC002409,CUST000059,BR006,SALARY SAVINGS,DORMANT,3.5,2024-05-04,,2026-06-01 09:00:00
ACC002410,CUST001347,BR002,REGULAR SAVINGS,ACTIVE,3.5,2024-04-11,,2026-06-01 09:00:00
ACC002411,CUST001743,BR008,SALARY SAVINGS,ACTIVE,3.0,2026-06-12,,2026-06-01 09:00:00
ACC002412,CUST002144,BR002,REGULAR SAVINGS,ACTIVE,2.75,2024-09-30,,2026-06-01 09:00:00
ACC002413,CUST002615,BR001,SALARY SAVINGS,ACTIVE,3.0,2026-06-11,,2026-06-01 09:00:00
ACC002414,CUST001780,BR002,SENIOR CITIZEN SAVINGS,ACTIVE,2.75,2024-02-18,,2026-06-01 09:00:00
ACC002415,CUST002014,BR002,SALARY SAVINGS,DORMANT,3.5,2025-10-26,,2026-06-01 09:00:00
ACC002416,CUST002362,BR001,SENIOR CITIZEN SAVINGS,ACTIVE,2.75,2025-05-18,,2026-06-01 09:00:00
ACC002417,CUST002690,BR003,SENIOR CITIZEN SAVINGS,ACTIVE,2.75,2024-11-12,,2026-06-01 09:00:00
ACC002418,CUST000193,BR006,SALARY SAVINGS,ACTIVE,3.5,2025-10-23,,2026-06-01 09:00:00
ACC002419,CUST001733,BR004,SALARY SAVINGS,ACTIVE,3.0,2024-10-04,,2026-06-01 09:00:00
ACC002420,CUST000367,BR006,SALARY SAVINGS,ACTIVE,2.75,2025-10-01,,2026-06-01 09:00:00
ACC002421,CUST000049,BR006,SALARY SAVINGS,ACTIVE,3.0,2025-10-10,,2026-06-01 09:00:00
ACC002422,CUST000082,BR002,SENIOR CITIZEN SAVINGS,ACTIVE,2.75,2025-07-19,,2026-06-01 09:00:00
ACC002423,CUST000327,BR001,SENIOR CITIZEN SAVINGS,CLOSED,3.0,2025-03-05,2025-10-28,2026-06-01 09:00:00
ACC002424,CUST000515,BR008,SALARY SAVINGS,ACTIVE,3.5,2025-07-29,,2026-06-01 09:00:00
ACC002425,CUST001432,BR002,REGULAR SAVINGS,ACTIVE,3.0,2025-02-08,,2026-06-01 09:00:00
ACC002426,CUST002351,BR001,REGULAR SAVINGS,ACTIVE,3.5,2023-09-13,,2026-06-01 09:00:00
ACC002427,CUST002058,BR002,REGULAR SAVINGS,ACTIVE,2.75,2025-02-25,,2026-06-01 09:00:00
ACC002428,CUST000556,BR005,REGULAR SAVINGS,ACTIVE,3.0,2026-04-07,,2026-06-01 09:00:00
ACC002429,CUST001641,BR002,SENIOR CITIZEN SAVINGS,DORMANT,3.5,2026-04-13,,2026-06-01 09:00:00
ACC002430,CUST002033,BR004,REGULAR SAVINGS,ACTIVE,4.0,2026-06-19,,2026-06-01 09:00:00
ACC002431,CUST001802,BR002,SENIOR CITIZEN SAVINGS,ACTIVE,3.0,2025-11-30,,2026-06-01 09:00:00
ACC002432,CUST002952,BR007,REGULAR SAVINGS,ACTIVE,3.0,2024-02-07,,2026-06-01 09:00:00
ACC002433,CUST002535,BR001,SENIOR CITIZEN SAVINGS,ACTIVE,2.75,2023-09-24,,2026-06-01 09:00:00
ACC002434,CUST001318,BR007,SALARY SAVINGS,ACTIVE,2.75,2024-12-28,,2026-06-01 09:00:00
ACC002435,CUST001845,BR004,SALARY SAVINGS,ACTIVE,2.75,2025-10-20,,2026-06-01 09:00:00
ACC002436,CUST001539,BR004,SALARY SAVINGS,ACTIVE,4.0,2025-07-15,,2026-06-01 09:00:00
ACC002437,CUST001421,BR002,REGULAR SAVINGS,ACTIVE,2.75,2025-04-16,,2026-06-01 09:00:00
ACC002438,CUST001610,BR001,REGULAR SAVINGS,ACTIVE,3.0,2024-01-24,,2026-06-01 09:00:00
ACC002439,CUST001932,BR008,REGULAR SAVINGS,ACTIVE,3.0,2024-09-21,,2026-06-01 09:00:00
ACC002440,CUST002232,BR007,SALARY SAVINGS,ACTIVE,4.0,2024-01-10,,2026-06-01 09:00:00
ACC002441,CUST001022,BR005,SALARY SAVINGS,ACTIVE,3.0,2026-03-23,,2026-06-01 09:00:00
ACC002442,CUST001045,BR005,SENIOR CITIZEN SAVINGS,ACTIVE,2.75,2025-07-12,,2026-06-01 09:00:00
ACC002443,CUST001689,BR002,SENIOR CITIZEN SAVINGS,DORMANT,2.75,2025-08-26,,2026-06-01 09:00:00
ACC002444,CUST002854,BR008,REGULAR SAVINGS,ACTIVE,3.5,2025-01-27,,2026-06-01 09:00:00
ACC002445,CUST001372,BR005,REGULAR SAVINGS,ACTIVE,4.0,2024-12-20,,2026-06-01 09:00:00
ACC002446,CUST001530,BR002,SENIOR CITIZEN SAVINGS,ACTIVE,2.75,2024-07-30,,2026-06-01 09:00:00
ACC002447,CUST002240,BR001,REGULAR SAVINGS,ACTIVE,3.0,2024-10-04,,2026-06-01 09:00:00
ACC002448,CUST000034,BR005,REGULAR SAVINGS,ACTIVE,3.0,2024-09-30,,2026-06-01 09:00:00
ACC002449,CUST001730,BR003,SALARY SAVINGS,ACTIVE,2.75,2023-10-26,,2026-06-01 09:00:00
ACC002450,CUST002771,BR005,SENIOR CITIZEN SAVINGS,ACTIVE,4.0,2025-06-15,,2026-06-01 09:00:00
ACC002451,CUST000942,BR006,SENIOR CITIZEN SAVINGS,DORMANT,3.0,2024-06-10,,2026-06-01 09:00:00
ACC002452,CUST001687,BR001,SALARY SAVINGS,ACTIVE,4.0,2026-02-05,,2026-06-01 09:00:00
ACC002453,CUST002848,BR001,SENIOR CITIZEN SAVINGS,ACTIVE,3.0,2025-06-30,,2026-06-01 09:00:00
ACC002454,CUST001140,BR008,SALARY SAVINGS,DORMANT,3.5,2026-01-26,,2026-06-01 09:00:00
ACC002455,CUST000459,BR004,SALARY SAVINGS,ACTIVE,3.5,2024-07-23,,2026-06-01 09:00:00
ACC002456,CUST000557,BR008,REGULAR SAVINGS,ACTIVE,2.75,2025-04-18,,2026-06-01 09:00:00
ACC002457,CUST000088,BR007,SALARY SAVINGS,ACTIVE,2.75,2024-08-16,,2026-06-01 09:00:00
ACC002458,CUST001110,BR001,REGULAR SAVINGS,ACTIVE,3.0,2024-04-04,,2026-06-01 09:00:00
ACC002459,CUST002420,BR002,SALARY SAVINGS,ACTIVE,4.0,2023-08-19,,2026-06-01 09:00:00
ACC002460,CUST001816,BR006,REGULAR SAVINGS,ACTIVE,3.0,2024-12-21,,2026-06-01 09:00:00
ACC002461,CUST001658,BR005,SALARY SAVINGS,ACTIVE,4.0,2024-10-18,,2026-06-01 09:00:00
ACC002462,CUST000387,BR004,SENIOR CITIZEN SAVINGS,ACTIVE,2.75,2026-06-10,,2026-06-01 09:00:00
ACC002463,CUST000462,BR006,SENIOR CITIZEN SAVINGS,ACTIVE,3.0,2024-01-03,,2026-06-01 09:00:00
ACC002464,CUST001717,BR001,SALARY SAVINGS,ACTIVE,3.0,2025-02-08,,2026-06-01 09:00:00
ACC002465,CUST000546,BR006,REGULAR SAVINGS,ACTIVE,3.5,2024-06-24,,2026-06-01 09:00:00
ACC002466,CUST001074,BR002,REGULAR SAVINGS,DORMANT,3.0,2024-03-05,,2026-06-01 09:00:00
ACC002467,CUST000349,BR001,REGULAR SAVINGS,ACTIVE,3.5,2025-06-29,,2026-06-01 09:00:00
ACC002468,CUST000030,BR005,REGULAR SAVINGS,ACTIVE,3.5,2023-11-10,,2026-06-01 09:00:00
ACC002469,CUST002898,BR008,REGULAR SAVINGS,ACTIVE,3.5,2024-07-04,,2026-06-01 09:00:00
ACC002470,CUST000654,BR005,REGULAR SAVINGS,CLOSED,3.5,2023-09-05,2024-11-10,2026-06-01 09:00:00
ACC002471,CUST002257,BR002,SENIOR CITIZEN SAVINGS,ACTIVE,2.75,2024-07-10,,2026-06-01 09:00:00
ACC002472,CUST002524,BR005,REGULAR SAVINGS,CLOSED,2.75,2024-03-26,2025-12-03,2026-06-01 09:00:00
ACC002473,CUST000591,BR005,SENIOR CITIZEN SAVINGS,ACTIVE,4.0,2026-01-27,,2026-06-01 09:00:00
ACC002474,CUST002286,BR008,SALARY SAVINGS,ACTIVE,3.0,2025-04-25,,2026-06-01 09:00:00
ACC002475,CUST002353,BR007,SALARY SAVINGS,ACTIVE,3.0,2026-03-19,,2026-06-01 09:00:00
ACC002476,CUST000321,BR008,REGULAR SAVINGS,ACTIVE,3.5,2024-10-14,,2026-06-01 09:00:00
ACC002477,CUST001187,BR001,SENIOR CITIZEN SAVINGS,ACTIVE,3.5,2026-06-12,,2026-06-01 09:00:00
ACC002478,CUST002645,BR004,REGULAR SAVINGS,ACTIVE,3.0,2026-04-23,,2026-06-01 09:00:00
ACC002479,CUST002186,BR001,SALARY SAVINGS,ACTIVE,2.75,2023-09-01,,2026-06-01 09:00:00
ACC002480,CUST002154,BR007,REGULAR SAVINGS,ACTIVE,2.75,2024-04-08,,2026-06-01 09:00:00
ACC002481,CUST000206,BR008,SALARY SAVINGS,ACTIVE,2.75,2026-05-11,,2026-06-01 09:00:00
ACC002482,CUST001838,BR003,REGULAR SAVINGS,DORMANT,2.75,2026-02-06,,2026-06-01 09:00:00
ACC002483,CUST000144,BR001,REGULAR SAVINGS,ACTIVE,3.5,2024-08-04,,2026-06-01 09:00:00
ACC002484,CUST001602,BR007,SALARY SAVINGS,ACTIVE,3.0,2025-12-28,,2026-06-01 09:00:00
ACC002485,CUST000806,BR007,SALARY SAVINGS,ACTIVE,2.75,2025-03-20,,2026-06-01 09:00:00
ACC002486,CUST001949,BR006,SALARY SAVINGS,ACTIVE,2.75,2024-11-09,,2026-06-01 09:00:00
ACC002487,CUST000997,BR003,SENIOR CITIZEN SAVINGS,CLOSED,3.5,2026-01-29,2026-03-23,2026-06-01 09:00:00
ACC002488,CUST000051,BR001,SALARY SAVINGS,ACTIVE,4.0,2025-02-15,,2026-06-01 09:00:00
ACC002489,CUST000367,BR004,REGULAR SAVINGS,ACTIVE,2.75,2026-03-02,,2026-06-01 09:00:00
ACC002490,CUST000657,BR002,SALARY SAVINGS,ACTIVE,2.75,2025-02-08,,2026-06-01 09:00:00
ACC002491,CUST002320,BR001,SENIOR CITIZEN SAVINGS,DORMANT,4.0,2025-11-09,,2026-06-01 09:00:00
ACC002492,CUST001597,BR008,REGULAR SAVINGS,ACTIVE,3.0,2025-08-15,,2026-06-01 09:00:00
ACC002493,CUST001040,BR006,REGULAR SAVINGS,ACTIVE,3.5,2025-09-19,,2026-06-01 09:00:00
ACC002494,CUST002032,BR002,REGULAR SAVINGS,ACTIVE,3.0,2024-08-24,,2026-06-01 09:00:00
ACC002495,CUST001942,BR001,REGULAR SAVINGS,ACTIVE,4.0,2025-07-07,,2026-06-01 09:00:00
ACC002496,CUST001668,BR001,SALARY SAVINGS,ACTIVE,3.0,2026-04-09,,2026-06-01 09:00:00
ACC002497,CUST001201,BR003,REGULAR SAVINGS,ACTIVE,3.0,2024-01-25,,2026-06-01 09:00:00
ACC002498,CUST002654,BR007,REGULAR SAVINGS,ACTIVE,2.75,2026-03-31,,2026-06-01 09:00:00
ACC002499,CUST000880,BR005,SENIOR CITIZEN SAVINGS,ACTIVE,2.75,2024-06-26,,2026-06-01 09:00:00
ACC002500,CUST002722,BR001,SALARY SAVINGS,ACTIVE,3.5,2024-12-29,,2026-06-01 09:00:00
ACC002501,CUST001944,BR003,REGULAR SAVINGS,ACTIVE,4.0,2025-06-07,,2026-06-01 09:00:00
ACC002502,CUST002763,BR003,SALARY SAVINGS,ACTIVE,4.0,2026-02-26,,2026-06-01 09:00:00
ACC002503,CUST001294,BR002,SALARY SAVINGS,DORMANT,3.0,2024-01-13,,2026-06-01 09:00:00
ACC002504,CUST001676,BR002,SALARY SAVINGS,ACTIVE,4.0,2024-10-19,,2026-06-01 09:00:00
ACC002505,CUST002950,BR001,SALARY SAVINGS,ACTIVE,3.0,2024-02-06,,2026-06-01 09:00:00
ACC002506,CUST002835,BR006,REGULAR SAVINGS,ACTIVE,3.5,2025-06-24,,2026-06-01 09:00:00
ACC002507,CUST000539,BR002,REGULAR SAVINGS,ACTIVE,2.75,2025-01-25,,2026-06-01 09:00:00
ACC002508,CUST001310,BR002,SENIOR CITIZEN SAVINGS,ACTIVE,3.0,2024-02-06,,2026-06-01 09:00:00
ACC002509,CUST001658,BR005,SENIOR CITIZEN SAVINGS,ACTIVE,4.0,2025-04-27,,2026-06-01 09:00:00
ACC002510,CUST001753,BR007,SALARY SAVINGS,ACTIVE,3.0,2024-07-26,,2026-06-01 09:00:00
ACC002511,CUST000241,BR001,SALARY SAVINGS,ACTIVE,3.5,2024-07-24,,2026-06-01 09:00:00
ACC002512,CUST000097,BR004,SENIOR CITIZEN SAVINGS,ACTIVE,4.0,2023-11-26,,2026-06-01 09:00:00
ACC002513,CUST000363,BR002,SENIOR CITIZEN SAVINGS,ACTIVE,2.75,2025-10-15,,2026-06-01 09:00:00
ACC002514,CUST002324,BR003,REGULAR SAVINGS,ACTIVE,2.75,2025-08-20,,2026-06-01 09:00:00
ACC002515,CUST000207,BR007,SENIOR CITIZEN SAVINGS,ACTIVE,3.0,2025-12-31,,2026-06-01 09:00:00
ACC002516,CUST002562,BR003,REGULAR SAVINGS,ACTIVE,3.0,2024-09-11,,2026-06-01 09:00:00
ACC002517,CUST001142,BR005,REGULAR SAVINGS,ACTIVE,4.0,2025-09-08,,2026-06-01 09:00:00
ACC002518,CUST002066,BR003,SENIOR CITIZEN SAVINGS,ACTIVE,2.75,2026-02-18,,2026-06-01 09:00:00
ACC002519,CUST001681,BR006,REGULAR SAVINGS,ACTIVE,3.5,2024-05-27,,2026-06-01 09:00:00
ACC002520,CUST002927,BR001,REGULAR SAVINGS,ACTIVE,3.0,2025-12-23,,2026-06-01 09:00:00
ACC002521,CUST000817,BR008,SALARY SAVINGS,DORMANT,3.0,2023-09-02,,2026-06-01 09:00:00
ACC002522,CUST001347,BR001,REGULAR SAVINGS,ACTIVE,3.0,2025-07-22,,2026-06-01 09:00:00
ACC002523,CUST000250,BR001,SALARY SAVINGS,ACTIVE,2.75,2024-09-26,,2026-06-01 09:00:00
ACC002524,CUST001019,BR005,SENIOR CITIZEN SAVINGS,ACTIVE,4.0,2025-04-28,,2026-06-01 09:00:00
ACC002525,CUST000456,BR001,SENIOR CITIZEN SAVINGS,ACTIVE,2.75,2024-12-14,,2026-06-01 09:00:00
ACC002526,CUST002328,BR002,SALARY SAVINGS,ACTIVE,2.75,2026-04-13,,2026-06-01 09:00:00
ACC002527,CUST000011,BR001,SENIOR CITIZEN SAVINGS,ACTIVE,2.75,2023-11-26,,2026-06-01 09:00:00
ACC002528,CUST002572,BR003,SALARY SAVINGS,ACTIVE,3.0,2025-05-12,,2026-06-01 09:00:00
ACC002529,CUST000826,BR008,SENIOR CITIZEN SAVINGS,ACTIVE,4.0,2026-05-01,,2026-06-01 09:00:00
ACC002530,CUST000184,BR007,SENIOR CITIZEN SAVINGS,ACTIVE,2.75,2024-01-22,,2026-06-01 09:00:00
ACC002531,CUST001380,BR005,SENIOR CITIZEN SAVINGS,DORMANT,2.75,2025-12-22,,2026-06-01 09:00:00
ACC002532,CUST001742,BR008,REGULAR SAVINGS,ACTIVE,3.5,2026-06-02,,2026-06-01 09:00:00
ACC002533,CUST000208,BR001,REGULAR SAVINGS,ACTIVE,3.5,2023-10-27,,2026-06-01 09:00:00
ACC002534,CUST001780,BR002,REGULAR SAVINGS,ACTIVE,2.75,2023-12-08,,2026-06-01 09:00:00
ACC002535,CUST001826,BR002,REGULAR SAVINGS,ACTIVE,2.75,2024-11-12,,2026-06-01 09:00:00
ACC002536,CUST001304,BR002,SALARY SAVINGS,ACTIVE,3.5,2026-03-15,,2026-06-01 09:00:00
ACC002537,CUST002054,BR003,REGULAR SAVINGS,ACTIVE,3.5,2026-02-14,,2026-06-01 09:00:00
ACC002538,CUST000775,BR005,REGULAR SAVINGS,ACTIVE,2.75,2025-12-24,,2026-06-01 09:00:00
ACC002539,CUST001327,BR004,REGULAR SAVINGS,ACTIVE,3.5,2024-02-28,,2026-06-01 09:00:00
ACC002540,CUST001829,BR006,SENIOR CITIZEN SAVINGS,DORMANT,4.0,2025-08-03,,2026-06-01 09:00:00
ACC002541,CUST002447,BR005,SENIOR CITIZEN SAVINGS,ACTIVE,3.5,2025-09-18,,2026-06-01 09:00:00
ACC002542,CUST001120,BR007,SENIOR CITIZEN SAVINGS,ACTIVE,4.0,2024-09-06,,2026-06-01 09:00:00
ACC002543,CUST000220,BR002,SALARY SAVINGS,ACTIVE,2.75,2024-09-27,,2026-06-01 09:00:00
ACC002544,CUST002638,BR001,SENIOR CITIZEN SAVINGS,ACTIVE,3.0,2023-12-17,,2026-06-01 09:00:00
ACC002545,CUST000376,BR003,SENIOR CITIZEN SAVINGS,ACTIVE,3.0,2025-04-25,,2026-06-01 09:00:00
ACC002546,CUST001830,BR005,SALARY SAVINGS,ACTIVE,2.75,2025-04-14,,2026-06-01 09:00:00
ACC002547,CUST000577,BR001,REGULAR SAVINGS,ACTIVE,3.5,2023-08-24,,2026-06-01 09:00:00
ACC002548,CUST002036,BR005,SALARY SAVINGS,DORMANT,3.5,2025-08-15,,2026-06-01 09:00:00
ACC002549,CUST000932,BR006,REGULAR SAVINGS,ACTIVE,3.0,2024-04-14,,2026-06-01 09:00:00
ACC002550,CUST000911,BR006,SALARY SAVINGS,ACTIVE,4.0,2026-06-19,,2026-06-01 09:00:00
ACC002551,CUST000358,BR003,SENIOR CITIZEN SAVINGS,CLOSED,2.75,2025-12-07,2026-05-28,2026-06-01 09:00:00
ACC002552,CUST000572,BR006,SENIOR CITIZEN SAVINGS,ACTIVE,2.75,2024-12-02,,2026-06-01 09:00:00
ACC002553,CUST001715,BR002,SALARY SAVINGS,ACTIVE,3.0,2025-09-23,,2026-06-01 09:00:00
ACC002554,CUST001418,BR001,SALARY SAVINGS,ACTIVE,3.5,2026-05-01,,2026-06-01 09:00:00
ACC002555,CUST000469,BR001,REGULAR SAVINGS,ACTIVE,2.75,2024-12-26,,2026-06-01 09:00:00
ACC002556,CUST000898,BR001,REGULAR SAVINGS,ACTIVE,3.5,2026-01-12,,2026-06-01 09:00:00
ACC002557,CUST000221,BR002,SENIOR CITIZEN SAVINGS,ACTIVE,3.0,2025-10-20,,2026-06-01 09:00:00
ACC002558,CUST000588,BR008,SENIOR CITIZEN SAVINGS,ACTIVE,2.75,2026-05-06,,2026-06-01 09:00:00
ACC002559,CUST000720,BR004,SENIOR CITIZEN SAVINGS,ACTIVE,3.0,2025-05-13,,2026-06-01 09:00:00
ACC002560,CUST001750,BR002,REGULAR SAVINGS,ACTIVE,3.5,2024-02-14,,2026-06-01 09:00:00
ACC002561,CUST002683,BR005,SENIOR CITIZEN SAVINGS,ACTIVE,3.5,2023-09-02,,2026-06-01 09:00:00
ACC002562,CUST001759,BR007,SENIOR CITIZEN SAVINGS,ACTIVE,3.5,2026-02-06,,2026-06-01 09:00:00
ACC002563,CUST001060,BR005,SALARY SAVINGS,ACTIVE,4.0,2025-11-10,,2026-06-01 09:00:00
ACC002564,CUST002684,BR003,SALARY SAVINGS,CLOSED,3.0,2024-10-19,2026-01-01,2026-06-01 09:00:00
ACC002565,CUST000897,BR005,REGULAR SAVINGS,ACTIVE,4.0,2023-12-01,,2026-06-01 09:00:00
ACC002566,CUST000439,BR002,SALARY SAVINGS,ACTIVE,3.5,2025-07-14,,2026-06-01 09:00:00
ACC002567,CUST002045,BR004,REGULAR SAVINGS,ACTIVE,3.5,2025-03-24,,2026-06-01 09:00:00
ACC002568,CUST001063,BR004,SALARY SAVINGS,ACTIVE,3.5,2024-12-28,,2026-06-01 09:00:00
ACC002569,CUST000341,BR008,REGULAR SAVINGS,ACTIVE,4.0,2024-08-14,,2026-06-01 09:00:00
ACC002570,CUST001302,BR002,SENIOR CITIZEN SAVINGS,ACTIVE,3.0,2024-02-07,,2026-06-01 09:00:00
ACC002571,CUST000751,BR007,SENIOR CITIZEN SAVINGS,CLOSED,4.0,2026-02-02,2026-05-08,2026-06-01 09:00:00
ACC002572,CUST001606,BR007,SENIOR CITIZEN SAVINGS,DORMANT,4.0,2023-10-21,,2026-06-01 09:00:00
ACC002573,CUST001640,BR003,REGULAR SAVINGS,ACTIVE,3.0,2025-02-22,,2026-06-01 09:00:00
ACC002574,CUST002546,BR008,SALARY SAVINGS,DORMANT,4.0,2024-03-24,,2026-06-01 09:00:00
ACC002575,CUST002092,BR005,REGULAR SAVINGS,ACTIVE,3.5,2025-05-24,,2026-06-01 09:00:00
ACC002576,CUST002714,BR003,SALARY SAVINGS,ACTIVE,2.75,2026-03-27,,2026-06-01 09:00:00
ACC002577,CUST000062,BR001,REGULAR SAVINGS,CLOSED,4.0,2025-11-24,2026-02-09,2026-06-01 09:00:00
ACC002578,CUST002091,BR005,REGULAR SAVINGS,CLOSED,4.0,2024-12-01,2026-01-21,2026-06-01 09:00:00
ACC002579,CUST000515,BR004,REGULAR SAVINGS,DORMANT,3.5,2023-11-28,,2026-06-01 09:00:00
ACC002580,CUST001260,BR001,SENIOR CITIZEN SAVINGS,ACTIVE,3.5,2024-01-02,,2026-06-01 09:00:00
ACC002581,CUST001550,BR003,SALARY SAVINGS,ACTIVE,2.75,2026-05-05,,2026-06-01 09:00:00
ACC002582,CUST002610,BR007,SALARY SAVINGS,ACTIVE,3.5,2026-01-23,,2026-06-01 09:00:00
ACC002583,CUST000671,BR006,REGULAR SAVINGS,ACTIVE,3.5,2023-09-09,,2026-06-01 09:00:00
ACC002584,CUST000071,BR007,SENIOR CITIZEN SAVINGS,ACTIVE,3.5,2026-06-06,,2026-06-01 09:00:00
ACC002585,CUST000361,BR002,SENIOR CITIZEN SAVINGS,ACTIVE,2.75,2025-05-30,,2026-06-01 09:00:00
ACC002586,CUST002020,BR004,SALARY SAVINGS,ACTIVE,2.75,2024-08-27,,2026-06-01 09:00:00
ACC002587,CUST001021,BR001,REGULAR SAVINGS,ACTIVE,4.0,2026-02-13,,2026-06-01 09:00:00
ACC002588,CUST001382,BR005,SENIOR CITIZEN SAVINGS,ACTIVE,3.0,2023-08-24,,2026-06-01 09:00:00
ACC002589,CUST002117,BR005,SALARY SAVINGS,ACTIVE,4.0,2025-03-30,,2026-06-01 09:00:00
ACC002590,CUST001660,BR005,REGULAR SAVINGS,ACTIVE,2.75,2024-12-26,,2026-06-01 09:00:00
ACC002591,CUST000413,BR001,SALARY SAVINGS,ACTIVE,3.0,2023-12-05,,2026-06-01 09:00:00
ACC002592,CUST001274,BR004,SENIOR CITIZEN SAVINGS,ACTIVE,3.5,2024-06-27,,2026-06-01 09:00:00
ACC002593,CUST000764,BR004,SALARY SAVINGS,ACTIVE,2.75,2023-08-22,,2026-06-01 09:00:00
ACC002594,CUST000209,BR005,REGULAR SAVINGS,ACTIVE,4.0,2025-05-31,,2026-06-01 09:00:00
ACC002595,CUST002035,BR003,SENIOR CITIZEN SAVINGS,ACTIVE,2.75,2025-03-03,,2026-06-01 09:00:00
ACC002596,CUST002070,BR007,REGULAR SAVINGS,CLOSED,2.75,2024-11-22,2025-08-03,2026-06-01 09:00:00
ACC002597,CUST000669,BR001,SALARY SAVINGS,ACTIVE,3.0,2026-02-21,,2026-06-01 09:00:00
ACC002598,CUST002256,BR001,SALARY SAVINGS,ACTIVE,2.75,2024-05-12,,2026-06-01 09:00:00
ACC002599,CUST000133,BR001,SALARY SAVINGS,ACTIVE,3.0,2024-07-13,,2026-06-01 09:00:00
ACC002600,CUST000479,BR004,SALARY SAVINGS,ACTIVE,2.75,2026-01-10,,2026-06-01 09:00:00
ACC002601,CUST000406,BR008,SENIOR CITIZEN SAVINGS,ACTIVE,4.0,2026-04-30,,2026-06-01 09:00:00
ACC002602,CUST000430,BR007,SALARY SAVINGS,ACTIVE,3.0,2025-11-25,,2026-06-01 09:00:00
ACC002603,CUST002801,BR001,SENIOR CITIZEN SAVINGS,ACTIVE,3.5,2025-12-04,,2026-06-01 09:00:00
ACC002604,CUST001167,BR008,REGULAR SAVINGS,DORMANT,3.5,2024-01-26,,2026-06-01 09:00:00
ACC002605,CUST002576,BR002,SALARY SAVINGS,ACTIVE,2.75,2026-06-18,,2026-06-01 09:00:00
ACC002606,CUST001396,BR004,SENIOR CITIZEN SAVINGS,ACTIVE,3.5,2025-12-15,,2026-06-01 09:00:00
ACC002607,CUST000489,BR001,SENIOR CITIZEN SAVINGS,DORMANT,4.0,2024-03-15,,2026-06-01 09:00:00
ACC002608,CUST002165,BR008,SALARY SAVINGS,ACTIVE,2.75,2026-04-05,,2026-06-01 09:00:00
ACC002609,CUST002453,BR001,SALARY SAVINGS,ACTIVE,3.0,2023-09-15,,2026-06-01 09:00:00
ACC002610,CUST000434,BR007,SENIOR CITIZEN SAVINGS,ACTIVE,2.75,2026-05-08,,2026-06-01 09:00:00
ACC002611,CUST000455,BR008,REGULAR SAVINGS,ACTIVE,3.0,2024-12-17,,2026-06-01 09:00:00
ACC002612,CUST002773,BR007,REGULAR SAVINGS,ACTIVE,3.5,2026-01-09,,2026-06-01 09:00:00
ACC002613,CUST002194,BR004,REGULAR SAVINGS,ACTIVE,4.0,2024-02-22,,2026-06-01 09:00:00
ACC002614,CUST000166,BR008,REGULAR SAVINGS,ACTIVE,4.0,2023-08-24,,2026-06-01 09:00:00
ACC002615,CUST000029,BR003,SENIOR CITIZEN SAVINGS,ACTIVE,3.5,2026-04-10,,2026-06-01 09:00:00
ACC002616,CUST002961,BR006,SENIOR CITIZEN SAVINGS,ACTIVE,3.5,2025-01-08,,2026-06-01 09:00:00
ACC002617,CUST000129,BR001,SENIOR CITIZEN SAVINGS,ACTIVE,3.0,2023-10-04,,2026-06-01 09:00:00
ACC002618,CUST001201,BR004,SALARY SAVINGS,ACTIVE,3.0,2026-03-26,,2026-06-01 09:00:00
ACC002619,CUST000763,BR003,REGULAR SAVINGS,ACTIVE,2.75,2025-07-27,,2026-06-01 09:00:00
ACC002620,CUST001575,BR007,SALARY SAVINGS,ACTIVE,3.5,2024-05-04,,2026-06-01 09:00:00
ACC002621,CUST001632,BR008,SALARY SAVINGS,ACTIVE,2.75,2024-01-01,,2026-06-01 09:00:00
ACC002622,CUST002795,BR006,SENIOR CITIZEN SAVINGS,ACTIVE,2.75,2024-10-09,,2026-06-01 09:00:00
ACC002623,CUST000485,BR004,REGULAR SAVINGS,ACTIVE,3.5,2026-05-14,,2026-06-01 09:00:00
ACC002624,CUST000367,BR006,SALARY SAVINGS,ACTIVE,2.75,2025-08-05,,2026-06-01 09:00:00
ACC002625,CUST001222,BR003,SALARY SAVINGS,ACTIVE,4.0,2025-10-24,,2026-06-01 09:00:00
ACC002626,CUST000040,BR004,SENIOR CITIZEN SAVINGS,ACTIVE,3.0,2025-03-09,,2026-06-01 09:00:00
ACC002627,CUST002141,BR005,REGULAR SAVINGS,ACTIVE,3.0,2025-03-04,,2026-06-01 09:00:00
ACC002628,CUST002879,BR002,SALARY SAVINGS,ACTIVE,3.0,2025-04-22,,2026-06-01 09:00:00
ACC002629,CUST002220,BR005,REGULAR SAVINGS,ACTIVE,2.75,2025-11-13,,2026-06-01 09:00:00
ACC002630,CUST001235,BR002,REGULAR SAVINGS,ACTIVE,4.0,2024-08-06,,2026-06-01 09:00:00
ACC002631,CUST000064,BR006,REGULAR SAVINGS,ACTIVE,3.0,2025-04-04,,2026-06-01 09:00:00
ACC002632,CUST001509,BR002,SALARY SAVINGS,ACTIVE,4.0,2023-11-24,,2026-06-01 09:00:00
ACC002633,CUST002926,BR007,REGULAR SAVINGS,ACTIVE,3.5,2023-10-16,,2026-06-01 09:00:00
ACC002634,CUST000947,BR006,REGULAR SAVINGS,ACTIVE,3.0,2024-10-07,,2026-06-01 09:00:00
ACC002635,CUST000383,BR001,REGULAR SAVINGS,ACTIVE,3.5,2025-11-18,,2026-06-01 09:00:00
ACC002636,CUST001132,BR008,REGULAR SAVINGS,ACTIVE,4.0,2026-06-18,,2026-06-01 09:00:00
ACC002637,CUST002010,BR007,REGULAR SAVINGS,ACTIVE,2.75,2024-10-31,,2026-06-01 09:00:00
ACC002638,CUST002261,BR006,REGULAR SAVINGS,ACTIVE,3.5,2026-02-20,,2026-06-01 09:00:00
ACC002639,CUST000561,BR002,SALARY SAVINGS,DORMANT,4.0,2024-12-29,,2026-06-01 09:00:00
ACC002640,CUST000404,BR003,SENIOR CITIZEN SAVINGS,ACTIVE,3.0,2023-10-01,,2026-06-01 09:00:00
ACC002641,CUST002039,BR002,REGULAR SAVINGS,ACTIVE,3.5,2024-03-07,,2026-06-01 09:00:00
ACC002642,CUST001542,BR001,SENIOR CITIZEN SAVINGS,ACTIVE,4.0,2026-06-08,,2026-06-01 09:00:00
ACC002643,CUST001571,BR001,SALARY SAVINGS,ACTIVE,3.0,2025-03-03,,2026-06-01 09:00:00
ACC002644,CUST001783,BR006,SALARY SAVINGS,ACTIVE,3.5,2025-03-14,,2026-06-01 09:00:00
ACC002645,CUST001920,BR003,SALARY SAVINGS,ACTIVE,2.75,2024-01-03,,2026-06-01 09:00:00
ACC002646,CUST000417,BR001,SENIOR CITIZEN SAVINGS,ACTIVE,4.0,2024-08-19,,2026-06-01 09:00:00
ACC002647,CUST001900,BR002,SALARY SAVINGS,ACTIVE,3.5,2025-03-08,,2026-06-01 09:00:00
ACC002648,CUST002672,BR008,SENIOR CITIZEN SAVINGS,ACTIVE,3.0,2025-07-22,,2026-06-01 09:00:00
ACC002649,CUST000251,BR004,SALARY SAVINGS,ACTIVE,2.75,2023-09-22,,2026-06-01 09:00:00
ACC002650,CUST000935,BR001,SALARY SAVINGS,DORMANT,3.0,2025-11-23,,2026-06-01 09:00:00
ACC002651,CUST000299,BR005,SENIOR CITIZEN SAVINGS,ACTIVE,3.5,2023-11-14,,2026-06-01 09:00:00
ACC002652,CUST000742,BR007,REGULAR SAVINGS,ACTIVE,2.75,2024-12-16,,2026-06-01 09:00:00
ACC002653,CUST001362,BR005,SALARY SAVINGS,ACTIVE,4.0,2024-07-04,,2026-06-01 09:00:00
ACC002654,CUST000605,BR008,SALARY SAVINGS,ACTIVE,3.0,2024-10-07,,2026-06-01 09:00:00
ACC002655,CUST000188,BR008,REGULAR SAVINGS,ACTIVE,4.0,2023-10-01,,2026-06-01 09:00:00
ACC002656,CUST000043,BR008,REGULAR SAVINGS,ACTIVE,4.0,2024-05-03,,2026-06-01 09:00:00
ACC002657,CUST001959,BR002,REGULAR SAVINGS,DORMANT,3.0,2025-06-23,,2026-06-01 09:00:00
ACC002658,CUST002977,BR007,REGULAR SAVINGS,ACTIVE,4.0,2023-11-23,,2026-06-01 09:00:00
ACC002659,CUST001467,BR003,SALARY SAVINGS,DORMANT,3.0,2023-10-08,,2026-06-01 09:00:00
ACC002660,CUST002958,BR008,SENIOR CITIZEN SAVINGS,ACTIVE,2.75,2023-09-15,,2026-06-01 09:00:00
ACC002661,CUST002843,BR001,SENIOR CITIZEN SAVINGS,ACTIVE,3.5,2024-01-12,,2026-06-01 09:00:00
ACC002662,CUST001612,BR004,SALARY SAVINGS,ACTIVE,3.0,2023-11-21,,2026-06-01 09:00:00
ACC002663,CUST001518,BR004,REGULAR SAVINGS,ACTIVE,3.5,2024-02-28,,2026-06-01 09:00:00
ACC002664,CUST002816,BR003,SALARY SAVINGS,ACTIVE,4.0,2024-05-15,,2026-06-01 09:00:00
ACC002665,CUST000344,BR006,SALARY SAVINGS,ACTIVE,4.0,2024-04-06,,2026-06-01 09:00:00
ACC002666,CUST000037,BR006,SENIOR CITIZEN SAVINGS,ACTIVE,3.0,2024-11-26,,2026-06-01 09:00:00
ACC002667,CUST001318,BR007,SALARY SAVINGS,ACTIVE,4.0,2024-07-03,,2026-06-01 09:00:00
ACC002668,CUST002049,BR008,SALARY SAVINGS,ACTIVE,4.0,2025-03-31,,2026-06-01 09:00:00
ACC002669,CUST001044,BR003,SENIOR CITIZEN SAVINGS,DORMANT,4.0,2026-04-16,,2026-06-01 09:00:00
ACC002670,CUST002886,BR001,SENIOR CITIZEN SAVINGS,ACTIVE,3.0,2024-10-26,,2026-06-01 09:00:00
ACC002671,CUST001064,BR003,SALARY SAVINGS,ACTIVE,3.0,2025-02-02,,2026-06-01 09:00:00
ACC002672,CUST000534,BR008,SENIOR CITIZEN SAVINGS,ACTIVE,3.0,2025-03-31,,2026-06-01 09:00:00
ACC002673,CUST000722,BR003,REGULAR SAVINGS,ACTIVE,3.0,2026-04-13,,2026-06-01 09:00:00
ACC002674,CUST000308,BR008,SALARY SAVINGS,ACTIVE,3.5,2024-02-06,,2026-06-01 09:00:00
ACC002675,CUST001745,BR002,REGULAR SAVINGS,ACTIVE,4.0,2026-01-27,,2026-06-01 09:00:00
ACC002676,CUST000235,BR005,SENIOR CITIZEN SAVINGS,ACTIVE,3.0,2026-05-05,,2026-06-01 09:00:00
ACC002677,CUST001524,BR002,SENIOR CITIZEN SAVINGS,ACTIVE,3.5,2024-05-08,,2026-06-01 09:00:00
ACC002678,CUST001656,BR004,REGULAR SAVINGS,ACTIVE,2.75,2023-10-02,,2026-06-01 09:00:00
ACC002679,CUST001741,BR001,REGULAR SAVINGS,ACTIVE,3.0,2024-01-10,,2026-06-01 09:00:00
ACC002680,CUST000767,BR001,SENIOR CITIZEN SAVINGS,ACTIVE,3.0,2026-06-01,,2026-06-01 09:00:00
ACC002681,CUST002252,BR001,SALARY SAVINGS,CLOSED,2.75,2024-11-09,2026-08-07,2026-06-01 09:00:00
ACC002682,CUST000756,BR007,REGULAR SAVINGS,ACTIVE,3.5,2025-05-24,,2026-06-01 09:00:00
ACC002683,CUST000249,BR007,SALARY SAVINGS,DORMANT,2.75,2025-04-13,,2026-06-01 09:00:00
ACC002684,CUST001903,BR001,REGULAR SAVINGS,ACTIVE,3.0,2025-04-15,,2026-06-01 09:00:00
ACC002685,CUST001639,BR004,REGULAR SAVINGS,DORMANT,4.0,2025-03-26,,2026-06-01 09:00:00
ACC002686,CUST001403,BR001,REGULAR SAVINGS,ACTIVE,2.75,2025-02-15,,2026-06-01 09:00:00
ACC002687,CUST000855,BR003,REGULAR SAVINGS,ACTIVE,4.0,2024-10-27,,2026-06-01 09:00:00
ACC002688,CUST001040,BR005,REGULAR SAVINGS,ACTIVE,4.0,2026-01-20,,2026-06-01 09:00:00
ACC002689,CUST001805,BR003,SALARY SAVINGS,ACTIVE,3.5,2024-08-02,,2026-06-01 09:00:00
ACC002690,CUST000990,BR001,REGULAR SAVINGS,CLOSED,3.0,2025-07-03,2025-07-15,2026-06-01 09:00:00
ACC002691,CUST001629,BR006,SALARY SAVINGS,ACTIVE,3.5,2025-01-01,,2026-06-01 09:00:00
ACC002692,CUST002523,BR006,REGULAR SAVINGS,ACTIVE,2.75,2025-01-28,,2026-06-01 09:00:00
ACC002693,CUST002477,BR004,REGULAR SAVINGS,ACTIVE,3.0,2024-04-14,,2026-06-01 09:00:00
ACC002694,CUST002021,BR003,SENIOR CITIZEN SAVINGS,ACTIVE,2.75,2023-08-27,,2026-06-01 09:00:00
ACC002695,CUST000483,BR007,REGULAR SAVINGS,ACTIVE,3.0,2024-04-19,,2026-06-01 09:00:00
ACC002696,CUST001223,BR007,SALARY SAVINGS,ACTIVE,2.75,2024-08-02,,2026-06-01 09:00:00
ACC002697,CUST002944,BR007,SALARY SAVINGS,ACTIVE,4.0,2024-02-12,,2026-06-01 09:00:00
ACC002698,CUST000704,BR008,SALARY SAVINGS,ACTIVE,3.0,2026-02-17,,2026-06-01 09:00:00
ACC002699,CUST001458,BR004,SENIOR CITIZEN SAVINGS,ACTIVE,4.0,2025-04-24,,2026-06-01 09:00:00
ACC002700,CUST002567,BR006,REGULAR SAVINGS,ACTIVE,2.75,2025-04-25,,2026-06-01 09:00:00
ACC002701,CUST002072,BR007,SALARY SAVINGS,ACTIVE,3.5,2025-05-06,,2026-06-01 09:00:00
ACC002702,CUST002029,BR006,REGULAR SAVINGS,ACTIVE,4.0,2026-04-28,,2026-06-01 09:00:00
ACC002703,CUST000695,BR001,REGULAR SAVINGS,ACTIVE,2.75,2025-02-04,,2026-06-01 09:00:00
ACC002704,CUST002315,BR003,REGULAR SAVINGS,ACTIVE,2.75,2026-02-13,,2026-06-01 09:00:00
ACC002705,CUST001522,BR005,SALARY SAVINGS,ACTIVE,3.0,2024-01-09,,2026-06-01 09:00:00
ACC002706,CUST001062,BR001,REGULAR SAVINGS,ACTIVE,3.0,2026-05-19,,2026-06-01 09:00:00
ACC002707,CUST001428,BR004,REGULAR SAVINGS,ACTIVE,3.0,2025-07-26,,2026-06-01 09:00:00
ACC002708,CUST000688,BR004,REGULAR SAVINGS,ACTIVE,3.5,2024-12-28,,2026-06-01 09:00:00
ACC002709,CUST001533,BR006,REGULAR SAVINGS,DORMANT,3.5,2024-12-28,,2026-06-01 09:00:00
ACC002710,CUST000465,BR004,SENIOR CITIZEN SAVINGS,ACTIVE,3.5,2025-08-27,,2026-06-01 09:00:00
ACC002711,CUST002798,BR001,SENIOR CITIZEN SAVINGS,DORMANT,3.0,2023-09-19,,2026-06-01 09:00:00
ACC002712,CUST002066,BR005,REGULAR SAVINGS,ACTIVE,3.0,2025-03-16,,2026-06-01 09:00:00
ACC002713,CUST000790,BR003,SALARY SAVINGS,ACTIVE,3.5,2024-05-08,,2026-06-01 09:00:00
ACC002714,CUST000669,BR007,SENIOR CITIZEN SAVINGS,ACTIVE,3.0,2026-03-22,,2026-06-01 09:00:00
ACC002715,CUST000110,BR006,SALARY SAVINGS,ACTIVE,3.0,2025-03-09,,2026-06-01 09:00:00
ACC002716,CUST001107,BR002,REGULAR SAVINGS,DORMANT,3.0,2026-02-04,,2026-06-01 09:00:00
ACC002717,CUST001820,BR006,SENIOR CITIZEN SAVINGS,ACTIVE,4.0,2025-04-16,,2026-06-01 09:00:00
ACC002718,CUST002463,BR003,REGULAR SAVINGS,ACTIVE,2.75,2025-08-11,,2026-06-01 09:00:00
ACC002719,CUST002034,BR007,SALARY SAVINGS,ACTIVE,3.0,2025-02-27,,2026-06-01 09:00:00
ACC002720,CUST001266,BR006,REGULAR SAVINGS,ACTIVE,3.5,2024-02-28,,2026-06-01 09:00:00
ACC002721,CUST001573,BR003,SENIOR CITIZEN SAVINGS,ACTIVE,3.5,2025-10-24,,2026-06-01 09:00:00
ACC002722,CUST000833,BR008,REGULAR SAVINGS,ACTIVE,3.5,2025-11-13,,2026-06-01 09:00:00
ACC002723,CUST002401,BR003,REGULAR SAVINGS,ACTIVE,3.0,2023-11-09,,2026-06-01 09:00:00
ACC002724,CUST002880,BR004,REGULAR SAVINGS,ACTIVE,2.75,2025-07-18,,2026-06-01 09:00:00
ACC002725,CUST002960,BR007,SALARY SAVINGS,DORMANT,3.0,2025-04-15,,2026-06-01 09:00:00
ACC002726,CUST001940,BR006,SENIOR CITIZEN SAVINGS,ACTIVE,3.0,2024-12-06,,2026-06-01 09:00:00
ACC002727,CUST002579,BR007,REGULAR SAVINGS,ACTIVE,3.5,2025-03-28,,2026-06-01 09:00:00
ACC002728,CUST002873,BR001,REGULAR SAVINGS,ACTIVE,4.0,2025-08-10,,2026-06-01 09:00:00
ACC002729,CUST000109,BR001,SENIOR CITIZEN SAVINGS,ACTIVE,3.0,2023-11-25,,2026-06-01 09:00:00
ACC002730,CUST001101,BR006,REGULAR SAVINGS,ACTIVE,3.0,2024-04-24,,2026-06-01 09:00:00
ACC002731,CUST000681,BR002,REGULAR SAVINGS,ACTIVE,2.75,2024-11-11,,2026-06-01 09:00:00
ACC002732,CUST001360,BR006,SALARY SAVINGS,ACTIVE,2.75,2024-08-15,,2026-06-01 09:00:00
ACC002733,CUST000860,BR003,REGULAR SAVINGS,ACTIVE,2.75,2024-08-13,,2026-06-01 09:00:00
ACC002734,CUST001227,BR004,SALARY SAVINGS,ACTIVE,2.75,2024-03-05,,2026-06-01 09:00:00
ACC002735,CUST001988,BR008,SENIOR CITIZEN SAVINGS,ACTIVE,3.0,2024-08-18,,2026-06-01 09:00:00
ACC002736,CUST000520,BR006,REGULAR SAVINGS,DORMANT,3.5,2024-11-25,,2026-06-01 09:00:00
ACC002737,CUST000383,BR004,SENIOR CITIZEN SAVINGS,ACTIVE,3.5,2026-01-30,,2026-06-01 09:00:00
ACC002738,CUST001317,BR002,REGULAR SAVINGS,ACTIVE,3.0,2025-04-14,,2026-06-01 09:00:00
ACC002739,CUST001240,BR008,SALARY SAVINGS,ACTIVE,4.0,2025-08-08,,2026-06-01 09:00:00
ACC002740,CUST002598,BR007,REGULAR SAVINGS,CLOSED,3.0,2025-12-26,2026-05-02,2026-06-01 09:00:00
ACC002741,CUST000697,BR007,SENIOR CITIZEN SAVINGS,ACTIVE,3.5,2025-05-31,,2026-06-01 09:00:00
ACC002742,CUST000235,BR003,SENIOR CITIZEN SAVINGS,ACTIVE,3.5,2025-01-08,,2026-06-01 09:00:00
ACC002743,CUST002726,BR005,SENIOR CITIZEN SAVINGS,ACTIVE,4.0,2025-09-25,,2026-06-01 09:00:00
ACC002744,CUST001367,BR006,SENIOR CITIZEN SAVINGS,ACTIVE,3.0,2024-06-09,,2026-06-01 09:00:00
ACC002745,CUST000704,BR006,SALARY SAVINGS,ACTIVE,4.0,2026-02-18,,2026-06-01 09:00:00
ACC002746,CUST000553,BR007,SENIOR CITIZEN SAVINGS,ACTIVE,3.0,2024-06-28,,2026-06-01 09:00:00
ACC002747,CUST001091,BR007,SENIOR CITIZEN SAVINGS,ACTIVE,4.0,2026-06-18,,2026-06-01 09:00:00
ACC002748,CUST000690,BR006,SENIOR CITIZEN SAVINGS,DORMANT,3.5,2025-07-01,,2026-06-01 09:00:00
ACC002749,CUST001307,BR006,SALARY SAVINGS,ACTIVE,2.75,2026-05-30,,2026-06-01 09:00:00
ACC002750,CUST000692,BR003,SALARY SAVINGS,ACTIVE,3.0,2025-05-11,,2026-06-01 09:00:00
ACC002751,CUST000036,BR002,SENIOR CITIZEN SAVINGS,ACTIVE,3.0,2023-11-21,,2026-06-01 09:00:00
ACC002752,CUST002604,BR007,SALARY SAVINGS,ACTIVE,3.0,2026-01-15,,2026-06-01 09:00:00
ACC002753,CUST001832,BR003,SALARY SAVINGS,ACTIVE,4.0,2024-10-24,,2026-06-01 09:00:00
ACC002754,CUST000739,BR001,REGULAR SAVINGS,DORMANT,2.75,2025-06-21,,2026-06-01 09:00:00
ACC002755,CUST000666,BR004,SENIOR CITIZEN SAVINGS,ACTIVE,3.5,2025-01-07,,2026-06-01 09:00:00
ACC002756,CUST002349,BR003,SENIOR CITIZEN SAVINGS,ACTIVE,2.75,2024-05-20,,2026-06-01 09:00:00
ACC002757,CUST002877,BR007,SENIOR CITIZEN SAVINGS,ACTIVE,4.0,2023-08-23,,2026-06-01 09:00:00
ACC002758,CUST001817,BR001,REGULAR SAVINGS,ACTIVE,3.0,2024-04-28,,2026-06-01 09:00:00
ACC002759,CUST001075,BR006,SALARY SAVINGS,CLOSED,2.75,2024-05-05,2025-05-16,2026-06-01 09:00:00
ACC002760,CUST001763,BR004,SALARY SAVINGS,ACTIVE,3.0,2025-06-09,,2026-06-01 09:00:00
ACC002761,CUST002651,BR001,SENIOR CITIZEN SAVINGS,ACTIVE,2.75,2026-01-04,,2026-06-01 09:00:00
ACC002762,CUST000307,BR001,REGULAR SAVINGS,ACTIVE,2.75,2024-04-09,,2026-06-01 09:00:00
ACC002763,CUST001519,BR004,SALARY SAVINGS,ACTIVE,3.0,2026-04-26,,2026-06-01 09:00:00
ACC002764,CUST001900,BR002,REGULAR SAVINGS,DORMANT,2.75,2025-10-27,,2026-06-01 09:00:00
ACC002765,CUST001566,BR001,REGULAR SAVINGS,ACTIVE,2.75,2024-09-10,,2026-06-01 09:00:00
ACC002766,CUST002167,BR003,REGULAR SAVINGS,ACTIVE,4.0,2024-06-07,,2026-06-01 09:00:00
ACC002767,CUST001313,BR007,SENIOR CITIZEN SAVINGS,ACTIVE,3.5,2024-03-29,,2026-06-01 09:00:00
ACC002768,CUST001713,BR001,REGULAR SAVINGS,CLOSED,4.0,2025-06-14,2025-12-16,2026-06-01 09:00:00
ACC002769,CUST001602,BR005,SENIOR CITIZEN SAVINGS,ACTIVE,3.0,2024-06-26,,2026-06-01 09:00:00
ACC002770,CUST001450,BR001,REGULAR SAVINGS,ACTIVE,2.75,2025-09-20,,2026-06-01 09:00:00
ACC002771,CUST001897,BR003,REGULAR SAVINGS,ACTIVE,3.0,2024-09-18,,2026-06-01 09:00:00
ACC002772,CUST001822,BR007,SENIOR CITIZEN SAVINGS,DORMANT,3.0,2023-11-06,,2026-06-01 09:00:00
ACC002773,CUST000456,BR004,REGULAR SAVINGS,ACTIVE,3.0,2026-05-08,,2026-06-01 09:00:00
ACC002774,CUST000051,BR005,SALARY SAVINGS,ACTIVE,3.5,2024-08-05,,2026-06-01 09:00:00
ACC002775,CUST001228,BR003,SALARY SAVINGS,ACTIVE,3.0,2025-04-22,,2026-06-01 09:00:00
ACC002776,CUST001430,BR005,SENIOR CITIZEN SAVINGS,ACTIVE,3.5,2025-08-30,,2026-06-01 09:00:00
ACC002777,CUST000806,BR008,SENIOR CITIZEN SAVINGS,ACTIVE,3.0,2026-05-06,,2026-06-01 09:00:00
ACC002778,CUST001591,BR006,REGULAR SAVINGS,CLOSED,4.0,2025-08-14,2026-08-06,2026-06-01 09:00:00
ACC002779,CUST001729,BR004,REGULAR SAVINGS,ACTIVE,3.5,2024-03-22,,2026-06-01 09:00:00
ACC002780,CUST002555,BR001,REGULAR SAVINGS,DORMANT,3.5,2026-03-03,,2026-06-01 09:00:00
ACC002781,CUST001939,BR006,SENIOR CITIZEN SAVINGS,ACTIVE,3.5,2023-10-24,,2026-06-01 09:00:00
ACC002782,CUST001808,BR001,SALARY SAVINGS,ACTIVE,2.75,2023-08-30,,2026-06-01 09:00:00
ACC002783,CUST002539,BR004,REGULAR SAVINGS,ACTIVE,3.0,2026-01-22,,2026-06-01 09:00:00
ACC002784,CUST000169,BR003,SALARY SAVINGS,ACTIVE,3.5,2024-09-22,,2026-06-01 09:00:00
ACC002785,CUST001261,BR005,SALARY SAVINGS,ACTIVE,3.5,2025-04-13,,2026-06-01 09:00:00
ACC002786,CUST000690,BR004,SALARY SAVINGS,ACTIVE,3.5,2025-06-02,,2026-06-01 09:00:00
ACC002787,CUST000805,BR007,REGULAR SAVINGS,ACTIVE,3.5,2023-09-22,,2026-06-01 09:00:00
ACC002788,CUST000678,BR006,SALARY SAVINGS,ACTIVE,3.5,2024-08-06,,2026-06-01 09:00:00
ACC002789,CUST000924,BR007,SENIOR CITIZEN SAVINGS,ACTIVE,3.0,2023-09-27,,2026-06-01 09:00:00
ACC002790,CUST000170,BR005,SENIOR CITIZEN SAVINGS,ACTIVE,4.0,2025-10-17,,2026-06-01 09:00:00
ACC002791,CUST001778,BR005,REGULAR SAVINGS,ACTIVE,2.75,2024-01-10,,2026-06-01 09:00:00
ACC002792,CUST002440,BR006,SALARY SAVINGS,ACTIVE,3.0,2024-07-11,,2026-06-01 09:00:00
ACC002793,CUST002564,BR006,SALARY SAVINGS,ACTIVE,4.0,2025-06-13,,2026-06-01 09:00:00
ACC002794,CUST000715,BR002,REGULAR SAVINGS,ACTIVE,4.0,2025-09-12,,2026-06-01 09:00:00
ACC002795,CUST001316,BR001,REGULAR SAVINGS,ACTIVE,2.75,2024-02-11,,2026-06-01 09:00:00
ACC002796,CUST001954,BR002,REGULAR SAVINGS,ACTIVE,3.5,2024-04-17,,2026-06-01 09:00:00
ACC002797,CUST001249,BR008,SALARY SAVINGS,ACTIVE,4.0,2024-05-15,,2026-06-01 09:00:00
ACC002798,CUST000910,BR008,SALARY SAVINGS,ACTIVE,3.5,2025-10-31,,2026-06-01 09:00:00
ACC002799,CUST000210,BR007,SALARY SAVINGS,ACTIVE,4.0,2024-07-28,,2026-06-01 09:00:00
ACC002800,CUST002670,BR006,SALARY SAVINGS,ACTIVE,4.0,2025-11-21,,2026-06-01 09:00:00
ACC002801,CUST001915,BR003,SALARY SAVINGS,ACTIVE,4.0,2023-11-12,,2026-06-01 09:00:00
ACC002802,CUST002267,BR002,SENIOR CITIZEN SAVINGS,ACTIVE,3.5,2025-09-26,,2026-06-01 09:00:00
ACC002803,CUST000357,BR006,REGULAR SAVINGS,DORMANT,2.75,2025-10-14,,2026-06-01 09:00:00
ACC002804,CUST001855,BR008,REGULAR SAVINGS,ACTIVE,3.0,2024-05-02,,2026-06-01 09:00:00
ACC002805,CUST000046,BR005,SALARY SAVINGS,ACTIVE,3.5,2024-05-02,,2026-06-01 09:00:00
ACC002806,CUST002662,BR007,REGULAR SAVINGS,ACTIVE,2.75,2026-06-11,,2026-06-01 09:00:00
ACC002807,CUST001489,BR007,REGULAR SAVINGS,ACTIVE,4.0,2025-05-01,,2026-06-01 09:00:00
ACC002808,CUST000934,BR004,SALARY SAVINGS,ACTIVE,4.0,2026-03-20,,2026-06-01 09:00:00
ACC002809,CUST002426,BR004,SALARY SAVINGS,ACTIVE,3.0,2025-05-30,,2026-06-01 09:00:00
ACC002810,CUST002641,BR008,SALARY SAVINGS,ACTIVE,3.0,2025-09-24,,2026-06-01 09:00:00
ACC002811,CUST001930,BR002,REGULAR SAVINGS,ACTIVE,3.0,2025-08-14,,2026-06-01 09:00:00
ACC002812,CUST001723,BR007,SENIOR CITIZEN SAVINGS,DORMANT,4.0,2026-02-10,,2026-06-01 09:00:00
ACC002813,CUST001152,BR002,SALARY SAVINGS,ACTIVE,2.75,2024-12-10,,2026-06-01 09:00:00
ACC002814,CUST002082,BR007,SALARY SAVINGS,ACTIVE,3.5,2024-09-07,,2026-06-01 09:00:00
ACC002815,CUST002770,BR001,REGULAR SAVINGS,ACTIVE,4.0,2024-10-31,,2026-06-01 09:00:00
ACC002816,CUST002346,BR007,REGULAR SAVINGS,ACTIVE,3.0,2024-10-18,,2026-06-01 09:00:00
ACC002817,CUST002853,BR008,SALARY SAVINGS,ACTIVE,4.0,2025-03-29,,2026-06-01 09:00:00
ACC002818,CUST002612,BR006,SENIOR CITIZEN SAVINGS,ACTIVE,2.75,2023-11-09,,2026-06-01 09:00:00
ACC002819,CUST001240,BR003,SENIOR CITIZEN SAVINGS,ACTIVE,3.0,2024-06-16,,2026-06-01 09:00:00
ACC002820,CUST001866,BR001,SENIOR CITIZEN SAVINGS,ACTIVE,3.5,2025-03-09,,2026-06-01 09:00:00
ACC002821,CUST001731,BR002,SALARY SAVINGS,ACTIVE,4.0,2024-08-06,,2026-06-01 09:00:00
ACC002822,CUST000122,BR007,REGULAR SAVINGS,ACTIVE,4.0,2024-05-15,,2026-06-01 09:00:00
ACC002823,CUST000286,BR007,SENIOR CITIZEN SAVINGS,ACTIVE,3.0,2023-11-09,,2026-06-01 09:00:00
ACC002824,CUST000061,BR008,SENIOR CITIZEN SAVINGS,DORMANT,3.0,2024-10-07,,2026-06-01 09:00:00
ACC002825,CUST002382,BR003,SENIOR CITIZEN SAVINGS,ACTIVE,2.75,2024-12-26,,2026-06-01 09:00:00
ACC002826,CUST002198,BR003,REGULAR SAVINGS,ACTIVE,4.0,2024-03-29,,2026-06-01 09:00:00
ACC002827,CUST001715,BR006,REGULAR SAVINGS,ACTIVE,3.0,2025-01-09,,2026-06-01 09:00:00
ACC002828,CUST001900,BR002,REGULAR SAVINGS,ACTIVE,4.0,2023-12-14,,2026-06-01 09:00:00
ACC002829,CUST002187,BR007,REGULAR SAVINGS,ACTIVE,3.5,2024-06-01,,2026-06-01 09:00:00
ACC002830,CUST001660,BR005,SENIOR CITIZEN SAVINGS,ACTIVE,3.0,2026-05-14,,2026-06-01 09:00:00
ACC002831,CUST002849,BR004,REGULAR SAVINGS,ACTIVE,2.75,2025-01-09,,2026-06-01 09:00:00
ACC002832,CUST001339,BR005,SALARY SAVINGS,ACTIVE,2.75,2023-11-15,,2026-06-01 09:00:00
ACC002833,CUST002317,BR007,SALARY SAVINGS,ACTIVE,4.0,2024-07-15,,2026-06-01 09:00:00
ACC002834,CUST002453,BR003,SENIOR CITIZEN SAVINGS,ACTIVE,2.75,2024-04-24,,2026-06-01 09:00:00
ACC002835,CUST001799,BR004,SENIOR CITIZEN SAVINGS,ACTIVE,2.75,2025-09-10,,2026-06-01 09:00:00
ACC002836,CUST002173,BR003,SENIOR CITIZEN SAVINGS,ACTIVE,3.5,2024-10-26,,2026-06-01 09:00:00
ACC002837,CUST001139,BR004,SENIOR CITIZEN SAVINGS,ACTIVE,2.75,2026-04-27,,2026-06-01 09:00:00
ACC002838,CUST002779,BR002,REGULAR SAVINGS,ACTIVE,4.0,2024-10-14,,2026-06-01 09:00:00
ACC002839,CUST001697,BR008,SALARY SAVINGS,ACTIVE,2.75,2026-01-01,,2026-06-01 09:00:00
ACC002840,CUST002626,BR005,SALARY SAVINGS,ACTIVE,3.0,2025-08-08,,2026-06-01 09:00:00
ACC002841,CUST002643,BR001,SALARY SAVINGS,ACTIVE,2.75,2025-06-16,,2026-06-01 09:00:00
ACC002842,CUST002380,BR003,REGULAR SAVINGS,ACTIVE,2.75,2024-03-07,,2026-06-01 09:00:00
ACC002843,CUST001839,BR001,SENIOR CITIZEN SAVINGS,ACTIVE,2.75,2024-02-22,,2026-06-01 09:00:00
ACC002844,CUST000640,BR007,REGULAR SAVINGS,ACTIVE,3.5,2025-11-28,,2026-06-01 09:00:00
ACC002845,CUST000834,BR001,REGULAR SAVINGS,ACTIVE,2.75,2026-01-30,,2026-06-01 09:00:00
ACC002846,CUST001861,BR003,REGULAR SAVINGS,ACTIVE,4.0,2025-03-17,,2026-06-01 09:00:00
ACC002847,CUST002461,BR007,SALARY SAVINGS,ACTIVE,3.0,2025-02-05,,2026-06-01 09:00:00
ACC002848,CUST001226,BR006,REGULAR SAVINGS,ACTIVE,2.75,2026-04-23,,2026-06-01 09:00:00
ACC002849,CUST001875,BR003,REGULAR SAVINGS,CLOSED,3.5,2024-10-24,2025-07-02,2026-06-01 09:00:00
ACC002850,CUST002628,BR008,SALARY SAVINGS,ACTIVE,3.5,2025-02-05,,2026-06-01 09:00:00
ACC002851,CUST002212,BR001,SENIOR CITIZEN SAVINGS,DORMANT,4.0,2024-07-18,,2026-06-01 09:00:00
ACC002852,CUST000461,BR007,SALARY SAVINGS,ACTIVE,2.75,2025-09-25,,2026-06-01 09:00:00
ACC002853,CUST001664,BR007,REGULAR SAVINGS,ACTIVE,3.0,2023-11-09,,2026-06-01 09:00:00
ACC002854,CUST002173,BR003,REGULAR SAVINGS,ACTIVE,2.75,2025-09-10,,2026-06-01 09:00:00
ACC002855,CUST001869,BR001,SALARY SAVINGS,CLOSED,3.0,2026-01-14,2026-03-16,2026-06-01 09:00:00
ACC002856,CUST000798,BR005,SALARY SAVINGS,ACTIVE,3.5,2026-02-26,,2026-06-01 09:00:00
ACC002857,CUST002437,BR007,SALARY SAVINGS,ACTIVE,3.0,2025-08-26,,2026-06-01 09:00:00
ACC002858,CUST002138,BR008,REGULAR SAVINGS,ACTIVE,2.75,2023-11-07,,2026-06-01 09:00:00
ACC002859,CUST001210,BR003,SALARY SAVINGS,ACTIVE,3.5,2024-01-07,,2026-06-01 09:00:00
ACC002860,CUST000881,BR007,REGULAR SAVINGS,ACTIVE,2.75,2024-03-17,,2026-06-01 09:00:00
ACC002861,CUST000913,BR008,REGULAR SAVINGS,ACTIVE,3.5,2025-04-25,,2026-06-01 09:00:00
ACC002862,CUST002259,BR005,SENIOR CITIZEN SAVINGS,ACTIVE,4.0,2024-03-04,,2026-06-01 09:00:00
ACC002863,CUST000241,BR004,SALARY SAVINGS,ACTIVE,4.0,2025-04-12,,2026-06-01 09:00:00
ACC002864,CUST000004,BR003,SALARY SAVINGS,ACTIVE,3.5,2026-05-30,,2026-06-01 09:00:00
ACC002865,CUST000545,BR005,REGULAR SAVINGS,ACTIVE,2.75,2026-03-12,,2026-06-01 09:00:00
ACC002866,CUST002861,BR007,REGULAR SAVINGS,ACTIVE,3.5,2024-08-12,,2026-06-01 09:00:00
ACC002867,CUST002867,BR008,SALARY SAVINGS,ACTIVE,3.5,2025-02-08,,2026-06-01 09:00:00
ACC002868,CUST002784,BR001,SENIOR CITIZEN SAVINGS,DORMANT,3.0,2024-01-12,,2026-06-01 09:00:00
ACC002869,CUST001115,BR003,SENIOR CITIZEN SAVINGS,ACTIVE,2.75,2025-03-22,,2026-06-01 09:00:00
ACC002870,CUST002335,BR008,SALARY SAVINGS,ACTIVE,4.0,2026-01-24,,2026-06-01 09:00:00
ACC002871,CUST001133,BR007,REGULAR SAVINGS,ACTIVE,4.0,2023-08-23,,2026-06-01 09:00:00
ACC002872,CUST000521,BR004,SALARY SAVINGS,ACTIVE,4.0,2025-04-07,,2026-06-01 09:00:00
ACC002873,CUST001899,BR007,REGULAR SAVINGS,ACTIVE,3.5,2024-05-24,,2026-06-01 09:00:00
ACC002874,CUST001528,BR005,SENIOR CITIZEN SAVINGS,CLOSED,4.0,2024-04-05,2026-06-04,2026-06-01 09:00:00
ACC002875,CUST000714,BR003,REGULAR SAVINGS,CLOSED,2.75,2023-11-11,2025-01-05,2026-06-01 09:00:00
ACC002876,CUST002478,BR007,SALARY SAVINGS,ACTIVE,3.0,2025-04-13,,2026-06-01 09:00:00
ACC002877,CUST002309,BR003,SALARY SAVINGS,ACTIVE,2.75,2024-07-12,,2026-06-01 09:00:00
ACC002878,CUST000298,BR008,SALARY SAVINGS,ACTIVE,4.0,2025-06-21,,2026-06-01 09:00:00
ACC002879,CUST001545,BR003,SENIOR CITIZEN SAVINGS,ACTIVE,3.0,2024-10-29,,2026-06-01 09:00:00
ACC002880,CUST001956,BR007,SALARY SAVINGS,ACTIVE,4.0,2026-02-07,,2026-06-01 09:00:00
ACC002881,CUST002503,BR003,SALARY SAVINGS,DORMANT,3.5,2026-02-28,,2026-06-01 09:00:00
ACC002882,CUST000051,BR005,SENIOR CITIZEN SAVINGS,ACTIVE,2.75,2025-07-21,,2026-06-01 09:00:00
ACC002883,CUST000708,BR001,REGULAR SAVINGS,DORMANT,3.5,2025-10-11,,2026-06-01 09:00:00
ACC002884,CUST000392,BR006,SENIOR CITIZEN SAVINGS,ACTIVE,3.0,2025-07-28,,2026-06-01 09:00:00
ACC002885,CUST000777,BR002,SALARY SAVINGS,CLOSED,3.0,2025-06-04,2025-09-29,2026-06-01 09:00:00
ACC002886,CUST000041,BR001,SALARY SAVINGS,DORMANT,2.75,2025-10-16,,2026-06-01 09:00:00
ACC002887,CUST001219,BR001,REGULAR SAVINGS,DORMANT,4.0,2023-10-01,,2026-06-01 09:00:00
ACC002888,CUST002527,BR002,SENIOR CITIZEN SAVINGS,ACTIVE,3.5,2025-03-09,,2026-06-01 09:00:00
ACC002889,CUST000930,BR001,SENIOR CITIZEN SAVINGS,ACTIVE,3.5,2025-04-29,,2026-06-01 09:00:00
ACC002890,CUST000290,BR004,REGULAR SAVINGS,ACTIVE,3.5,2026-05-09,,2026-06-01 09:00:00
ACC002891,CUST002116,BR008,SENIOR CITIZEN SAVINGS,ACTIVE,3.5,2025-10-27,,2026-06-01 09:00:00
ACC002892,CUST002227,BR008,SENIOR CITIZEN SAVINGS,ACTIVE,3.0,2023-10-23,,2026-06-01 09:00:00
ACC002893,CUST002213,BR007,SALARY SAVINGS,ACTIVE,3.5,2026-01-07,,2026-06-01 09:00:00
ACC002894,CUST001218,BR003,REGULAR SAVINGS,ACTIVE,3.0,2024-03-14,,2026-06-01 09:00:00
ACC002895,CUST001350,BR003,REGULAR SAVINGS,ACTIVE,2.75,2025-05-30,,2026-06-01 09:00:00
ACC002896,CUST001380,BR004,SALARY SAVINGS,ACTIVE,2.75,2025-03-15,,2026-06-01 09:00:00
ACC002897,CUST001748,BR007,SALARY SAVINGS,ACTIVE,2.75,2024-02-15,,2026-06-01 09:00:00
ACC002898,CUST002289,BR007,SENIOR CITIZEN SAVINGS,DORMANT,3.0,2024-12-07,,2026-06-01 09:00:00
ACC002899,CUST002234,BR001,REGULAR SAVINGS,ACTIVE,3.5,2025-09-11,,2026-06-01 09:00:00
ACC002900,CUST000018,BR002,REGULAR SAVINGS,ACTIVE,4.0,2024-11-06,,2026-06-01 09:00:00
ACC002901,CUST002573,BR001,SALARY SAVINGS,ACTIVE,4.0,2026-05-16,,2026-06-01 09:00:00
ACC002902,CUST000412,BR007,REGULAR SAVINGS,CLOSED,3.5,2025-06-28,2025-12-04,2026-06-01 09:00:00
ACC002903,CUST002670,BR005,SALARY SAVINGS,ACTIVE,2.75,2024-10-20,,2026-06-01 09:00:00
ACC002904,CUST002011,BR005,SALARY SAVINGS,ACTIVE,2.75,2025-06-08,,2026-06-01 09:00:00
ACC002905,CUST000924,BR002,SENIOR CITIZEN SAVINGS,ACTIVE,3.0,2024-10-09,,2026-06-01 09:00:00
ACC002906,CUST001294,BR007,SALARY SAVINGS,ACTIVE,2.75,2024-09-18,,2026-06-01 09:00:00
ACC002907,CUST002008,BR008,REGULAR SAVINGS,ACTIVE,3.0,2025-10-26,,2026-06-01 09:00:00
ACC002908,CUST002033,BR006,REGULAR SAVINGS,ACTIVE,2.75,2024-02-21,,2026-06-01 09:00:00
ACC002909,CUST002358,BR003,SALARY SAVINGS,ACTIVE,2.75,2025-04-23,,2026-06-01 09:00:00
ACC002910,CUST002548,BR002,REGULAR SAVINGS,ACTIVE,3.0,2026-04-06,,2026-06-01 09:00:00
ACC002911,CUST000861,BR008,SENIOR CITIZEN SAVINGS,ACTIVE,2.75,2025-03-15,,2026-06-01 09:00:00
ACC002912,CUST000754,BR005,SALARY SAVINGS,ACTIVE,3.5,2026-05-30,,2026-06-01 09:00:00
ACC002913,CUST001174,BR001,REGULAR SAVINGS,ACTIVE,3.5,2024-02-03,,2026-06-01 09:00:00
ACC002914,CUST001819,BR007,SALARY SAVINGS,ACTIVE,3.0,2025-06-24,,2026-06-01 09:00:00
ACC002915,CUST000270,BR001,REGULAR SAVINGS,ACTIVE,4.0,2024-07-13,,2026-06-01 09:00:00
ACC002916,CUST002492,BR002,SENIOR CITIZEN SAVINGS,ACTIVE,4.0,2026-03-08,,2026-06-01 09:00:00
ACC002917,CUST002283,BR006,REGULAR SAVINGS,ACTIVE,2.75,2024-06-27,,2026-06-01 09:00:00
ACC002918,CUST002693,BR003,SALARY SAVINGS,ACTIVE,3.5,2024-10-28,,2026-06-01 09:00:00
ACC002919,CUST001571,BR004,REGULAR SAVINGS,ACTIVE,3.5,2024-07-16,,2026-06-01 09:00:00
ACC002920,CUST002287,BR006,SENIOR CITIZEN SAVINGS,ACTIVE,2.75,2025-09-28,,2026-06-01 09:00:00
ACC002921,CUST000324,BR002,SALARY SAVINGS,DORMANT,3.5,2024-09-16,,2026-06-01 09:00:00
ACC002922,CUST001068,BR005,REGULAR SAVINGS,ACTIVE,4.0,2023-09-22,,2026-06-01 09:00:00
ACC002923,CUST002467,BR002,SALARY SAVINGS,ACTIVE,4.0,2025-08-10,,2026-06-01 09:00:00
ACC002924,CUST001937,BR001,SENIOR CITIZEN SAVINGS,ACTIVE,2.75,2025-10-28,,2026-06-01 09:00:00
ACC002925,CUST001007,BR001,SALARY SAVINGS,ACTIVE,3.5,2025-07-13,,2026-06-01 09:00:00
ACC002926,CUST000481,BR005,REGULAR SAVINGS,CLOSED,2.75,2026-01-10,2026-07-28,2026-06-01 09:00:00
ACC002927,CUST002475,BR003,SENIOR CITIZEN SAVINGS,ACTIVE,3.0,2025-05-27,,2026-06-01 09:00:00
ACC002928,CUST000099,BR004,REGULAR SAVINGS,ACTIVE,4.0,2025-03-11,,2026-06-01 09:00:00
ACC002929,CUST002996,BR001,SENIOR CITIZEN SAVINGS,ACTIVE,3.0,2025-08-22,,2026-06-01 09:00:00
ACC002930,CUST002272,BR007,SENIOR CITIZEN SAVINGS,ACTIVE,3.5,2025-08-25,,2026-06-01 09:00:00
ACC002931,CUST000087,BR008,SALARY SAVINGS,ACTIVE,2.75,2024-08-22,,2026-06-01 09:00:00
ACC002932,CUST000645,BR006,SALARY SAVINGS,CLOSED,2.75,2025-03-05,2026-01-26,2026-06-01 09:00:00
ACC002933,CUST001158,BR007,SENIOR CITIZEN SAVINGS,DORMANT,3.0,2025-07-10,,2026-06-01 09:00:00
ACC002934,CUST000970,BR006,REGULAR SAVINGS,ACTIVE,4.0,2024-10-12,,2026-06-01 09:00:00
ACC002935,CUST000778,BR008,REGULAR SAVINGS,ACTIVE,3.5,2025-11-19,,2026-06-01 09:00:00
ACC002936,CUST002061,BR001,SENIOR CITIZEN SAVINGS,ACTIVE,4.0,2025-02-11,,2026-06-01 09:00:00
ACC002937,CUST002949,BR008,REGULAR SAVINGS,ACTIVE,2.75,2026-05-21,,2026-06-01 09:00:00
ACC002938,CUST002784,BR002,SENIOR CITIZEN SAVINGS,ACTIVE,2.75,2024-06-22,,2026-06-01 09:00:00
ACC002939,CUST002838,BR005,REGULAR SAVINGS,ACTIVE,3.0,2023-10-23,,2026-06-01 09:00:00
ACC002940,CUST002789,BR003,REGULAR SAVINGS,ACTIVE,4.0,2024-06-04,,2026-06-01 09:00:00
ACC002941,CUST001374,BR005,SALARY SAVINGS,ACTIVE,3.5,2023-12-14,,2026-06-01 09:00:00
ACC002942,CUST000668,BR007,REGULAR SAVINGS,ACTIVE,3.0,2025-02-14,,2026-06-01 09:00:00
ACC002943,CUST000457,BR007,SALARY SAVINGS,ACTIVE,2.75,2026-03-12,,2026-06-01 09:00:00
ACC002944,CUST002801,BR003,REGULAR SAVINGS,ACTIVE,3.0,2023-09-06,,2026-06-01 09:00:00
ACC002945,CUST002461,BR008,SALARY SAVINGS,ACTIVE,2.75,2024-02-22,,2026-06-01 09:00:00
ACC002946,CUST001489,BR005,SENIOR CITIZEN SAVINGS,ACTIVE,3.5,2026-01-08,,2026-06-01 09:00:00
ACC002947,CUST000233,BR003,REGULAR SAVINGS,ACTIVE,3.0,2024-04-03,,2026-06-01 09:00:00
ACC002948,CUST001185,BR007,SENIOR CITIZEN SAVINGS,ACTIVE,2.75,2025-07-16,,2026-06-01 09:00:00
ACC002949,CUST001389,BR004,SALARY SAVINGS,ACTIVE,3.5,2025-05-06,,2026-06-01 09:00:00
ACC002950,CUST001588,BR007,REGULAR SAVINGS,DORMANT,3.0,2025-09-21,,2026-06-01 09:00:00
ACC002951,CUST001017,BR006,SALARY SAVINGS,DORMANT,4.0,2026-04-28,,2026-06-01 09:00:00
ACC002952,CUST000951,BR001,REGULAR SAVINGS,ACTIVE,3.0,2024-08-03,,2026-06-01 09:00:00
ACC002953,CUST002190,BR005,SALARY SAVINGS,ACTIVE,2.75,2024-03-29,,2026-06-01 09:00:00
ACC002954,CUST002276,BR008,SALARY SAVINGS,ACTIVE,2.75,2025-02-06,,2026-06-01 09:00:00
ACC002955,CUST002118,BR007,REGULAR SAVINGS,ACTIVE,2.75,2025-01-22,,2026-06-01 09:00:00
ACC002956,CUST001612,BR004,REGULAR SAVINGS,ACTIVE,2.75,2024-01-12,,2026-06-01 09:00:00
ACC002957,CUST001778,BR001,SENIOR CITIZEN SAVINGS,ACTIVE,3.5,2024-05-24,,2026-06-01 09:00:00
ACC002958,CUST002175,BR002,REGULAR SAVINGS,ACTIVE,4.0,2025-08-22,,2026-06-01 09:00:00
ACC002959,CUST002556,BR002,SENIOR CITIZEN SAVINGS,DORMANT,2.75,2025-09-22,,2026-06-01 09:00:00
ACC002960,CUST000180,BR002,SENIOR CITIZEN SAVINGS,ACTIVE,3.0,2025-12-21,,2026-06-01 09:00:00
ACC002961,CUST000972,BR001,REGULAR SAVINGS,ACTIVE,3.0,2023-10-19,,2026-06-01 09:00:00
ACC002962,CUST002492,BR005,REGULAR SAVINGS,ACTIVE,3.5,2025-04-30,,2026-06-01 09:00:00
ACC002963,CUST001885,BR006,SALARY SAVINGS,ACTIVE,4.0,2023-10-25,,2026-06-01 09:00:00
ACC002964,CUST000948,BR002,REGULAR SAVINGS,CLOSED,3.0,2024-07-13,2026-01-21,2026-06-01 09:00:00
ACC002965,CUST000203,BR007,SALARY SAVINGS,ACTIVE,2.75,2024-01-27,,2026-06-01 09:00:00
ACC002966,CUST001429,BR008,SALARY SAVINGS,ACTIVE,3.5,2023-11-11,,2026-06-01 09:00:00
ACC002967,CUST001120,BR003,SENIOR CITIZEN SAVINGS,ACTIVE,2.75,2025-03-20,,2026-06-01 09:00:00
ACC002968,CUST002281,BR005,REGULAR SAVINGS,DORMANT,3.5,2024-06-26,,2026-06-01 09:00:00
ACC002969,CUST002105,BR002,SENIOR CITIZEN SAVINGS,ACTIVE,2.75,2025-08-05,,2026-06-01 09:00:00
ACC002970,CUST002299,BR002,SALARY SAVINGS,ACTIVE,4.0,2025-12-30,,2026-06-01 09:00:00
ACC002971,CUST002169,BR004,SALARY SAVINGS,DORMANT,3.5,2024-01-31,,2026-06-01 09:00:00
ACC002972,CUST001353,BR007,REGULAR SAVINGS,ACTIVE,4.0,2025-07-16,,2026-06-01 09:00:00
ACC002973,CUST002446,BR006,SENIOR CITIZEN SAVINGS,ACTIVE,3.0,2026-05-03,,2026-06-01 09:00:00
ACC002974,CUST002028,BR001,SALARY SAVINGS,ACTIVE,3.5,2024-12-19,,2026-06-01 09:00:00
ACC002975,CUST000050,BR004,SALARY SAVINGS,ACTIVE,4.0,2026-02-19,,2026-06-01 09:00:00
ACC002976,CUST000572,BR005,REGULAR SAVINGS,ACTIVE,4.0,2025-01-19,,2026-06-01 09:00:00
ACC002977,CUST001214,BR008,SALARY SAVINGS,ACTIVE,3.0,2024-06-12,,2026-06-01 09:00:00
ACC002978,CUST000066,BR003,REGULAR SAVINGS,ACTIVE,3.0,2025-08-20,,2026-06-01 09:00:00
ACC002979,CUST001500,BR006,REGULAR SAVINGS,ACTIVE,2.75,2024-08-16,,2026-06-01 09:00:00
ACC002980,CUST002789,BR001,SENIOR CITIZEN SAVINGS,ACTIVE,2.75,2024-05-21,,2026-06-01 09:00:00
ACC002981,CUST002974,BR002,REGULAR SAVINGS,ACTIVE,4.0,2025-07-05,,2026-06-01 09:00:00
ACC002982,CUST001295,BR007,SALARY SAVINGS,ACTIVE,2.75,2025-06-09,,2026-06-01 09:00:00
ACC002983,CUST002344,BR001,SALARY SAVINGS,ACTIVE,3.5,2023-12-24,,2026-06-01 09:00:00
ACC002984,CUST001238,BR002,SALARY SAVINGS,ACTIVE,3.0,2025-12-25,,2026-06-01 09:00:00
ACC002985,CUST001260,BR008,SALARY SAVINGS,ACTIVE,3.5,2026-05-06,,2026-06-01 09:00:00
ACC002986,CUST001083,BR006,SALARY SAVINGS,ACTIVE,3.0,2025-06-21,,2026-06-01 09:00:00
ACC002987,CUST002845,BR008,SALARY SAVINGS,ACTIVE,2.75,2025-03-30,,2026-06-01 09:00:00
ACC002988,CUST000505,BR002,SENIOR CITIZEN SAVINGS,ACTIVE,4.0,2025-12-30,,2026-06-01 09:00:00
ACC002989,CUST001231,BR007,SALARY SAVINGS,ACTIVE,3.0,2024-01-18,,2026-06-01 09:00:00
ACC002990,CUST000505,BR004,SENIOR CITIZEN SAVINGS,DORMANT,3.0,2025-06-15,,2026-06-01 09:00:00
ACC002991,CUST002488,BR008,SENIOR CITIZEN SAVINGS,ACTIVE,3.5,2026-03-14,,2026-06-01 09:00:00
ACC002992,CUST001885,BR007,SALARY SAVINGS,ACTIVE,2.75,2024-03-03,,2026-06-01 09:00:00
ACC002993,CUST000202,BR003,SENIOR CITIZEN SAVINGS,CLOSED,3.0,2025-07-02,2026-02-27,2026-06-01 09:00:00
ACC002994,CUST001959,BR008,REGULAR SAVINGS,ACTIVE,2.75,2025-05-29,,2026-06-01 09:00:00
ACC002995,CUST000025,BR002,SENIOR CITIZEN SAVINGS,ACTIVE,3.0,2025-03-01,,2026-06-01 09:00:00
ACC002996,CUST001475,BR007,REGULAR SAVINGS,ACTIVE,4.0,2023-10-19,,2026-06-01 09:00:00
ACC002997,CUST000589,BR008,REGULAR SAVINGS,ACTIVE,3.0,2026-02-27,,2026-06-01 09:00:00
ACC002998,CUST000862,BR007,REGULAR SAVINGS,ACTIVE,3.5,2024-10-15,,2026-06-01 09:00:00
ACC002999,CUST002297,BR003,REGULAR SAVINGS,ACTIVE,3.5,2024-06-19,,2026-06-01 09:00:00
ACC003000,CUST001618,BR008,SENIOR CITIZEN SAVINGS,ACTIVE,4.0,2025-12-13,,2026-06-01 09:00:00
ACC003001,CUST002674,BR003,SALARY SAVINGS,ACTIVE,3.5,2025-05-07,,2026-06-01 09:00:00
ACC003002,CUST000970,BR003,SALARY SAVINGS,ACTIVE,3.0,2024-05-03,,2026-06-01 09:00:00
ACC003003,CUST002670,BR003,SENIOR CITIZEN SAVINGS,ACTIVE,2.75,2024-08-22,,2026-06-01 09:00:00
ACC003004,CUST000747,BR001,REGULAR SAVINGS,ACTIVE,2.75,2024-09-12,,2026-06-01 09:00:00
ACC003005,CUST000268,BR007,REGULAR SAVINGS,ACTIVE,3.0,2025-11-22,,2026-06-01 09:00:00
ACC003006,CUST002115,BR005,SALARY SAVINGS,ACTIVE,3.5,2025-05-15,,2026-06-01 09:00:00
ACC003007,CUST002027,BR002,REGULAR SAVINGS,DORMANT,3.0,2025-01-29,,2026-06-01 09:00:00
ACC003008,CUST002756,BR008,REGULAR SAVINGS,ACTIVE,3.5,2024-05-11,,2026-06-01 09:00:00
ACC003009,CUST001345,BR005,SALARY SAVINGS,ACTIVE,3.5,2025-01-11,,2026-06-01 09:00:00
ACC003010,CUST000236,BR008,SENIOR CITIZEN SAVINGS,ACTIVE,3.5,2026-04-05,,2026-06-01 09:00:00
ACC003011,CUST002496,BR002,REGULAR SAVINGS,ACTIVE,3.0,2026-02-28,,2026-06-01 09:00:00
ACC003012,CUST000510,BR001,SALARY SAVINGS,ACTIVE,2.75,2025-08-13,,2026-06-01 09:00:00
ACC003013,CUST001165,BR004,REGULAR SAVINGS,ACTIVE,3.0,2025-05-18,,2026-06-01 09:00:00
ACC003014,CUST001772,BR003,SALARY SAVINGS,ACTIVE,3.0,2025-09-22,,2026-06-01 09:00:00
ACC003015,CUST001913,BR004,SALARY SAVINGS,DORMANT,3.0,2025-12-05,,2026-06-01 09:00:00
ACC003016,CUST002974,BR001,SALARY SAVINGS,ACTIVE,4.0,2026-02-05,,2026-06-01 09:00:00
ACC003017,CUST002991,BR008,SALARY SAVINGS,DORMANT,2.75,2025-12-09,,2026-06-01 09:00:00
ACC003018,CUST000015,BR004,SALARY SAVINGS,ACTIVE,3.5,2025-01-18,,2026-06-01 09:00:00
ACC003019,CUST000142,BR006,SENIOR CITIZEN SAVINGS,ACTIVE,3.5,2026-01-01,,2026-06-01 09:00:00
ACC003020,CUST001247,BR003,REGULAR SAVINGS,ACTIVE,3.5,2024-07-27,,2026-06-01 09:00:00
ACC003021,CUST002623,BR008,REGULAR SAVINGS,ACTIVE,3.5,2024-12-03,,2026-06-01 09:00:00
ACC003022,CUST002032,BR005,SALARY SAVINGS,ACTIVE,2.75,2026-03-02,,2026-06-01 09:00:00
ACC003023,CUST001939,BR006,SALARY SAVINGS,ACTIVE,3.0,2023-10-09,,2026-06-01 09:00:00
ACC003024,CUST000565,BR006,SALARY SAVINGS,ACTIVE,2.75,2024-10-07,,2026-06-01 09:00:00
ACC003025,CUST000655,BR001,SALARY SAVINGS,ACTIVE,2.75,2024-10-15,,2026-06-01 09:00:00
ACC003026,CUST000782,BR006,SALARY SAVINGS,DORMANT,4.0,2024-07-14,,2026-06-01 09:00:00
ACC003027,CUST001687,BR002,SALARY SAVINGS,ACTIVE,3.5,2024-05-20,,2026-06-01 09:00:00
ACC003028,CUST001291,BR008,REGULAR SAVINGS,ACTIVE,3.0,2025-03-23,,2026-06-01 09:00:00
ACC003029,CUST002405,BR008,SENIOR CITIZEN SAVINGS,ACTIVE,3.5,2024-08-26,,2026-06-01 09:00:00
ACC003030,CUST000317,BR005,SENIOR CITIZEN SAVINGS,ACTIVE,4.0,2024-04-06,,2026-06-01 09:00:00
ACC003031,CUST002541,BR006,SALARY SAVINGS,ACTIVE,3.5,2024-04-29,,2026-06-01 09:00:00
ACC003032,CUST002447,BR004,SALARY SAVINGS,ACTIVE,3.0,2024-11-03,,2026-06-01 09:00:00
ACC003033,CUST001215,BR004,REGULAR SAVINGS,ACTIVE,3.0,2026-01-18,,2026-06-01 09:00:00
ACC003034,CUST002419,BR005,REGULAR SAVINGS,ACTIVE,4.0,2025-12-13,,2026-06-01 09:00:00
ACC003035,CUST000643,BR002,SALARY SAVINGS,ACTIVE,2.75,2024-11-26,,2026-06-01 09:00:00
ACC003036,CUST002304,BR006,REGULAR SAVINGS,ACTIVE,3.0,2023-09-13,,2026-06-01 09:00:00
ACC003037,CUST002867,BR002,SALARY SAVINGS,ACTIVE,3.0,2026-01-03,,2026-06-01 09:00:00
ACC003038,CUST002864,BR003,SENIOR CITIZEN SAVINGS,DORMANT,3.0,2023-10-12,,2026-06-01 09:00:00
ACC003039,CUST002176,BR005,SENIOR CITIZEN SAVINGS,ACTIVE,4.0,2025-07-01,,2026-06-01 09:00:00
ACC003040,CUST000662,BR006,SENIOR CITIZEN SAVINGS,ACTIVE,4.0,2023-10-11,,2026-06-01 09:00:00
ACC003041,CUST002065,BR008,SENIOR CITIZEN SAVINGS,ACTIVE,2.75,2024-09-06,,2026-06-01 09:00:00
ACC003042,CUST002156,BR003,SENIOR CITIZEN SAVINGS,ACTIVE,3.0,2024-09-10,,2026-06-01 09:00:00
ACC003043,CUST002634,BR008,SENIOR CITIZEN SAVINGS,ACTIVE,2.75,2025-12-18,,2026-06-01 09:00:00
ACC003044,CUST001189,BR002,SALARY SAVINGS,ACTIVE,4.0,2024-11-13,,2026-06-01 09:00:00
ACC003045,CUST002858,BR002,SALARY SAVINGS,ACTIVE,3.0,2024-03-12,,2026-06-01 09:00:00
ACC003046,CUST002358,BR006,SENIOR CITIZEN SAVINGS,ACTIVE,4.0,2024-02-29,,2026-06-01 09:00:00
ACC003047,CUST002356,BR005,SENIOR CITIZEN SAVINGS,ACTIVE,4.0,2025-11-18,,2026-06-01 09:00:00
ACC003048,CUST001330,BR007,SENIOR CITIZEN SAVINGS,ACTIVE,4.0,2024-10-20,,2026-06-01 09:00:00
ACC003049,CUST001585,BR004,SENIOR CITIZEN SAVINGS,CLOSED,3.0,2025-10-27,2026-03-21,2026-06-01 09:00:00
ACC003050,CUST001822,BR003,REGULAR SAVINGS,ACTIVE,3.0,2023-11-01,,2026-06-01 09:00:00
ACC003051,CUST000208,BR001,SALARY SAVINGS,ACTIVE,3.0,2025-09-01,,2026-06-01 09:00:00
ACC003052,CUST001642,BR003,SALARY SAVINGS,ACTIVE,2.75,2024-01-07,,2026-06-01 09:00:00
ACC003053,CUST001460,BR006,SALARY SAVINGS,ACTIVE,4.0,2025-02-02,,2026-06-01 09:00:00
ACC003054,CUST001138,BR006,SENIOR CITIZEN SAVINGS,ACTIVE,4.0,2025-11-02,,2026-06-01 09:00:00
ACC003055,CUST001633,BR006,SALARY SAVINGS,ACTIVE,3.5,2024-05-24,,2026-06-01 09:00:00
ACC003056,CUST002022,BR006,REGULAR SAVINGS,CLOSED,2.75,2023-12-10,2024-04-12,2026-06-01 09:00:00
ACC003057,CUST001044,BR008,REGULAR SAVINGS,ACTIVE,4.0,2024-04-14,,2026-06-01 09:00:00
ACC003058,CUST000215,BR007,SALARY SAVINGS,ACTIVE,4.0,2024-04-14,,2026-06-01 09:00:00
ACC003059,CUST002175,BR003,SALARY SAVINGS,ACTIVE,3.5,2023-09-07,,2026-06-01 09:00:00
ACC003060,CUST000293,BR007,SALARY SAVINGS,ACTIVE,4.0,2024-02-10,,2026-06-01 09:00:00
ACC003061,CUST000437,BR003,SALARY SAVINGS,DORMANT,3.0,2025-03-12,,2026-06-01 09:00:00
ACC003062,CUST001066,BR002,REGULAR SAVINGS,DORMANT,4.0,2024-11-09,,2026-06-01 09:00:00
ACC003063,CUST000589,BR004,SENIOR CITIZEN SAVINGS,ACTIVE,3.0,2023-09-12,,2026-06-01 09:00:00
ACC003064,CUST001745,BR001,SALARY SAVINGS,ACTIVE,3.0,2025-03-17,,2026-06-01 09:00:00
ACC003065,CUST000172,BR002,REGULAR SAVINGS,ACTIVE,4.0,2025-01-15,,2026-06-01 09:00:00
ACC003066,CUST001673,BR004,SALARY SAVINGS,DORMANT,2.75,2024-07-11,,2026-06-01 09:00:00
ACC003067,CUST001097,BR003,SALARY SAVINGS,ACTIVE,3.0,2025-12-23,,2026-06-01 09:00:00
ACC003068,CUST000249,BR003,SALARY SAVINGS,ACTIVE,2.75,2025-12-15,,2026-06-01 09:00:00
ACC003069,CUST002996,BR001,SENIOR CITIZEN SAVINGS,ACTIVE,3.0,2025-02-19,,2026-06-01 09:00:00
ACC003070,CUST001139,BR002,SENIOR CITIZEN SAVINGS,ACTIVE,3.0,2025-01-05,,2026-06-01 09:00:00
ACC003071,CUST000050,BR007,SALARY SAVINGS,ACTIVE,2.75,2026-04-17,,2026-06-01 09:00:00
ACC003072,CUST002443,BR008,SALARY SAVINGS,ACTIVE,4.0,2025-04-25,,2026-06-01 09:00:00
ACC003073,CUST001379,BR003,SALARY SAVINGS,ACTIVE,3.5,2024-05-25,,2026-06-01 09:00:00
ACC003074,CUST001595,BR005,REGULAR SAVINGS,ACTIVE,2.75,2025-12-01,,2026-06-01 09:00:00
ACC003075,CUST001901,BR004,SALARY SAVINGS,ACTIVE,3.5,2024-10-17,,2026-06-01 09:00:00
ACC003076,CUST002832,BR008,REGULAR SAVINGS,CLOSED,3.5,2024-04-25,2024-12-09,2026-06-01 09:00:00
ACC003077,CUST002348,BR006,REGULAR SAVINGS,ACTIVE,4.0,2025-01-19,,2026-06-01 09:00:00
ACC003078,CUST002348,BR005,SENIOR CITIZEN SAVINGS,DORMANT,2.75,2024-09-05,,2026-06-01 09:00:00
ACC003079,CUST002573,BR001,SALARY SAVINGS,ACTIVE,3.0,2024-04-13,,2026-06-01 09:00:00
ACC003080,CUST000005,BR003,SENIOR CITIZEN SAVINGS,ACTIVE,3.5,2024-12-19,,2026-06-01 09:00:00
ACC003081,CUST000182,BR004,SENIOR CITIZEN SAVINGS,ACTIVE,2.75,2025-11-05,,2026-06-01 09:00:00
ACC003082,CUST002460,BR003,SENIOR CITIZEN SAVINGS,ACTIVE,3.5,2024-11-02,,2026-06-01 09:00:00
ACC003083,CUST000072,BR008,REGULAR SAVINGS,ACTIVE,3.0,2026-04-17,,2026-06-01 09:00:00
ACC003084,CUST000168,BR004,SALARY SAVINGS,ACTIVE,2.75,2026-05-18,,2026-06-01 09:00:00
ACC003085,CUST002724,BR008,SALARY SAVINGS,ACTIVE,4.0,2026-03-01,,2026-06-01 09:00:00
ACC003086,CUST001886,BR006,REGULAR SAVINGS,CLOSED,3.5,2024-08-06,2025-08-05,2026-06-01 09:00:00
ACC003087,CUST002689,BR005,SALARY SAVINGS,ACTIVE,2.75,2024-07-25,,2026-06-01 09:00:00
ACC003088,CUST001095,BR003,SENIOR CITIZEN SAVINGS,ACTIVE,3.0,2025-04-28,,2026-06-01 09:00:00
ACC003089,CUST002966,BR003,SENIOR CITIZEN SAVINGS,ACTIVE,3.5,2024-09-15,,2026-06-01 09:00:00
ACC003090,CUST001624,BR005,REGULAR SAVINGS,ACTIVE,2.75,2024-08-21,,2026-06-01 09:00:00
ACC003091,CUST001003,BR004,SALARY SAVINGS,CLOSED,3.0,2025-02-18,2025-11-23,2026-06-01 09:00:00
ACC003092,CUST000128,BR006,SALARY SAVINGS,ACTIVE,4.0,2025-10-19,,2026-06-01 09:00:00
ACC003093,CUST000679,BR008,SALARY SAVINGS,ACTIVE,4.0,2026-06-06,,2026-06-01 09:00:00
ACC003094,CUST002115,BR004,SALARY SAVINGS,ACTIVE,2.75,2026-02-28,,2026-06-01 09:00:00
ACC003095,CUST000789,BR001,SENIOR CITIZEN SAVINGS,ACTIVE,4.0,2025-08-21,,2026-06-01 09:00:00
ACC003096,CUST000876,BR002,SENIOR CITIZEN SAVINGS,ACTIVE,3.5,2025-04-12,,2026-06-01 09:00:00
ACC003097,CUST000370,BR008,REGULAR SAVINGS,ACTIVE,3.0,2025-12-07,,2026-06-01 09:00:00
ACC003098,CUST001563,BR006,SALARY SAVINGS,ACTIVE,3.5,2026-04-25,,2026-06-01 09:00:00
ACC003099,CUST002552,BR001,REGULAR SAVINGS,DORMANT,4.0,2024-09-29,,2026-06-01 09:00:00
ACC003100,CUST000547,BR008,SALARY SAVINGS,ACTIVE,3.0,2024-11-05,,2026-06-01 09:00:00
ACC003101,CUST000488,BR008,REGULAR SAVINGS,CLOSED,2.75,2025-01-17,2026-05-28,2026-06-01 09:00:00
ACC003102,CUST000934,BR008,SALARY SAVINGS,ACTIVE,2.75,2024-07-16,,2026-06-01 09:00:00
ACC003103,CUST001296,BR005,SENIOR CITIZEN SAVINGS,ACTIVE,4.0,2025-07-14,,2026-06-01 09:00:00
ACC003104,CUST001150,BR008,SENIOR CITIZEN SAVINGS,ACTIVE,4.0,2024-03-12,,2026-06-01 09:00:00
ACC003105,CUST001063,BR002,SALARY SAVINGS,ACTIVE,4.0,2023-09-07,,2026-06-01 09:00:00
ACC003106,CUST001286,BR004,SENIOR CITIZEN SAVINGS,CLOSED,2.75,2025-10-02,2026-07-14,2026-06-01 09:00:00
ACC003107,CUST002216,BR001,SALARY SAVINGS,ACTIVE,4.0,2024-08-31,,2026-06-01 09:00:00
ACC003108,CUST002107,BR002,SALARY SAVINGS,ACTIVE,3.5,2024-01-09,,2026-06-01 09:00:00
ACC003109,CUST002024,BR001,SENIOR CITIZEN SAVINGS,ACTIVE,3.5,2025-11-21,,2026-06-01 09:00:00
ACC003110,CUST002918,BR007,SENIOR CITIZEN SAVINGS,ACTIVE,3.0,2026-03-31,,2026-06-01 09:00:00
ACC003111,CUST000861,BR005,SENIOR CITIZEN SAVINGS,ACTIVE,4.0,2024-12-06,,2026-06-01 09:00:00
ACC003112,CUST000094,BR003,SALARY SAVINGS,ACTIVE,2.75,2025-06-20,,2026-06-01 09:00:00
ACC003113,CUST000325,BR003,SENIOR CITIZEN SAVINGS,ACTIVE,3.0,2024-09-18,,2026-06-01 09:00:00
ACC003114,CUST000446,BR003,SENIOR CITIZEN SAVINGS,DORMANT,2.75,2026-01-11,,2026-06-01 09:00:00
ACC003115,CUST002469,BR001,SENIOR CITIZEN SAVINGS,ACTIVE,3.5,2023-10-08,,2026-06-01 09:00:00
ACC003116,CUST002240,BR002,SENIOR CITIZEN SAVINGS,DORMANT,3.0,2023-09-23,,2026-06-01 09:00:00
ACC003117,CUST002212,BR007,REGULAR SAVINGS,ACTIVE,2.75,2025-11-27,,2026-06-01 09:00:00
ACC003118,CUST000109,BR008,SALARY SAVINGS,DORMANT,2.75,2026-03-06,,2026-06-01 09:00:00
ACC003119,CUST002930,BR001,SENIOR CITIZEN SAVINGS,ACTIVE,2.75,2025-12-06,,2026-06-01 09:00:00
ACC003120,CUST000541,BR004,SENIOR CITIZEN SAVINGS,ACTIVE,4.0,2024-02-11,,2026-06-01 09:00:00
ACC003121,CUST002273,BR003,REGULAR SAVINGS,ACTIVE,4.0,2024-03-21,,2026-06-01 09:00:00
ACC003122,CUST000918,BR005,SENIOR CITIZEN SAVINGS,ACTIVE,4.0,2025-10-04,,2026-06-01 09:00:00
ACC003123,CUST001861,BR001,REGULAR SAVINGS,ACTIVE,3.0,2023-11-25,,2026-06-01 09:00:00
ACC003124,CUST001724,BR008,SENIOR CITIZEN SAVINGS,ACTIVE,3.5,2024-12-12,,2026-06-01 09:00:00
ACC003125,CUST001695,BR004,SENIOR CITIZEN SAVINGS,ACTIVE,3.0,2025-10-19,,2026-06-01 09:00:00
ACC003126,CUST001828,BR001,SENIOR CITIZEN SAVINGS,ACTIVE,4.0,2025-10-08,,2026-06-01 09:00:00
ACC003127,CUST000416,BR003,SALARY SAVINGS,ACTIVE,3.0,2026-06-06,,2026-06-01 09:00:00
ACC003128,CUST001394,BR001,REGULAR SAVINGS,ACTIVE,3.5,2026-05-27,,2026-06-01 09:00:00
ACC003129,CUST001465,BR003,SENIOR CITIZEN SAVINGS,ACTIVE,2.75,2026-05-18,,2026-06-01 09:00:00
ACC003130,CUST002472,BR004,SALARY SAVINGS,ACTIVE,3.5,2024-07-07,,2026-06-01 09:00:00
ACC003131,CUST001079,BR001,SENIOR CITIZEN SAVINGS,ACTIVE,3.5,2024-08-05,,2026-06-01 09:00:00
ACC003132,CUST002202,BR004,SALARY SAVINGS,CLOSED,2.75,2025-05-20,2025-07-22,2026-06-01 09:00:00
ACC003133,CUST000262,BR005,SENIOR CITIZEN SAVINGS,CLOSED,4.0,2024-09-09,2024-12-10,2026-06-01 09:00:00
ACC003134,CUST002874,BR002,SENIOR CITIZEN SAVINGS,DORMANT,3.0,2024-05-18,,2026-06-01 09:00:00
ACC003135,CUST001322,BR001,SALARY SAVINGS,ACTIVE,3.0,2025-05-31,,2026-06-01 09:00:00
ACC003136,CUST000467,BR006,SENIOR CITIZEN SAVINGS,ACTIVE,4.0,2024-02-22,,2026-06-01 09:00:00
ACC003137,CUST002465,BR002,SALARY SAVINGS,ACTIVE,2.75,2025-08-03,,2026-06-01 09:00:00
ACC003138,CUST001845,BR008,REGULAR SAVINGS,DORMANT,2.75,2023-12-21,,2026-06-01 09:00:00
ACC003139,CUST000951,BR005,SENIOR CITIZEN SAVINGS,ACTIVE,3.5,2025-05-13,,2026-06-01 09:00:00
ACC003140,CUST001196,BR005,SENIOR CITIZEN SAVINGS,CLOSED,4.0,2026-06-01,2026-07-02,2026-06-01 09:00:00
ACC003141,CUST001202,BR001,SALARY SAVINGS,ACTIVE,3.0,2024-03-23,,2026-06-01 09:00:00
ACC003142,CUST002973,BR007,REGULAR SAVINGS,ACTIVE,3.5,2025-12-12,,2026-06-01 09:00:00
ACC003143,CUST001770,BR004,SALARY SAVINGS,ACTIVE,3.0,2025-05-27,,2026-06-01 09:00:00
ACC003144,CUST000896,BR008,SALARY SAVINGS,DORMANT,3.0,2026-02-10,,2026-06-01 09:00:00
ACC003145,CUST002386,BR008,REGULAR SAVINGS,ACTIVE,3.5,2024-12-05,,2026-06-01 09:00:00
ACC003146,CUST002464,BR003,SENIOR CITIZEN SAVINGS,ACTIVE,4.0,2025-04-08,,2026-06-01 09:00:00
ACC003147,CUST001612,BR004,REGULAR SAVINGS,ACTIVE,2.75,2024-05-11,,2026-06-01 09:00:00
ACC003148,CUST001358,BR006,REGULAR SAVINGS,ACTIVE,3.5,2024-12-02,,2026-06-01 09:00:00
ACC003149,CUST000929,BR003,SENIOR CITIZEN SAVINGS,ACTIVE,3.5,2026-06-16,,2026-06-01 09:00:00
ACC003150,CUST001528,BR002,SALARY SAVINGS,ACTIVE,3.5,2024-06-11,,2026-06-01 09:00:00
ACC003151,CUST002202,BR004,REGULAR SAVINGS,ACTIVE,4.0,2025-04-25,,2026-06-01 09:00:00
ACC003152,CUST001912,BR004,SALARY SAVINGS,ACTIVE,3.5,2025-07-09,,2026-06-01 09:00:00
ACC003153,CUST001929,BR005,REGULAR SAVINGS,ACTIVE,4.0,2026-04-03,,2026-06-01 09:00:00
ACC003154,CUST001415,BR006,SENIOR CITIZEN SAVINGS,ACTIVE,3.5,2026-02-26,,2026-06-01 09:00:00
ACC003155,CUST001995,BR005,SALARY SAVINGS,ACTIVE,2.75,2026-02-07,,2026-06-01 09:00:00
ACC003156,CUST000013,BR006,REGULAR SAVINGS,DORMANT,2.75,2023-09-27,,2026-06-01 09:00:00
ACC003157,CUST000316,BR002,REGULAR SAVINGS,ACTIVE,4.0,2023-12-03,,2026-06-01 09:00:00
ACC003158,CUST002645,BR005,SALARY SAVINGS,ACTIVE,2.75,2025-10-13,,2026-06-01 09:00:00
ACC003159,CUST001121,BR008,REGULAR SAVINGS,ACTIVE,4.0,2024-12-30,,2026-06-01 09:00:00
ACC003160,CUST002889,BR005,SALARY SAVINGS,ACTIVE,3.0,2024-04-19,,2026-06-01 09:00:00
ACC003161,CUST001179,BR001,SENIOR CITIZEN SAVINGS,ACTIVE,3.0,2025-04-09,,2026-06-01 09:00:00
ACC003162,CUST000514,BR007,REGULAR SAVINGS,ACTIVE,3.5,2025-07-04,,2026-06-01 09:00:00
ACC003163,CUST000825,BR001,SENIOR CITIZEN SAVINGS,ACTIVE,3.0,2026-04-12,,2026-06-01 09:00:00
ACC003164,CUST001425,BR001,REGULAR SAVINGS,ACTIVE,4.0,2024-02-16,,2026-06-01 09:00:00
ACC003165,CUST000478,BR004,SALARY SAVINGS,ACTIVE,4.0,2025-05-09,,2026-06-01 09:00:00
ACC003166,CUST000505,BR007,REGULAR SAVINGS,ACTIVE,4.0,2023-12-02,,2026-06-01 09:00:00
ACC003167,CUST000007,BR003,REGULAR SAVINGS,ACTIVE,3.5,2024-11-05,,2026-06-01 09:00:00
ACC003168,CUST001139,BR003,REGULAR SAVINGS,ACTIVE,2.75,2025-10-12,,2026-06-01 09:00:00
ACC003169,CUST000548,BR004,SENIOR CITIZEN SAVINGS,ACTIVE,3.5,2025-08-26,,2026-06-01 09:00:00
ACC003170,CUST000163,BR002,SALARY SAVINGS,ACTIVE,3.0,2026-05-24,,2026-06-01 09:00:00
ACC003171,CUST002269,BR004,SENIOR CITIZEN SAVINGS,ACTIVE,4.0,2023-11-12,,2026-06-01 09:00:00
ACC003172,CUST000067,BR002,SENIOR CITIZEN SAVINGS,DORMANT,4.0,2023-09-18,,2026-06-01 09:00:00
ACC003173,CUST000296,BR006,SALARY SAVINGS,ACTIVE,3.0,2024-10-02,,2026-06-01 09:00:00
ACC003174,CUST001654,BR002,SENIOR CITIZEN SAVINGS,ACTIVE,3.5,2026-01-07,,2026-06-01 09:00:00
ACC003175,CUST000673,BR004,SALARY SAVINGS,ACTIVE,3.0,2025-10-13,,2026-06-01 09:00:00
ACC003176,CUST000257,BR008,SALARY SAVINGS,DORMANT,3.5,2024-05-31,,2026-06-01 09:00:00
ACC003177,CUST001779,BR005,SALARY SAVINGS,DORMANT,3.0,2025-05-03,,2026-06-01 09:00:00
ACC003178,CUST000216,BR002,REGULAR SAVINGS,ACTIVE,4.0,2026-03-29,,2026-06-01 09:00:00
ACC003179,CUST001555,BR004,SALARY SAVINGS,ACTIVE,2.75,2025-08-23,,2026-06-01 09:00:00
ACC003180,CUST002634,BR007,REGULAR SAVINGS,ACTIVE,3.5,2023-10-15,,2026-06-01 09:00:00
ACC003181,CUST002619,BR003,SALARY SAVINGS,ACTIVE,4.0,2025-03-17,,2026-06-01 09:00:00
ACC003182,CUST001077,BR002,REGULAR SAVINGS,ACTIVE,3.5,2025-04-20,,2026-06-01 09:00:00
ACC003183,CUST000887,BR006,SENIOR CITIZEN SAVINGS,CLOSED,2.75,2026-03-03,2026-08-12,2026-06-01 09:00:00
ACC003184,CUST001371,BR006,REGULAR SAVINGS,ACTIVE,2.75,2025-03-04,,2026-06-01 09:00:00
ACC003185,CUST001111,BR005,SALARY SAVINGS,DORMANT,3.5,2025-08-26,,2026-06-01 09:00:00
ACC003186,CUST001971,BR003,SENIOR CITIZEN SAVINGS,ACTIVE,3.0,2025-02-12,,2026-06-01 09:00:00
ACC003187,CUST000937,BR001,REGULAR SAVINGS,ACTIVE,3.5,2025-11-23,,2026-06-01 09:00:00
ACC003188,CUST000957,BR002,SALARY SAVINGS,DORMANT,3.5,2025-07-15,,2026-06-01 09:00:00
ACC003189,CUST001549,BR002,SALARY SAVINGS,ACTIVE,3.5,2024-12-19,,2026-06-01 09:00:00
ACC003190,CUST002377,BR004,REGULAR SAVINGS,ACTIVE,3.0,2025-02-01,,2026-06-01 09:00:00
ACC003191,CUST001068,BR008,SALARY SAVINGS,ACTIVE,4.0,2026-03-07,,2026-06-01 09:00:00
ACC003192,CUST000876,BR002,REGULAR SAVINGS,DORMANT,3.0,2025-04-06,,2026-06-01 09:00:00
ACC003193,CUST001186,BR001,SALARY SAVINGS,ACTIVE,3.5,2025-06-09,,2026-06-01 09:00:00
ACC003194,CUST002030,BR007,REGULAR SAVINGS,ACTIVE,4.0,2023-09-19,,2026-06-01 09:00:00
ACC003195,CUST000213,BR006,SENIOR CITIZEN SAVINGS,ACTIVE,2.75,2023-09-14,,2026-06-01 09:00:00
ACC003196,CUST002854,BR008,REGULAR SAVINGS,ACTIVE,3.0,2024-08-10,,2026-06-01 09:00:00
ACC003197,CUST002386,BR002,REGULAR SAVINGS,ACTIVE,3.5,2024-02-12,,2026-06-01 09:00:00
ACC003198,CUST001025,BR004,SALARY SAVINGS,ACTIVE,4.0,2026-01-14,,2026-06-01 09:00:00
ACC003199,CUST000700,BR002,SENIOR CITIZEN SAVINGS,ACTIVE,2.75,2024-11-18,,2026-06-01 09:00:00
ACC003200,CUST000318,BR008,SENIOR CITIZEN SAVINGS,ACTIVE,2.75,2025-05-18,,2026-06-01 09:00:00
ACC003201,CUST001661,BR006,SALARY SAVINGS,ACTIVE,4.0,2025-04-25,,2026-06-01 09:00:00
ACC003202,CUST001861,BR001,SENIOR CITIZEN SAVINGS,ACTIVE,4.0,2026-03-30,,2026-06-01 09:00:00
ACC003203,CUST000010,BR003,SENIOR CITIZEN SAVINGS,ACTIVE,4.0,2025-09-20,,2026-06-01 09:00:00
ACC003204,CUST000811,BR004,SALARY SAVINGS,ACTIVE,2.75,2025-09-21,,2026-06-01 09:00:00
ACC003205,CUST000735,BR004,REGULAR SAVINGS,ACTIVE,2.75,2024-12-06,,2026-06-01 09:00:00
ACC003206,CUST000757,BR004,SENIOR CITIZEN SAVINGS,ACTIVE,2.75,2024-09-24,,2026-06-01 09:00:00
ACC003207,CUST001769,BR006,REGULAR SAVINGS,DORMANT,3.5,2024-04-30,,2026-06-01 09:00:00
ACC003208,CUST002766,BR006,SENIOR CITIZEN SAVINGS,ACTIVE,3.0,2026-04-14,,2026-06-01 09:00:00
ACC003209,CUST000392,BR002,REGULAR SAVINGS,ACTIVE,3.5,2023-09-27,,2026-06-01 09:00:00
ACC003210,CUST001654,BR007,SALARY SAVINGS,ACTIVE,4.0,2025-01-21,,2026-06-01 09:00:00
ACC003211,CUST000309,BR005,SENIOR CITIZEN SAVINGS,ACTIVE,3.5,2026-05-15,,2026-06-01 09:00:00
ACC003212,CUST000581,BR001,SALARY SAVINGS,CLOSED,2.75,2026-01-13,2026-02-03,2026-06-01 09:00:00
ACC003213,CUST001739,BR004,SENIOR CITIZEN SAVINGS,ACTIVE,3.0,2025-08-19,,2026-06-01 09:00:00
ACC003214,CUST000577,BR003,SALARY SAVINGS,DORMANT,3.0,2024-03-14,,2026-06-01 09:00:00
ACC003215,CUST000154,BR001,SENIOR CITIZEN SAVINGS,ACTIVE,3.5,2024-08-17,,2026-06-01 09:00:00
ACC003216,CUST000535,BR003,SALARY SAVINGS,ACTIVE,3.0,2026-01-29,,2026-06-01 09:00:00
ACC003217,CUST000573,BR001,SENIOR CITIZEN SAVINGS,CLOSED,2.75,2026-01-08,2026-05-02,2026-06-01 09:00:00
ACC003218,CUST002515,BR001,REGULAR SAVINGS,ACTIVE,2.75,2024-09-02,,2026-06-01 09:00:00
ACC003219,CUST001049,BR005,REGULAR SAVINGS,ACTIVE,3.0,2023-12-21,,2026-06-01 09:00:00
ACC003220,CUST000789,BR004,SENIOR CITIZEN SAVINGS,ACTIVE,3.0,2024-11-19,,2026-06-01 09:00:00
ACC003221,CUST001552,BR002,SENIOR CITIZEN SAVINGS,ACTIVE,3.0,2025-08-17,,2026-06-01 09:00:00
ACC003222,CUST002449,BR005,SALARY SAVINGS,ACTIVE,3.5,2023-08-21,,2026-06-01 09:00:00
ACC003223,CUST002783,BR005,SALARY SAVINGS,ACTIVE,3.5,2026-02-27,,2026-06-01 09:00:00
ACC003224,CUST000761,BR007,SALARY SAVINGS,ACTIVE,3.5,2025-08-16,,2026-06-01 09:00:00
ACC003225,CUST002497,BR008,REGULAR SAVINGS,ACTIVE,4.0,2025-07-13,,2026-06-01 09:00:00
ACC003226,CUST001081,BR007,REGULAR SAVINGS,ACTIVE,4.0,2025-08-11,,2026-06-01 09:00:00
ACC003227,CUST000224,BR006,SALARY SAVINGS,ACTIVE,3.0,2024-03-16,,2026-06-01 09:00:00
ACC003228,CUST002608,BR008,SENIOR CITIZEN SAVINGS,ACTIVE,3.0,2025-10-12,,2026-06-01 09:00:00
ACC003229,CUST002254,BR006,REGULAR SAVINGS,ACTIVE,3.0,2025-07-21,,2026-06-01 09:00:00
ACC003230,CUST001460,BR007,REGULAR SAVINGS,ACTIVE,2.75,2024-11-23,,2026-06-01 09:00:00
ACC003231,CUST001572,BR007,SENIOR CITIZEN SAVINGS,ACTIVE,3.5,2025-07-15,,2026-06-01 09:00:00
ACC003232,CUST000272,BR005,SALARY SAVINGS,ACTIVE,4.0,2025-03-06,,2026-06-01 09:00:00
ACC003233,CUST000646,BR006,SENIOR CITIZEN SAVINGS,DORMANT,3.0,2026-01-24,,2026-06-01 09:00:00
ACC003234,CUST000249,BR007,SALARY SAVINGS,ACTIVE,4.0,2025-09-18,,2026-06-01 09:00:00
ACC003235,CUST001937,BR006,SENIOR CITIZEN SAVINGS,ACTIVE,3.0,2023-12-10,,2026-06-01 09:00:00
ACC003236,CUST002859,BR006,SALARY SAVINGS,ACTIVE,3.0,2026-06-16,,2026-06-01 09:00:00
ACC003237,CUST001110,BR007,SENIOR CITIZEN SAVINGS,ACTIVE,4.0,2024-09-22,,2026-06-01 09:00:00
ACC003238,CUST000956,BR006,SENIOR CITIZEN SAVINGS,ACTIVE,3.0,2025-04-24,,2026-06-01 09:00:00
ACC003239,CUST002824,BR007,SENIOR CITIZEN SAVINGS,ACTIVE,3.0,2025-07-25,,2026-06-01 09:00:00
ACC003240,CUST002259,BR006,REGULAR SAVINGS,ACTIVE,3.0,2025-07-28,,2026-06-01 09:00:00
ACC003241,CUST002897,BR007,REGULAR SAVINGS,DORMANT,4.0,2023-09-10,,2026-06-01 09:00:00
ACC003242,CUST001220,BR002,REGULAR SAVINGS,ACTIVE,3.5,2024-11-10,,2026-06-01 09:00:00
ACC003243,CUST002626,BR008,SENIOR CITIZEN SAVINGS,CLOSED,4.0,2024-06-22,2025-05-08,2026-06-01 09:00:00
ACC003244,CUST002562,BR004,SENIOR CITIZEN SAVINGS,ACTIVE,3.5,2024-08-05,,2026-06-01 09:00:00
ACC003245,CUST001174,BR007,SALARY SAVINGS,ACTIVE,3.5,2025-09-14,,2026-06-01 09:00:00
ACC003246,CUST001010,BR001,SALARY SAVINGS,ACTIVE,4.0,2025-04-04,,2026-06-01 09:00:00
ACC003247,CUST002994,BR003,SENIOR CITIZEN SAVINGS,ACTIVE,3.5,2024-11-27,,2026-06-01 09:00:00
ACC003248,CUST002617,BR004,SALARY SAVINGS,ACTIVE,2.75,2025-10-05,,2026-06-01 09:00:00
ACC003249,CUST000920,BR002,SENIOR CITIZEN SAVINGS,ACTIVE,2.75,2024-05-02,,2026-06-01 09:00:00
ACC003250,CUST002687,BR004,REGULAR SAVINGS,ACTIVE,4.0,2024-07-01,,2026-06-01 09:00:00
ACC003251,CUST000095,BR008,SALARY SAVINGS,ACTIVE,3.0,2024-09-22,,2026-06-01 09:00:00
ACC003252,CUST000242,BR008,REGULAR SAVINGS,ACTIVE,3.0,2025-06-22,,2026-06-01 09:00:00
ACC003253,CUST000391,BR005,SENIOR CITIZEN SAVINGS,ACTIVE,4.0,2025-08-05,,2026-06-01 09:00:00
ACC003254,CUST002915,BR001,SALARY SAVINGS,ACTIVE,3.0,2025-01-30,,2026-06-01 09:00:00
ACC003255,CUST002351,BR004,REGULAR SAVINGS,ACTIVE,2.75,2023-11-28,,2026-06-01 09:00:00
ACC003256,CUST001170,BR007,SALARY SAVINGS,ACTIVE,3.0,2025-01-09,,2026-06-01 09:00:00
ACC003257,CUST001811,BR007,SALARY SAVINGS,ACTIVE,3.0,2023-11-14,,2026-06-01 09:00:00
ACC003258,CUST000591,BR003,SALARY SAVINGS,ACTIVE,4.0,2026-01-23,,2026-06-01 09:00:00
ACC003259,CUST001411,BR007,REGULAR SAVINGS,DORMANT,3.0,2025-06-17,,2026-06-01 09:00:00
ACC003260,CUST002449,BR002,SENIOR CITIZEN SAVINGS,ACTIVE,4.0,2023-10-20,,2026-06-01 09:00:00
ACC003261,CUST002412,BR005,SENIOR CITIZEN SAVINGS,ACTIVE,2.75,2025-01-02,,2026-06-01 09:00:00
ACC003262,CUST001075,BR002,SALARY SAVINGS,ACTIVE,2.75,2024-11-10,,2026-06-01 09:00:00
ACC003263,CUST002878,BR007,REGULAR SAVINGS,ACTIVE,3.5,2023-12-10,,2026-06-01 09:00:00
ACC003264,CUST002542,BR007,REGULAR SAVINGS,CLOSED,4.0,2023-12-25,2025-08-11,2026-06-01 09:00:00
ACC003265,CUST001687,BR004,SENIOR CITIZEN SAVINGS,ACTIVE,3.0,2024-06-19,,2026-06-01 09:00:00
ACC003266,CUST000455,BR001,REGULAR SAVINGS,CLOSED,2.75,2024-05-24,2024-07-26,2026-06-01 09:00:00
ACC003267,CUST000696,BR006,SENIOR CITIZEN SAVINGS,ACTIVE,2.75,2025-03-24,,2026-06-01 09:00:00
ACC003268,CUST001012,BR005,REGULAR SAVINGS,ACTIVE,2.75,2024-03-12,,2026-06-01 09:00:00
ACC003269,CUST000798,BR004,SALARY SAVINGS,ACTIVE,3.0,2025-02-18,,2026-06-01 09:00:00
ACC003270,CUST000883,BR008,SENIOR CITIZEN SAVINGS,ACTIVE,4.0,2025-02-03,,2026-06-01 09:00:00
ACC003271,CUST000841,BR005,SENIOR CITIZEN SAVINGS,ACTIVE,2.75,2025-02-22,,2026-06-01 09:00:00
ACC003272,CUST002235,BR005,REGULAR SAVINGS,ACTIVE,2.75,2026-05-13,,2026-06-01 09:00:00
ACC003273,CUST001779,BR008,SALARY SAVINGS,ACTIVE,3.0,2024-10-19,,2026-06-01 09:00:00
ACC003274,CUST002230,BR002,SALARY SAVINGS,ACTIVE,2.75,2024-05-01,,2026-06-01 09:00:00
ACC003275,CUST002369,BR002,SALARY SAVINGS,ACTIVE,2.75,2024-02-01,,2026-06-01 09:00:00
ACC003276,CUST002688,BR003,SENIOR CITIZEN SAVINGS,ACTIVE,2.75,2024-09-26,,2026-06-01 09:00:00
ACC003277,CUST001709,BR007,SENIOR CITIZEN SAVINGS,ACTIVE,2.75,2025-03-07,,2026-06-01 09:00:00
ACC003278,CUST000136,BR002,REGULAR SAVINGS,ACTIVE,2.75,2023-11-20,,2026-06-01 09:00:00
ACC003279,CUST000500,BR004,SENIOR CITIZEN SAVINGS,ACTIVE,3.5,2024-10-17,,2026-06-01 09:00:00
ACC003280,CUST001349,BR005,REGULAR SAVINGS,DORMANT,3.5,2024-08-16,,2026-06-01 09:00:00
ACC003281,CUST000859,BR006,REGULAR SAVINGS,ACTIVE,3.0,2024-08-16,,2026-06-01 09:00:00
ACC003282,CUST002849,BR008,SENIOR CITIZEN SAVINGS,ACTIVE,2.75,2026-02-03,,2026-06-01 09:00:00
ACC003283,CUST000409,BR004,SALARY SAVINGS,ACTIVE,4.0,2024-04-07,,2026-06-01 09:00:00
ACC003284,CUST001969,BR002,REGULAR SAVINGS,ACTIVE,2.75,2024-02-04,,2026-06-01 09:00:00
ACC003285,CUST000833,BR003,SALARY SAVINGS,ACTIVE,2.75,2025-06-04,,2026-06-01 09:00:00
ACC003286,CUST000067,BR003,SENIOR CITIZEN SAVINGS,DORMANT,3.5,2024-12-16,,2026-06-01 09:00:00
ACC003287,CUST000018,BR003,REGULAR SAVINGS,ACTIVE,2.75,2023-11-09,,2026-06-01 09:00:00
ACC003288,CUST000543,BR008,SALARY SAVINGS,ACTIVE,3.5,2025-12-30,,2026-06-01 09:00:00
ACC003289,CUST002856,BR002,SALARY SAVINGS,CLOSED,3.0,2023-12-29,2026-04-17,2026-06-01 09:00:00
ACC003290,CUST002090,BR006,SALARY SAVINGS,ACTIVE,4.0,2025-02-24,,2026-06-01 09:00:00
ACC003291,CUST000769,BR002,REGULAR SAVINGS,ACTIVE,3.0,2024-08-24,,2026-06-01 09:00:00
ACC003292,CUST000154,BR008,REGULAR SAVINGS,ACTIVE,3.5,2026-04-02,,2026-06-01 09:00:00
ACC003293,CUST002694,BR007,SALARY SAVINGS,ACTIVE,2.75,2024-06-02,,2026-06-01 09:00:00
ACC003294,CUST000694,BR004,SALARY SAVINGS,ACTIVE,3.0,2024-03-04,,2026-06-01 09:00:00
ACC003295,CUST000197,BR002,SALARY SAVINGS,ACTIVE,3.0,2024-10-12,,2026-06-01 09:00:00
ACC003296,CUST000893,BR006,SENIOR CITIZEN SAVINGS,ACTIVE,2.75,2023-11-24,,2026-06-01 09:00:00
ACC003297,CUST001775,BR003,SENIOR CITIZEN SAVINGS,ACTIVE,4.0,2026-04-16,,2026-06-01 09:00:00
ACC003298,CUST001038,BR006,SALARY SAVINGS,ACTIVE,3.5,2025-04-24,,2026-06-01 09:00:00
ACC003299,CUST000719,BR008,REGULAR SAVINGS,DORMANT,3.5,2026-05-21,,2026-06-01 09:00:00
ACC003300,CUST000570,BR006,REGULAR SAVINGS,ACTIVE,3.5,2025-08-24,,2026-06-01 09:00:00
ACC003301,CUST002899,BR008,SALARY SAVINGS,ACTIVE,3.5,2025-08-07,,2026-06-01 09:00:00
ACC003302,CUST001745,BR007,SENIOR CITIZEN SAVINGS,ACTIVE,3.5,2025-07-21,,2026-06-01 09:00:00
ACC003303,CUST000905,BR001,SENIOR CITIZEN SAVINGS,ACTIVE,2.75,2024-03-25,,2026-06-01 09:00:00
ACC003304,CUST002576,BR006,SENIOR CITIZEN SAVINGS,ACTIVE,4.0,2026-06-03,,2026-06-01 09:00:00
ACC003305,CUST001647,BR004,SENIOR CITIZEN SAVINGS,ACTIVE,3.5,2025-08-14,,2026-06-01 09:00:00
ACC003306,CUST001214,BR003,SENIOR CITIZEN SAVINGS,ACTIVE,3.0,2024-08-05,,2026-06-01 09:00:00
ACC003307,CUST000354,BR008,REGULAR SAVINGS,ACTIVE,3.0,2025-07-22,,2026-06-01 09:00:00
ACC003308,CUST002677,BR006,SALARY SAVINGS,ACTIVE,4.0,2025-11-24,,2026-06-01 09:00:00
ACC003309,CUST001568,BR001,REGULAR SAVINGS,ACTIVE,4.0,2024-08-03,,2026-06-01 09:00:00
ACC003310,CUST000340,BR005,REGULAR SAVINGS,ACTIVE,3.5,2025-02-05,,2026-06-01 09:00:00
ACC003311,CUST000021,BR007,SALARY SAVINGS,DORMANT,4.0,2026-06-16,,2026-06-01 09:00:00
ACC003312,CUST000166,BR008,REGULAR SAVINGS,DORMANT,2.75,2024-03-06,,2026-06-01 09:00:00
ACC003313,CUST002614,BR007,REGULAR SAVINGS,ACTIVE,4.0,2023-08-23,,2026-06-01 09:00:00
ACC003314,CUST002754,BR005,SENIOR CITIZEN SAVINGS,ACTIVE,2.75,2026-04-22,,2026-06-01 09:00:00
ACC003315,CUST000577,BR001,REGULAR SAVINGS,ACTIVE,4.0,2026-03-15,,2026-06-01 09:00:00
ACC003316,CUST002055,BR002,SENIOR CITIZEN SAVINGS,ACTIVE,2.75,2025-02-04,,2026-06-01 09:00:00
ACC003317,CUST000661,BR003,REGULAR SAVINGS,ACTIVE,3.0,2023-11-12,,2026-06-01 09:00:00
ACC003318,CUST000742,BR003,SENIOR CITIZEN SAVINGS,ACTIVE,3.0,2025-01-15,,2026-06-01 09:00:00
ACC003319,CUST001138,BR008,SENIOR CITIZEN SAVINGS,DORMANT,3.5,2026-06-03,,2026-06-01 09:00:00
ACC003320,CUST000789,BR006,SALARY SAVINGS,ACTIVE,3.5,2025-11-28,,2026-06-01 09:00:00
ACC003321,CUST000378,BR001,REGULAR SAVINGS,ACTIVE,3.5,2025-11-09,,2026-06-01 09:00:00
ACC003322,CUST000935,BR006,REGULAR SAVINGS,ACTIVE,2.75,2026-01-15,,2026-06-01 09:00:00
ACC003323,CUST001422,BR001,SALARY SAVINGS,ACTIVE,3.5,2025-08-15,,2026-06-01 09:00:00
ACC003324,CUST000597,BR003,REGULAR SAVINGS,DORMANT,3.0,2025-05-09,,2026-06-01 09:00:00
ACC003325,CUST001789,BR005,SENIOR CITIZEN SAVINGS,ACTIVE,2.75,2025-01-29,,2026-06-01 09:00:00
ACC003326,CUST001473,BR008,SALARY SAVINGS,ACTIVE,2.75,2024-01-14,,2026-06-01 09:00:00
ACC003327,CUST002148,BR004,SENIOR CITIZEN SAVINGS,ACTIVE,2.75,2024-05-18,,2026-06-01 09:00:00
ACC003328,CUST000071,BR002,REGULAR SAVINGS,DORMANT,2.75,2025-02-15,,2026-06-01 09:00:00
ACC003329,CUST002548,BR005,REGULAR SAVINGS,ACTIVE,3.5,2024-03-24,,2026-06-01 09:00:00
ACC003330,CUST002512,BR006,SENIOR CITIZEN SAVINGS,ACTIVE,3.0,2024-04-18,,2026-06-01 09:00:00
ACC003331,CUST000392,BR005,SALARY SAVINGS,ACTIVE,3.5,2026-04-27,,2026-06-01 09:00:00
ACC003332,CUST001861,BR005,REGULAR SAVINGS,ACTIVE,3.0,2026-01-09,,2026-06-01 09:00:00
ACC003333,CUST000349,BR004,SALARY SAVINGS,ACTIVE,2.75,2025-05-31,,2026-06-01 09:00:00
ACC003334,CUST002039,BR001,SENIOR CITIZEN SAVINGS,ACTIVE,3.0,2024-12-18,,2026-06-01 09:00:00
ACC003335,CUST000473,BR003,SENIOR CITIZEN SAVINGS,ACTIVE,2.75,2024-06-21,,2026-06-01 09:00:00
ACC003336,CUST002542,BR008,REGULAR SAVINGS,DORMANT,3.5,2024-10-01,,2026-06-01 09:00:00
ACC003337,CUST002952,BR007,SALARY SAVINGS,ACTIVE,2.75,2025-01-06,,2026-06-01 09:00:00
ACC003338,CUST002264,BR006,SALARY SAVINGS,DORMANT,3.5,2023-12-27,,2026-06-01 09:00:00
ACC003339,CUST002427,BR005,SALARY SAVINGS,ACTIVE,2.75,2025-04-24,,2026-06-01 09:00:00
ACC003340,CUST000765,BR001,SALARY SAVINGS,ACTIVE,4.0,2025-03-09,,2026-06-01 09:00:00
ACC003341,CUST002321,BR001,REGULAR SAVINGS,ACTIVE,3.5,2023-12-03,,2026-06-01 09:00:00
ACC003342,CUST002130,BR007,SENIOR CITIZEN SAVINGS,ACTIVE,2.75,2024-03-27,,2026-06-01 09:00:00
ACC003343,CUST000199,BR007,REGULAR SAVINGS,ACTIVE,3.5,2026-03-22,,2026-06-01 09:00:00
ACC003344,CUST000957,BR008,REGULAR SAVINGS,ACTIVE,3.5,2025-05-28,,2026-06-01 09:00:00
ACC003345,CUST000340,BR007,SALARY SAVINGS,ACTIVE,3.5,2025-04-23,,2026-06-01 09:00:00
ACC003346,CUST000382,BR004,REGULAR SAVINGS,ACTIVE,4.0,2025-05-14,,2026-06-01 09:00:00
ACC003347,CUST001225,BR001,SENIOR CITIZEN SAVINGS,ACTIVE,3.0,2025-02-19,,2026-06-01 09:00:00
ACC003348,CUST000084,BR005,SALARY SAVINGS,ACTIVE,3.0,2024-12-30,,2026-06-01 09:00:00
ACC003349,CUST002523,BR003,SALARY SAVINGS,ACTIVE,4.0,2025-05-19,,2026-06-01 09:00:00
ACC003350,CUST001884,BR008,REGULAR SAVINGS,ACTIVE,3.0,2025-01-13,,2026-06-01 09:00:00
ACC003351,CUST002178,BR005,REGULAR SAVINGS,ACTIVE,3.0,2024-02-18,,2026-06-01 09:00:00
ACC003352,CUST001027,BR003,REGULAR SAVINGS,ACTIVE,3.0,2024-05-29,,2026-06-01 09:00:00
ACC003353,CUST000131,BR005,REGULAR SAVINGS,ACTIVE,2.75,2025-12-22,,2026-06-01 09:00:00
ACC003354,CUST001261,BR002,SALARY SAVINGS,ACTIVE,3.5,2023-12-26,,2026-06-01 09:00:00
ACC003355,CUST002460,BR002,SALARY SAVINGS,ACTIVE,3.5,2025-08-06,,2026-06-01 09:00:00
ACC003356,CUST001879,BR005,SALARY SAVINGS,ACTIVE,2.75,2026-05-11,,2026-06-01 09:00:00
ACC003357,CUST002307,BR007,REGULAR SAVINGS,ACTIVE,2.75,2025-11-27,,2026-06-01 09:00:00
ACC003358,CUST001512,BR008,REGULAR SAVINGS,ACTIVE,2.75,2024-11-10,,2026-06-01 09:00:00
ACC003359,CUST000908,BR003,SALARY SAVINGS,ACTIVE,3.5,2024-12-14,,2026-06-01 09:00:00
ACC003360,CUST001470,BR003,SALARY SAVINGS,ACTIVE,3.0,2024-08-01,,2026-06-01 09:00:00
ACC003361,CUST002622,BR003,SALARY SAVINGS,ACTIVE,4.0,2024-03-16,,2026-06-01 09:00:00
ACC003362,CUST000083,BR003,SENIOR CITIZEN SAVINGS,ACTIVE,4.0,2025-09-08,,2026-06-01 09:00:00
ACC003363,CUST002529,BR002,SALARY SAVINGS,ACTIVE,4.0,2025-11-20,,2026-06-01 09:00:00
ACC003364,CUST001211,BR003,REGULAR SAVINGS,ACTIVE,3.0,2024-10-22,,2026-06-01 09:00:00
ACC003365,CUST001238,BR002,REGULAR SAVINGS,ACTIVE,4.0,2026-06-16,,2026-06-01 09:00:00
ACC003366,CUST000489,BR006,SALARY SAVINGS,ACTIVE,3.0,2023-12-01,,2026-06-01 09:00:00
ACC003367,CUST001567,BR004,REGULAR SAVINGS,DORMANT,4.0,2025-07-06,,2026-06-01 09:00:00
ACC003368,CUST001623,BR004,REGULAR SAVINGS,ACTIVE,3.0,2025-07-31,,2026-06-01 09:00:00
ACC003369,CUST000883,BR002,SENIOR CITIZEN SAVINGS,ACTIVE,3.0,2025-01-29,,2026-06-01 09:00:00
ACC003370,CUST000185,BR005,REGULAR SAVINGS,ACTIVE,3.5,2025-03-25,,2026-06-01 09:00:00
ACC003371,CUST000185,BR007,REGULAR SAVINGS,ACTIVE,2.75,2026-04-12,,2026-06-01 09:00:00
ACC003372,CUST000436,BR004,SENIOR CITIZEN SAVINGS,ACTIVE,3.0,2024-03-03,,2026-06-01 09:00:00
ACC003373,CUST000925,BR008,REGULAR SAVINGS,ACTIVE,4.0,2025-12-18,,2026-06-01 09:00:00
ACC003374,CUST000009,BR001,SENIOR CITIZEN SAVINGS,ACTIVE,2.75,2025-09-22,,2026-06-01 09:00:00
ACC003375,CUST002655,BR006,REGULAR SAVINGS,ACTIVE,4.0,2026-04-29,,2026-06-01 09:00:00
ACC003376,CUST000755,BR006,SENIOR CITIZEN SAVINGS,ACTIVE,4.0,2025-11-05,,2026-06-01 09:00:00
ACC003377,CUST001151,BR008,SALARY SAVINGS,ACTIVE,2.75,2025-06-07,,2026-06-01 09:00:00
ACC003378,CUST001450,BR005,SENIOR CITIZEN SAVINGS,ACTIVE,2.75,2025-07-08,,2026-06-01 09:00:00
ACC003379,CUST002547,BR003,SALARY SAVINGS,ACTIVE,3.0,2025-02-20,,2026-06-01 09:00:00
ACC003380,CUST002978,BR004,REGULAR SAVINGS,ACTIVE,3.0,2024-01-11,,2026-06-01 09:00:00
ACC003381,CUST001578,BR008,SENIOR CITIZEN SAVINGS,DORMANT,4.0,2025-01-15,,2026-06-01 09:00:00
ACC003382,CUST000310,BR005,SALARY SAVINGS,ACTIVE,3.5,2025-04-06,,2026-06-01 09:00:00
ACC003383,CUST001180,BR004,SENIOR CITIZEN SAVINGS,ACTIVE,4.0,2026-01-07,,2026-06-01 09:00:00
ACC003384,CUST000485,BR005,SENIOR CITIZEN SAVINGS,ACTIVE,3.5,2024-08-16,,2026-06-01 09:00:00
ACC003385,CUST002865,BR002,SALARY SAVINGS,ACTIVE,2.75,2024-03-23,,2026-06-01 09:00:00
ACC003386,CUST001753,BR007,SALARY SAVINGS,ACTIVE,4.0,2026-05-25,,2026-06-01 09:00:00
ACC003387,CUST000725,BR008,REGULAR SAVINGS,ACTIVE,4.0,2026-05-13,,2026-06-01 09:00:00
ACC003388,CUST002358,BR003,SENIOR CITIZEN SAVINGS,ACTIVE,2.75,2025-10-22,,2026-06-01 09:00:00
ACC003389,CUST001316,BR008,REGULAR SAVINGS,ACTIVE,2.75,2024-11-26,,2026-06-01 09:00:00
ACC003390,CUST002955,BR001,REGULAR SAVINGS,ACTIVE,3.0,2023-12-31,,2026-06-01 09:00:00
ACC003391,CUST002766,BR002,SENIOR CITIZEN SAVINGS,ACTIVE,4.0,2026-01-21,,2026-06-01 09:00:00
ACC003392,CUST002785,BR008,SALARY SAVINGS,ACTIVE,2.75,2025-02-01,,2026-06-01 09:00:00
ACC003393,CUST002592,BR007,REGULAR SAVINGS,ACTIVE,3.0,2023-12-07,,2026-06-01 09:00:00
ACC003394,CUST000620,BR004,SALARY SAVINGS,ACTIVE,4.0,2025-07-05,,2026-06-01 09:00:00
ACC003395,CUST002400,BR003,SALARY SAVINGS,DORMANT,2.75,2024-06-16,,2026-06-01 09:00:00
ACC003396,CUST002605,BR005,SALARY SAVINGS,ACTIVE,3.5,2026-02-02,,2026-06-01 09:00:00
ACC003397,CUST000344,BR002,SENIOR CITIZEN SAVINGS,ACTIVE,3.5,2026-01-02,,2026-06-01 09:00:00
ACC003398,CUST001277,BR004,SENIOR CITIZEN SAVINGS,ACTIVE,2.75,2025-11-08,,2026-06-01 09:00:00
ACC003399,CUST001003,BR008,REGULAR SAVINGS,ACTIVE,3.5,2025-12-13,,2026-06-01 09:00:00
ACC003400,CUST002334,BR003,REGULAR SAVINGS,ACTIVE,3.0,2025-12-21,,2026-06-01 09:00:00
ACC003401,CUST000849,BR003,SENIOR CITIZEN SAVINGS,ACTIVE,3.5,2024-05-20,,2026-06-01 09:00:00
ACC003402,CUST002699,BR007,REGULAR SAVINGS,ACTIVE,4.0,2024-04-13,,2026-06-01 09:00:00
ACC003403,CUST001961,BR005,SENIOR CITIZEN SAVINGS,ACTIVE,2.75,2025-03-28,,2026-06-01 09:00:00
ACC003404,CUST000827,BR008,REGULAR SAVINGS,ACTIVE,4.0,2025-08-17,,2026-06-01 09:00:00
ACC003405,CUST001397,BR004,REGULAR SAVINGS,ACTIVE,3.0,2024-12-19,,2026-06-01 09:00:00
ACC003406,CUST001126,BR001,REGULAR SAVINGS,ACTIVE,4.0,2023-12-19,,2026-06-01 09:00:00
ACC003407,CUST002869,BR007,SALARY SAVINGS,ACTIVE,4.0,2024-08-29,,2026-06-01 09:00:00
ACC003408,CUST001824,BR004,REGULAR SAVINGS,ACTIVE,3.5,2023-12-23,,2026-06-01 09:00:00
ACC003409,CUST001999,BR003,SALARY SAVINGS,ACTIVE,3.5,2025-08-26,,2026-06-01 09:00:00
ACC003410,CUST000904,BR004,SALARY SAVINGS,CLOSED,4.0,2024-03-01,2026-05-30,2026-06-01 09:00:00
ACC003411,CUST002756,BR007,SALARY SAVINGS,DORMANT,3.5,2024-10-14,,2026-06-01 09:00:00
ACC003412,CUST002514,BR008,SALARY SAVINGS,ACTIVE,4.0,2025-04-30,,2026-06-01 09:00:00
ACC003413,CUST002095,BR005,SALARY SAVINGS,ACTIVE,4.0,2026-03-31,,2026-06-01 09:00:00
ACC003414,CUST002367,BR005,REGULAR SAVINGS,ACTIVE,3.5,2025-09-02,,2026-06-01 09:00:00
ACC003415,CUST001257,BR007,SALARY SAVINGS,ACTIVE,3.0,2025-01-08,,2026-06-01 09:00:00
ACC003416,CUST002370,BR003,SENIOR CITIZEN SAVINGS,ACTIVE,4.0,2025-01-30,,2026-06-01 09:00:00
ACC003417,CUST001368,BR002,REGULAR SAVINGS,ACTIVE,3.0,2026-03-02,,2026-06-01 09:00:00
ACC003418,CUST001728,BR003,SENIOR CITIZEN SAVINGS,DORMANT,4.0,2024-11-19,,2026-06-01 09:00:00
ACC003419,CUST002017,BR003,SENIOR CITIZEN SAVINGS,ACTIVE,3.0,2023-10-09,,2026-06-01 09:00:00
ACC003420,CUST000090,BR008,SALARY SAVINGS,ACTIVE,3.0,2023-10-31,,2026-06-01 09:00:00
ACC003421,CUST000568,BR002,SALARY SAVINGS,ACTIVE,3.0,2024-06-04,,2026-06-01 09:00:00
ACC003422,CUST001791,BR006,REGULAR SAVINGS,ACTIVE,2.75,2025-01-07,,2026-06-01 09:00:00
ACC003423,CUST001199,BR008,SENIOR CITIZEN SAVINGS,ACTIVE,4.0,2023-12-20,,2026-06-01 09:00:00
ACC003424,CUST002865,BR001,SALARY SAVINGS,DORMANT,3.5,2023-10-19,,2026-06-01 09:00:00
ACC003425,CUST002962,BR008,SENIOR CITIZEN SAVINGS,ACTIVE,3.0,2026-02-08,,2026-06-01 09:00:00
ACC003426,CUST001194,BR001,REGULAR SAVINGS,ACTIVE,4.0,2023-11-22,,2026-06-01 09:00:00
ACC003427,CUST002662,BR003,SENIOR CITIZEN SAVINGS,ACTIVE,2.75,2026-05-11,,2026-06-01 09:00:00
ACC003428,CUST002788,BR003,SENIOR CITIZEN SAVINGS,ACTIVE,3.0,2025-01-28,,2026-06-01 09:00:00
ACC003429,CUST002995,BR003,SENIOR CITIZEN SAVINGS,DORMANT,2.75,2025-06-20,,2026-06-01 09:00:00
ACC003430,CUST002881,BR005,SALARY SAVINGS,ACTIVE,3.5,2024-03-28,,2026-06-01 09:00:00
ACC003431,CUST002000,BR007,REGULAR SAVINGS,ACTIVE,4.0,2023-11-13,,2026-06-01 09:00:00
ACC003432,CUST001668,BR004,SENIOR CITIZEN SAVINGS,ACTIVE,3.0,2024-01-28,,2026-06-01 09:00:00
ACC003433,CUST001747,BR004,REGULAR SAVINGS,ACTIVE,2.75,2026-05-19,,2026-06-01 09:00:00
ACC003434,CUST000621,BR001,SENIOR CITIZEN SAVINGS,DORMANT,2.75,2026-03-13,,2026-06-01 09:00:00
ACC003435,CUST002769,BR005,SALARY SAVINGS,ACTIVE,3.5,2024-12-15,,2026-06-01 09:00:00
ACC003436,CUST002225,BR004,REGULAR SAVINGS,CLOSED,3.0,2024-05-07,2024-12-05,2026-06-01 09:00:00
ACC003437,CUST001733,BR008,SENIOR CITIZEN SAVINGS,ACTIVE,4.0,2024-02-14,,2026-06-01 09:00:00
ACC003438,CUST000682,BR007,SENIOR CITIZEN SAVINGS,ACTIVE,4.0,2025-12-16,,2026-06-01 09:00:00
ACC003439,CUST000352,BR004,SALARY SAVINGS,ACTIVE,4.0,2025-06-08,,2026-06-01 09:00:00
ACC003440,CUST002622,BR005,SENIOR CITIZEN SAVINGS,DORMANT,3.5,2024-11-04,,2026-06-01 09:00:00
ACC003441,CUST000546,BR001,SALARY SAVINGS,DORMANT,3.5,2025-05-05,,2026-06-01 09:00:00
ACC003442,CUST002328,BR001,REGULAR SAVINGS,DORMANT,2.75,2026-04-02,,2026-06-01 09:00:00
ACC003443,CUST001072,BR006,REGULAR SAVINGS,DORMANT,2.75,2025-07-28,,2026-06-01 09:00:00
ACC003444,CUST001533,BR001,SALARY SAVINGS,ACTIVE,2.75,2025-06-27,,2026-06-01 09:00:00
ACC003445,CUST001196,BR007,SENIOR CITIZEN SAVINGS,ACTIVE,2.75,2024-06-28,,2026-06-01 09:00:00
ACC003446,CUST002931,BR001,SENIOR CITIZEN SAVINGS,ACTIVE,2.75,2025-01-26,,2026-06-01 09:00:00
ACC003447,CUST002088,BR001,REGULAR SAVINGS,ACTIVE,3.5,2024-03-15,,2026-06-01 09:00:00
ACC003448,CUST000251,BR005,REGULAR SAVINGS,ACTIVE,2.75,2024-11-12,,2026-06-01 09:00:00
ACC003449,CUST001428,BR007,SALARY SAVINGS,DORMANT,4.0,2024-04-01,,2026-06-01 09:00:00
ACC003450,CUST000311,BR004,SENIOR CITIZEN SAVINGS,ACTIVE,3.5,2025-01-29,,2026-06-01 09:00:00
ACC003451,CUST002681,BR002,REGULAR SAVINGS,ACTIVE,3.5,2025-09-21,,2026-06-01 09:00:00
ACC003452,CUST001956,BR005,SENIOR CITIZEN SAVINGS,ACTIVE,4.0,2023-11-18,,2026-06-01 09:00:00
ACC003453,CUST000205,BR004,REGULAR SAVINGS,ACTIVE,2.75,2023-09-26,,2026-06-01 09:00:00
ACC003454,CUST000423,BR007,SALARY SAVINGS,ACTIVE,3.5,2026-06-08,,2026-06-01 09:00:00
ACC003455,CUST000451,BR008,REGULAR SAVINGS,ACTIVE,4.0,2024-10-28,,2026-06-01 09:00:00
ACC003456,CUST000374,BR001,SENIOR CITIZEN SAVINGS,DORMANT,3.0,2023-12-03,,2026-06-01 09:00:00
ACC003457,CUST000421,BR007,REGULAR SAVINGS,ACTIVE,3.0,2025-06-04,,2026-06-01 09:00:00
ACC003458,CUST001786,BR002,SALARY SAVINGS,ACTIVE,2.75,2025-08-06,,2026-06-01 09:00:00
ACC003459,CUST001738,BR007,SENIOR CITIZEN SAVINGS,ACTIVE,2.75,2025-02-19,,2026-06-01 09:00:00
ACC003460,CUST001926,BR007,SENIOR CITIZEN SAVINGS,ACTIVE,4.0,2025-03-15,,2026-06-01 09:00:00
ACC003461,CUST002920,BR004,REGULAR SAVINGS,ACTIVE,3.0,2024-05-04,,2026-06-01 09:00:00
ACC003462,CUST001952,BR001,SALARY SAVINGS,DORMANT,3.5,2026-05-20,,2026-06-01 09:00:00
ACC003463,CUST002197,BR004,SALARY SAVINGS,ACTIVE,3.5,2024-04-07,,2026-06-01 09:00:00
ACC003464,CUST002637,BR002,SALARY SAVINGS,ACTIVE,3.5,2025-03-23,,2026-06-01 09:00:00
ACC003465,CUST002891,BR003,REGULAR SAVINGS,ACTIVE,3.5,2025-10-15,,2026-06-01 09:00:00
ACC003466,CUST001014,BR003,SALARY SAVINGS,ACTIVE,3.5,2024-11-04,,2026-06-01 09:00:00
ACC003467,CUST002702,BR003,SENIOR CITIZEN SAVINGS,ACTIVE,2.75,2025-08-21,,2026-06-01 09:00:00
ACC003468,CUST001975,BR006,SALARY SAVINGS,ACTIVE,2.75,2025-12-27,,2026-06-01 09:00:00
ACC003469,CUST002210,BR005,SALARY SAVINGS,ACTIVE,4.0,2025-12-30,,2026-06-01 09:00:00
ACC003470,CUST002478,BR004,REGULAR SAVINGS,ACTIVE,2.75,2024-08-22,,2026-06-01 09:00:00
ACC003471,CUST000027,BR003,SALARY SAVINGS,ACTIVE,3.5,2024-07-06,,2026-06-01 09:00:00
ACC003472,CUST000733,BR008,SENIOR CITIZEN SAVINGS,ACTIVE,4.0,2026-01-02,,2026-06-01 09:00:00
ACC003473,CUST002652,BR004,SENIOR CITIZEN SAVINGS,ACTIVE,3.5,2024-01-22,,2026-06-01 09:00:00
ACC003474,CUST001520,BR001,SENIOR CITIZEN SAVINGS,ACTIVE,3.0,2024-04-28,,2026-06-01 09:00:00
ACC003475,CUST001519,BR005,REGULAR SAVINGS,ACTIVE,4.0,2025-04-28,,2026-06-01 09:00:00
ACC003476,CUST000019,BR008,REGULAR SAVINGS,DORMANT,3.0,2024-05-12,,2026-06-01 09:00:00
ACC003477,CUST002193,BR008,REGULAR SAVINGS,DORMANT,3.0,2025-12-24,,2026-06-01 09:00:00
ACC003478,CUST002617,BR008,SENIOR CITIZEN SAVINGS,ACTIVE,3.0,2025-06-23,,2026-06-01 09:00:00
ACC003479,CUST000684,BR008,SENIOR CITIZEN SAVINGS,ACTIVE,4.0,2024-10-21,,2026-06-01 09:00:00
ACC003480,CUST000475,BR002,REGULAR SAVINGS,ACTIVE,3.5,2023-11-24,,2026-06-01 09:00:00
ACC003481,CUST002840,BR008,SENIOR CITIZEN SAVINGS,ACTIVE,4.0,2025-03-24,,2026-06-01 09:00:00
ACC003482,CUST000252,BR001,REGULAR SAVINGS,DORMANT,4.0,2026-03-11,,2026-06-01 09:00:00
ACC003483,CUST000300,BR001,SALARY SAVINGS,ACTIVE,3.0,2025-12-30,,2026-06-01 09:00:00
ACC003484,CUST000577,BR004,SALARY SAVINGS,ACTIVE,3.5,2023-11-27,,2026-06-01 09:00:00
ACC003485,CUST000888,BR001,SALARY SAVINGS,ACTIVE,3.5,2025-02-02,,2026-06-01 09:00:00
ACC003486,CUST002834,BR008,SENIOR CITIZEN SAVINGS,ACTIVE,4.0,2025-10-13,,2026-06-01 09:00:00
ACC003487,CUST002916,BR007,SENIOR CITIZEN SAVINGS,ACTIVE,2.75,2026-05-17,,2026-06-01 09:00:00
ACC003488,CUST002585,BR008,SENIOR CITIZEN SAVINGS,ACTIVE,2.75,2026-03-28,,2026-06-01 09:00:00
ACC003489,CUST002499,BR007,SALARY SAVINGS,ACTIVE,3.5,2024-02-03,,2026-06-01 09:00:00
ACC003490,CUST001865,BR007,SENIOR CITIZEN SAVINGS,ACTIVE,3.5,2025-05-20,,2026-06-01 09:00:00
ACC003491,CUST002964,BR007,SALARY SAVINGS,ACTIVE,3.0,2025-01-23,,2026-06-01 09:00:00
ACC003492,CUST000066,BR001,SALARY SAVINGS,ACTIVE,3.5,2025-06-11,,2026-06-01 09:00:00
ACC003493,CUST000567,BR007,SALARY SAVINGS,ACTIVE,3.5,2025-05-21,,2026-06-01 09:00:00
ACC003494,CUST002557,BR004,REGULAR SAVINGS,ACTIVE,3.0,2024-07-06,,2026-06-01 09:00:00
ACC003495,CUST002374,BR002,SENIOR CITIZEN SAVINGS,ACTIVE,3.5,2026-04-29,,2026-06-01 09:00:00
ACC003496,CUST002882,BR001,SENIOR CITIZEN SAVINGS,ACTIVE,4.0,2025-04-28,,2026-06-01 09:00:00
ACC003497,CUST001166,BR008,REGULAR SAVINGS,ACTIVE,3.0,2025-04-18,,2026-06-01 09:00:00
ACC003498,CUST001371,BR008,SALARY SAVINGS,ACTIVE,2.75,2024-12-17,,2026-06-01 09:00:00
ACC003499,CUST000153,BR002,SENIOR CITIZEN SAVINGS,ACTIVE,2.75,2023-12-08,,2026-06-01 09:00:00
ACC003500,CUST000621,BR007,REGULAR SAVINGS,ACTIVE,2.75,2024-08-08,,2026-06-01 09:00:00
