customer_id,first_name,last_name,dob,email,phone,address,city,state,kyc_status,created_at
CUST000001,Ayushman,Chander,1963-04-24,issaconi@example.org,9402654235,"H.No. 59, Bassi Road",Bangalore,MH,VERIFIED,2024-04-14 08:25:05.549166
CUST000002,Jeet,Radhakrishnan,1955-03-15,janaki93@example.net,0341316475,"41/928, Gade Ganj",Pune,MH,VERIFIED,2025-06-28 19:32:53.582910
CUST000003,Anamika,Kanda,1990-05-04,karnikazad@example.com,4139537672,"96/965, Devi Ganj",Bangalore,KA,REJECTED,2024-06-11 01:45:40.405641
CUST000004,Gavin,Batta,2000-07-29,nathanielsami@example.net,6697848018,"27, Lall Nagar",Kolkata,MH,VERIFIED,2024-08-17 17:01:19.785217
CUST000005,Pranav,Tripathi,2003-07-26,yashica93@example.org,2880957015,"11/71, Dass Circle",Bangalore,MH,VERIFIED,2026-06-10 07:55:55.678073
CUST000006,Vaishnavi,Gandhi,1966-01-02,ikakar@example.net,4657871331,"30/10, Bir Ganj",Mumbai,MH,REJECTED,2023-02-19 07:41:36.523506
CUST000007,Ganga,Bobal,1980-06-14,vedika38@example.org,3763116566,"51, Handa Ganj",Kolkata,MH,PENDING,2026-03-07 05:12:57.604492
CUST000008,Saumya,Dey,1975-02-06,turvi31@example.com,0801326773,"H.No. 647, Sampath Road",Chennai,MH,VERIFIED,2023-05-18 18:41:32.743381
CUST000009,Vidhi,Dubey,1961-08-23,dalbirbhat@example.net,0097882081,"36/193, Baral",Kolkata,DL,VERIFIED,2025-05-12 09:24:36.538482
CUST000010,Oni,Virk,1968-12-24,samarth53@example.com,2475107991,"513, Mane Path",Hyderabad,MH,VERIFIED,2025-01-21 21:47:03.344545
CUST000011,Chasmum,Wadhwa,1951-01-31,hemang24@example.org,8244935348,"64/005, Lala Street",Bangalore,KA,PENDING,2023-04-02 07:50:45.784664
CUST000012,Riya,Sane,1983-03-01,borramanthan@example.net,5982620450,"H.No. 86, Dubey",Bangalore,DL,VERIFIED,2023-04-07 19:33:23.588031
CUST000013,Warjas,Gaba,2007-04-02,nitarabakshi@example.org,6342160733,"036, Mallick Path",Chennai,MH,PENDING,2026-04-05 07:53:03.360613
CUST000014,Arya,Panchal,1987-11-02,vyadav@example.org,4294019655,"93, Basu Road",Bangalore,WB,VERIFIED,2026-01-07 10:50:52.584150
CUST000015,Aarav,Venkatesh,2004-04-25,janujasankar@example.org,9514846564,"62/994, Acharya Marg",Chennai,DL,REJECTED,2025-05-29 20:10:53.874862
CUST000016,Shivansh,Sani,1996-03-16,udyati77@example.net,8721489513,"H.No. 037, Bora",Pune,KA,VERIFIED,2023-10-28 10:19:47.335796
CUST000017,Robert,Rajagopalan,1979-04-22,manbirahluwalia@example.org,3287083172,"98, Sehgal Marg",Pune,TN,VERIFIED,2024-06-01 06:42:57.474367
CUST000018,Vaishnavi,Sengupta,1965-08-30,aradhanaverma@example.com,4714345581,"23/166, Shukla Path",Pune,KA,PENDING,2026-02-23 11:11:38.599591
CUST000019,Samuel,Salvi,1973-03-22,raivansha@example.org,4668893734,"H.No. 62, Datta Chowk",Chennai,GJ,VERIFIED,2024-04-05 13:17:29.149987
CUST000020,Avi,Ramesh,1984-12-17,chackopriya@example.org,2046537556,"08, Palla Nagar",Hyderabad,DL,VERIFIED,2026-06-22 23:18:51.770121
CUST000021,Ekapad,Baria,1994-05-18,ryanbahri@example.net,3271937452,"H.No. 19, Muni Nagar",Pune,TN,VERIFIED,2023-07-06 10:48:39.902320
CUST000022,Keya,Ranganathan,2005-03-28,faqidkibe@example.org,9190586518,"H.No. 657, Saran Street",Hyderabad,MH,VERIFIED,2024-11-20 12:57:01.272652
CUST000023,Anamika,Yohannan,1995-07-24,usarin@example.net,5314737996,"735, Oak Road",Ahmedabad,WB,VERIFIED,2023-04-28 15:25:08.320205
CUST000024,Anya,Anne,1980-08-05,frederickkhurana@example.net,7837770143,"88, Sandal Path",Pune,DL,VERIFIED,2023-09-23 18:39:46.507652
CUST000025,Ganga,Pandey,1991-05-25,damini43@example.org,5182337498,"H.No. 35, Mittal Street",Pune,MH,VERIFIED,2026-07-15 17:41:40.235250
CUST000026,Jonathan,Mahal,1953-04-09,masterjonathan@example.net,1094777520,"71, Bera",Kolkata,TN,VERIFIED,2022-09-08 20:14:17.593395
CUST000027,Daksha,Chada,2008-04-12,sahaupkaar@example.net,7749649909,"12/328, Dugar Zila",Pune,DL,VERIFIED,2023-03-24 17:06:25.007669
CUST000028,Shravya,Singhal,1967-07-11,bhavyamandal@example.net,1349361832,"499, Sarna Road",Ahmedabad,WB,PENDING,2022-08-23 10:13:57.814167
CUST000029,Daksha,Rau,2005-04-22,fsarma@example.net,6594013990,"87, Golla Road",Hyderabad,TN,VERIFIED,2023-02-13 13:01:22.564625
CUST000030,Rajata,Swamy,2006-11-02,apall@example.com,1256746807,"H.No. 680, Shere Circle",Pune,TN,REJECTED,2026-07-16 04:28:42.964341
CUST000031,Raghav,Vasa,1971-08-13,wsathe@example.org,4824771093,"61/31, Dalal Chowk",Kolkata,WB,VERIFIED,2024-04-01 22:31:05.273910
CUST000032,Mitesh,Tara,2004-09-22,yashodhara46@example.com,3782639821,"H.No. 449, Suri",Pune,TS,REJECTED,2025-03-03 10:39:36.101038
CUST000033,Sanya,Yohannan,1978-09-21,krishna75@example.org,9636057662,"H.No. 718, Aurora Chowk",Ahmedabad,KA,VERIFIED,2026-01-08 18:01:10.171171
CUST000034,Nimrat,Dubey,1954-12-21,hamsini96@example.net,5865780913,"H.No. 172, Balakrishnan Road",Bangalore,TS,VERIFIED,2025-06-18 09:15:27.164842
CUST000035,Daksh,Memon,1971-06-04,pdhingra@example.net,9222196937,"47/407, Dugar Road",Kolkata,KA,PENDING,2022-10-24 09:48:35.836913
CUST000036,Hemani,Mistry,1987-09-09,dkrishna@example.com,6713695944,"09/74, Pandey Ganj",Kolkata,GJ,REJECTED,2022-12-03 06:58:56.905207
CUST000037,Ranveer,Krishna,1989-12-10,gunbirbaral@example.com,0952145623,"474, Contractor Path",Chennai,MH,VERIFIED,2023-06-28 23:37:18.906122
CUST000038,Faqid,Dhaliwal,1994-05-16,mekhalapau@example.org,0481754965,"85/93, Shetty Zila",Chennai,DL,VERIFIED,2024-06-19 18:15:50.034245
CUST000039,Chasmum,Rege,1957-05-25,baraddaksha@example.com,1382675869,"64/05, Sawhney Ganj",Chennai,WB,VERIFIED,2026-03-12 21:28:34.751325
CUST000040,Warinder,Patil,1956-05-23,jagrati06@example.com,1713900532,"33/52, Agate",Ahmedabad,MH,VERIFIED,2024-05-16 22:32:52.720819
CUST000041,Maanav,De,1981-12-18,imaranbal@example.org,5395024026,"58, Chopra",Hyderabad,KA,VERIFIED,2023-09-20 08:48:05.054812
CUST000042,Timothy,Bassi,1992-10-23,tara00@example.com,6177115921,"98, Setty Road",Pune,TS,VERIFIED,2024-05-27 09:34:49.778115
CUST000043,Qushi,Chaudhary,1996-08-18,kalequshi@example.com,6576615654,"H.No. 116, Pradhan Zila",Hyderabad,MH,REJECTED,2024-08-12 00:30:03.783177
CUST000044,Darpan,Narayan,1989-06-29,qpandya@example.com,4945198327,"H.No. 493, Bal Marg",Delhi,GJ,VERIFIED,2025-10-24 04:57:55.126190
CUST000045,Amara,Balakrishnan,1961-02-04,harinakshi50@example.org,9612018366,"H.No. 59, Chad",Bangalore,DL,VERIFIED,2025-01-07 01:04:37.280688
CUST000046,Nachiket,Dugar,1994-05-22,bumbanita@example.com,7976438156,"40/36, Bhakta",Pune,MH,VERIFIED,2026-02-03 14:59:46.515763
CUST000047,Charvi,Kakar,1995-02-20,bimala51@example.org,6226838851,"15, Sanghvi",Bangalore,KA,PENDING,2022-08-30 14:20:17.434755
CUST000048,Omisha,Mann,1957-04-23,naironveer@example.net,5161369681,"H.No. 21, Comar Circle",Bangalore,TS,VERIFIED,2024-11-17 02:37:42.435939
CUST000049,Rishi,Palla,1970-12-30,warinderchauhan@example.org,3292127799,"52/717, Mitter Chowk",Ahmedabad,TS,VERIFIED,2024-09-16 20:55:22.302356
CUST000050,Daksh,Pandey,1980-01-21,triya70@example.org,4119986798,"H.No. 97, Dora Circle",Kolkata,MH,REJECTED,2025-10-02 02:43:20.287425
CUST000051,Shravya,Chauhan,1997-09-01,frado82@example.org,7788925546,"51/518, Mander Marg",Pune,TN,PENDING,2026-05-21 01:26:15.206018
CUST000052,Mason,Nath,1955-05-11,inayamukherjee@example.net,2914865281,"H.No. 42, Om Ganj",Delhi,GJ,REJECTED,2023-08-15 04:38:29.762527
CUST000053,Vedika,Handa,1963-10-09,mohammedbrahmbhatt@example.com,8880592962,"70/653, Mane Chowk",Ahmedabad,KA,VERIFIED,2026-05-06 16:08:58.187186
CUST000054,Saumya,Kaur,1981-08-09,upasna35@example.net,7468862392,"18/14, Dyal Zila",Pune,KA,VERIFIED,2025-07-31 05:44:24.564653
CUST000055,Yochana,Din,1998-10-31,kapadiashravya@example.com,6068536153,"204, Dewan Chowk",Mumbai,MH,REJECTED,2023-09-13 22:49:22.048665
CUST000056,Upasna,Sen,1986-04-28,bahlaahana@example.org,8986143410,"H.No. 179, Babu Circle",Pune,MH,VERIFIED,2025-08-09 11:15:08.674341
CUST000057,Wyatt,Dhawan,1967-07-11,panditwridesh@example.net,2185188888,"65/405, Pai Zila",Mumbai,MH,VERIFIED,2025-02-08 21:35:38.866318
CUST000058,Hemang,Natarajan,1958-05-15,hamsini27@example.net,2217043030,"74/03, Parikh Road",Mumbai,DL,VERIFIED,2023-07-30 15:20:15.158367
CUST000059,Champak,Narula,1966-06-24,rajeshri67@example.com,2775841616,"H.No. 11, Merchant Path",Pune,TN,PENDING,2026-01-04 06:47:53.934808
CUST000060,Pooja,Ganesan,1990-08-21,sanya05@example.net,4016582029,"556, Bali",Pune,TS,REJECTED,2023-11-01 04:20:23.004012
CUST000061,Shivani,Prabhakar,1972-03-17,devanjeevika@example.com,4310278681,"47/31, Borah Street",Ahmedabad,MH,PENDING,2025-01-01 11:08:10.280151
CUST000062,Sai,Chahal,1997-08-22,idika18@example.net,4225831323,"82, Chadha",Kolkata,MH,VERIFIED,2024-05-27 10:51:37.075924
CUST000063,Mitali,Srinivas,1981-02-13,iborah@example.com,7785289226,"H.No. 22, Kar Path",Bangalore,WB,VERIFIED,2022-11-21 16:19:48.312837
CUST000064,Zilmil,Mander,1999-09-12,ronith84@example.org,9818299229,"H.No. 109, Kade Road",Kolkata,WB,PENDING,2023-12-27 17:49:29.408045
CUST000065,Omaja,Balasubramanian,1979-07-08,chasmum73@example.net,4710276773,"55/625, Cherian Circle",Mumbai,KA,VERIFIED,2025-08-21 02:02:38.128584
CUST000066,Unnati,Das,1966-02-22,lohitchatterjee@example.org,6963259532,"H.No. 70, Ramaswamy Zila",Kolkata,DL,VERIFIED,2023-11-19 05:44:59.744965
CUST000067,Wridesh,Kale,1984-06-19,bedibaghyawati@example.com,4801624565,"H.No. 84, Raju Zila",Pune,MH,VERIFIED,2024-08-11 20:50:22.881054
CUST000068,Ati,Dani,1958-02-03,rameshkashvi@example.com,2398680002,"982, Nagar Path",Ahmedabad,TS,PENDING,2024-08-10 04:00:29.104838
CUST000069,Chandani,Nayar,1980-01-21,emistry@example.org,5169409749,"896, Kibe Street",Hyderabad,TN,PENDING,2023-04-09 03:09:16.341881
CUST000070,Imaran,Halder,1951-09-24,omya26@example.net,6897028385,"785, Pandya Circle",Pune,KA,PENDING,2022-10-03 18:34:03.649102
CUST000071,Aishani,Sule,1961-10-13,aryamisra@example.org,4375758441,"H.No. 24, Mani Nagar",Bangalore,MH,REJECTED,2025-04-12 17:43:18.613906
CUST000072,Farhan,Pal,2004-03-23,varenya33@example.net,8421993308,"57, Devan Zila",Mumbai,KA,VERIFIED,2026-05-17 14:43:02.987705
CUST000073,Nakul,Ray,1988-07-01,psood@example.org,5401938026,"400, Chhabra Road",Hyderabad,WB,PENDING,2022-08-27 00:17:12.836385
CUST000074,Gautami,Mane,1976-12-25,gdesai@example.com,3152742054,"85, Rattan Zila",Ahmedabad,MH,PENDING,2026-04-09 04:18:07.893842
CUST000075,Qasim,Dey,1978-04-28,abeerlal@example.com,7454990453,"684, Merchant Zila",Mumbai,TS,PENDING,2025-04-03 06:37:14.958012
CUST000076,Timothy,Kanda,2006-02-27,ddua@example.net,6878339187,"H.No. 883, Yadav",Mumbai,WB,VERIFIED,2024-01-27 12:54:54.877578
CUST000077,Falak,Venkatesh,1976-04-04,vrindachand@example.net,0728679087,"H.No. 391, Sampath Nagar",Ahmedabad,TN,PENDING,2023-03-22 00:43:35.780481
CUST000078,Devansh,Bhasin,2004-11-02,sodhiazad@example.com,2265676618,"68/23, Bajaj Nagar",Ahmedabad,TS,VERIFIED,2023-12-25 14:30:32.123793
CUST000079,Ubika,Samra,1981-06-26,yugsharma@example.com,4310690331,"03/06, Kaur Chowk",Chennai,MH,VERIFIED,2026-06-19 18:41:05.757557
CUST000080,Daksh,Dey,1979-11-10,vivaan95@example.net,3428364408,"H.No. 568, Saha Path",Mumbai,DL,VERIFIED,2024-09-29 23:19:58.747721
CUST000081,Charita,Puri,1961-04-18,okhosla@example.com,7086688263,"51, Halder Circle",Mumbai,GJ,REJECTED,2024-03-25 19:12:05.464812
CUST000082,Krishna,Baral,2001-04-20,teerthsrinivas@example.org,4033173936,"78, Morar Path",Hyderabad,MH,REJECTED,2022-11-01 08:15:53.254460
CUST000083,Yochana,Tank,1977-08-29,nnagarajan@example.com,6093204899,"H.No. 36, Korpal",Bangalore,TS,VERIFIED,2023-08-28 21:09:42.154337
CUST000084,Geetika,Kurian,1994-11-27,dswaminathan@example.org,2287280801,"31/203, Shah Circle",Bangalore,MH,PENDING,2024-08-03 01:52:15.811848
CUST000085,Vasudha,Sura,1951-07-18,barora@example.net,8408621182,"H.No. 46, Prakash Zila",Bangalore,MH,REJECTED,2024-02-04 15:11:11.741095
CUST000086,Tripti,Kohli,2008-01-25,charitabuch@example.net,1666870021,"03/39, Madan Chowk",Mumbai,KA,PENDING,2026-05-23 07:32:34.058877
CUST000087,Falan,Mand,2002-10-16,goladivya@example.org,9261429396,"18/501, Kata Marg",Delhi,TN,VERIFIED,2022-10-25 05:25:11.645185
CUST000088,Harini,Ranganathan,2006-10-30,ayushman47@example.com,5866296194,"626, Patel Path",Delhi,MH,VERIFIED,2025-12-01 16:58:39.328224
CUST000089,Abdul,Morar,1976-06-04,harsh21@example.org,7888610158,"04, Rama Marg",Kolkata,TS,VERIFIED,2023-01-19 01:37:21.744380
CUST000090,Xavier,Verma,1960-06-19,igara@example.com,4721264647,"79/937, Deshmukh Zila",Ahmedabad,DL,VERIFIED,2025-09-07 13:22:33.740403
CUST000091,Meghana,Natarajan,1999-06-12,cnarayan@example.com,9245937526,"H.No. 64, Patla Marg",Mumbai,GJ,REJECTED,2023-10-29 13:13:19.243859
CUST000092,Ryan,Gole,1990-03-04,shenoyshaurya@example.com,1672434266,"68/86, Bansal Circle",Bangalore,KA,REJECTED,2023-01-29 13:35:39.694551
CUST000093,Jagvi,Yadav,1985-01-27,choprayuvraj@example.net,2909656101,"56, Tella Chowk",Pune,TN,VERIFIED,2025-09-24 02:06:01.299014
CUST000094,Aryan,Subramanian,1956-09-10,hchada@example.net,5457387571,"H.No. 01, Oza Nagar",Delhi,KA,VERIFIED,2023-03-23 07:22:46.285438
CUST000095,Nitesh,Kohli,1980-07-23,gangasandhu@example.com,6226609379,"419, Yadav Zila",Delhi,TN,VERIFIED,2025-03-03 19:35:49.436315
CUST000096,Eshana,Hegde,1977-03-03,vrishti85@example.net,9691557924,"H.No. 13, Dada Road",Ahmedabad,TN,REJECTED,2023-05-14 03:06:33.808623
CUST000097,Lohit,Vaidya,1973-02-28,leelasampath@example.org,8282742257,"23, Tiwari Marg",Mumbai,TN,VERIFIED,2023-05-08 12:38:43.773420
CUST000098,Nilima,Swamy,1974-09-27,ksuresh@example.org,3404384279,"14/85, Barman Circle",Hyderabad,TN,VERIFIED,2025-03-11 02:44:28.281472
CUST000099,Ridhi,Kamdar,2008-01-15,kotachameli@example.org,4517133959,"309, Walia Path",Bangalore,TS,VERIFIED,2025-08-11 03:11:33.162639
CUST000100,Om,Naik,2007-06-01,bimala94@example.net,2604223253,"66/711, Varma Marg",Chennai,MH,VERIFIED,2023-09-25 19:39:15.557365
CUST000101,Jyoti,Sha,2005-09-30,aarnav17@example.net,1863637454,"75/00, Sharaf Zila",Pune,TN,REJECTED,2025-07-27 12:50:00.617593
CUST000102,Nakul,Sastry,1977-02-09,sjain@example.org,2415415206,"10/371, Kara Street",Ahmedabad,TN,VERIFIED,2022-09-11 21:29:29.088849
CUST000103,Sai,Andra,1951-02-05,jai62@example.com,3611155426,"27/53, Sabharwal Street",Bangalore,WB,VERIFIED,2024-08-31 21:38:06.333122
CUST000104,Saanvi,Kalla,1955-08-29,deyjatin@example.net,5652341389,"43/898, Ramanathan Ganj",Mumbai,MH,VERIFIED,2025-01-17 04:15:48.317632
CUST000105,Chatura,Khatri,1979-05-03,khoslaxalak@example.net,8055269658,"10/43, Bhasin Nagar",Hyderabad,TN,VERIFIED,2023-10-16 12:09:09.954958
CUST000106,Mitali,Toor,1967-04-01,ssampath@example.com,8892414183,"14/63, Konda Nagar",Ahmedabad,WB,REJECTED,2026-05-08 02:53:43.296478
CUST000107,Radha,D’Alia,1976-12-04,moreparth@example.org,2027588425,"H.No. 64, Bhatt Circle",Mumbai,KA,VERIFIED,2022-12-20 23:08:59.501215
CUST000108,Faraj,Taneja,1977-01-12,christopher79@example.org,2419138000,"22, Saini Nagar",Hyderabad,MH,VERIFIED,2023-08-30 20:49:50.354751
CUST000109,Yuvraj,Saha,2003-10-02,anika19@example.com,8023806174,"H.No. 534, Modi",Hyderabad,WB,VERIFIED,2023-07-06 20:52:43.250978
CUST000110,Xavier,Shetty,1971-12-28,uhayre@example.net,2060385050,"36/70, Mammen Street",Mumbai,TN,VERIFIED,2025-07-12 21:37:40.703531
CUST000111,Vincent,Venkatesh,1974-08-03,tara19@example.org,6199062344,"43, Jain Zila",Mumbai,DL,VERIFIED,2022-12-30 17:09:28.223911
CUST000112,Ikbal,Dugal,1956-10-04,ushukla@example.com,8537474112,"H.No. 21, Parekh Ganj",Pune,KA,VERIFIED,2023-03-02 08:50:05.509468
CUST000113,Chandran,Mistry,1965-09-20,azaanravel@example.com,1712100323,"H.No. 013, Dave Chowk",Kolkata,TS,VERIFIED,2024-03-08 14:34:46.953724
CUST000114,Garima,Das,1953-02-08,kbedi@example.net,6706625324,"99/34, Sabharwal Chowk",Hyderabad,TS,PENDING,2022-12-29 05:09:58.839557
CUST000115,Varenya,Bhat,1955-09-20,adevan@example.org,8065787598,"H.No. 593, Mand Nagar",Mumbai,TS,VERIFIED,2026-02-02 19:38:24.580537
CUST000116,Urmi,Wagle,1971-05-13,nathanielchaudhry@example.org,4803965223,"59/929, Tailor Ganj",Kolkata,MH,VERIFIED,2022-11-11 10:32:28.474326
CUST000117,Parth,Swaminathan,1952-10-31,kaultheodore@example.org,0593252500,"51/56, Chaudhuri",Hyderabad,KA,PENDING,2024-10-03 08:32:49.750070
CUST000118,Ekantika,Deshpande,2007-03-26,psur@example.com,8953926442,"02/95, Kant",Mumbai,GJ,VERIFIED,2023-12-14 04:52:14.183073
CUST000119,Hemang,Taneja,1958-10-15,khannaidika@example.com,1570433154,"62, Tailor Marg",Pune,GJ,VERIFIED,2025-02-19 21:45:17.932884
CUST000120,Indali,Prashad,1956-07-06,kkar@example.com,0405411526,"H.No. 99, Balasubramanian Chowk",Chennai,MH,VERIFIED,2026-02-01 09:01:30.964021
CUST000121,Nitesh,Saraf,1959-09-29,narulasamesh@example.org,8844431069,"H.No. 06, Menon Zila",Mumbai,MH,PENDING,2024-04-27 19:17:41.263017
CUST000122,Varsha,Iyengar,1956-04-03,onkarmanne@example.org,1467741862,"04, Shroff Chowk",Delhi,TN,VERIFIED,2025-11-10 13:28:42.422977
CUST000123,Amruta,Bhatia,1959-05-25,chadahemangini@example.net,9380686879,"08, Varughese",Chennai,DL,REJECTED,2023-08-31 12:19:29.352160
CUST000124,Manan,Dara,2005-09-08,kghose@example.org,2061632945,"54/87, Virk Nagar",Kolkata,DL,VERIFIED,2025-10-08 00:14:17.555243
CUST000125,Isaiah,Sachdeva,1959-04-24,cherianharrison@example.com,6467997024,"H.No. 653, Soman Nagar",Bangalore,TN,VERIFIED,2025-09-11 03:48:07.914122
CUST000126,Kashish,Bahri,1970-03-24,deepa47@example.net,3247546913,"50/82, Mukhopadhyay Zila",Chennai,MH,VERIFIED,2026-03-29 06:36:46.544845
CUST000127,Netra,Deshmukh,1995-11-26,ghosereyansh@example.org,3070534578,"H.No. 79, Goel Chowk",Kolkata,DL,VERIFIED,2025-05-30 23:06:37.830895
CUST000128,Urvi,Palla,1970-08-06,gautam40@example.com,2933334680,"03/49, Maharaj Road",Kolkata,KA,PENDING,2026-05-25 01:31:48.179542
CUST000129,Krisha,Palla,1977-04-02,unnatimittal@example.net,9108589944,"H.No. 54, Misra Road",Pune,TN,VERIFIED,2024-04-17 01:09:15.066371
CUST000130,Zansi,Khosla,2002-10-24,rnagarajan@example.org,7446660993,"58/428, Memon Street",Kolkata,MH,REJECTED,2023-05-16 03:11:53.095944
CUST000131,Kabir,Kuruvilla,1992-09-10,gautamichakraborty@example.org,3465549471,"38, Raj Zila",Pune,DL,PENDING,2023-01-06 06:19:34.328713
CUST000132,Odika,Bhagat,2001-02-20,lakshiyer@example.com,9725217525,"292, Chakrabarti Chowk",Bangalore,DL,REJECTED,2024-09-15 18:36:18.848974
CUST000133,Radha,Sanghvi,1974-01-10,arajagopal@example.org,5058300335,"94/21, Misra Nagar",Delhi,KA,VERIFIED,2023-02-20 18:32:03.317221
CUST000134,Tamanna,Venkatesh,1985-03-22,radha25@example.com,3260332309,"06/489, Bava Nagar",Chennai,WB,VERIFIED,2026-05-07 19:27:21.260731
CUST000135,Anmol,Bava,1990-08-21,ysawhney@example.org,7230461849,"91/41, Tank Zila",Kolkata,TN,REJECTED,2025-03-23 20:23:58.474303
CUST000136,Ryan,Lall,1998-11-10,ishitarout@example.com,0873753001,"H.No. 811, Kashyap Road",Hyderabad,MH,PENDING,2023-05-30 20:28:13.895843
CUST000137,Chaman,Lalla,1977-07-23,ghoshbalveer@example.com,5611002255,"H.No. 52, Rattan Zila",Kolkata,TS,REJECTED,2024-06-03 04:33:58.329627
CUST000138,Tanmayi,Magar,1999-02-07,psama@example.org,2021697972,"27/716, Batra Chowk",Chennai,WB,REJECTED,2024-03-14 08:08:59.274829
CUST000139,Dipta,Arora,1991-07-01,hamsinivenkataraman@example.net,6375628900,"175, Narayanan Ganj",Mumbai,TN,VERIFIED,2022-11-18 05:29:33.562099
CUST000140,Chandresh,Tripathi,1963-07-20,prau@example.org,7971775170,"80/19, Modi",Pune,WB,REJECTED,2026-06-07 20:04:13.778213
CUST000141,Samuel,Shan,2005-10-02,chatura37@example.com,5711305548,"726, Kumar Zila",Delhi,GJ,PENDING,2026-02-13 07:27:16.130026
CUST000142,Raghav,Dara,2004-08-01,dkale@example.org,1609177982,"69/78, Ghose Street",Ahmedabad,MH,REJECTED,2025-01-09 16:50:48.898857
CUST000143,Kabir,Chawla,1973-02-06,yamini66@example.net,4654722698,"394, Deo Path",Ahmedabad,TS,VERIFIED,2025-06-29 21:44:51.596867
CUST000144,Pranav,Thakur,1982-02-04,jack58@example.com,8460810620,"H.No. 42, Merchant Nagar",Chennai,DL,VERIFIED,2026-06-23 20:23:04.122210
CUST000145,Bachittar,Parmer,1997-11-05,kapurlopa@example.org,0666580043,"89/33, Sen Road",Pune,TN,VERIFIED,2023-06-07 12:21:05.257951
CUST000146,Falan,Grover,2006-06-16,purohitbanjeet@example.com,8422940572,"94/798, Bora Path",Pune,TS,VERIFIED,2023-04-30 11:41:06.023746
CUST000147,Eesha,Vora,1963-05-22,ekanshtiwari@example.org,8861533555,"01/57, Kohli Ganj",Mumbai,MH,PENDING,2025-09-14 12:21:49.238253
CUST000148,Ekani,Raj,2003-10-04,rajuaahana@example.net,0858877043,"880, Kade Zila",Bangalore,GJ,PENDING,2026-05-22 17:46:19.157079
CUST000149,Tanay,Samra,1999-02-06,radhikabora@example.net,0750110248,"67, Sant Marg",Pune,WB,PENDING,2025-04-04 19:41:10.781930
CUST000150,Lopa,Dani,1981-08-26,bathelijah@example.com,4491476607,"68/424, Apte Path",Kolkata,MH,VERIFIED,2023-11-15 08:37:26.225640
CUST000151,Lohit,Dasgupta,1953-01-19,jyogi@example.org,3536822239,"90/878, Mannan Zila",Mumbai,KA,PENDING,2024-10-19 16:02:36.956882
CUST000152,Zashil,Chaudhari,1962-01-30,wnarayanan@example.org,1491357759,"H.No. 62, Munshi Nagar",Pune,TS,REJECTED,2025-04-06 18:03:13.159990
CUST000153,Timothy,Sarin,1966-09-05,krish57@example.com,5478129142,"10/809, Ravel",Ahmedabad,MH,REJECTED,2023-08-06 20:44:34.468263
CUST000154,Simon,Bansal,1982-08-16,xdixit@example.com,9427881658,"27/22, Dhingra",Pune,KA,PENDING,2025-08-24 07:00:55.439658
CUST000155,Veda,Parmer,1952-12-22,ekata@example.com,3038567700,"49/892, Radhakrishnan Marg",Hyderabad,GJ,REJECTED,2025-07-07 16:03:49.353784
CUST000156,Faras,Varughese,1965-03-22,zaitraravi@example.com,7790827231,"259, Karpe Zila",Delhi,GJ,REJECTED,2024-01-24 07:44:31.690304
CUST000157,Ganga,Comar,1978-07-23,nsrinivas@example.net,6030299228,"428, Bahl Marg",Kolkata,GJ,VERIFIED,2024-04-03 21:26:04.738367
CUST000158,Bhanumati,Chada,1963-03-12,ksubramaniam@example.org,9292984257,"62, Babu Zila",Ahmedabad,GJ,VERIFIED,2026-01-27 17:00:33.910896
CUST000159,Yamini,Saini,1998-07-27,goelvamakshi@example.net,8811729806,"86/376, Chaudhari Path",Pune,TN,REJECTED,2023-06-05 03:36:16.534998
CUST000160,Aachal,Sood,1995-01-19,mandernilima@example.com,0098180635,"94, Wason Road",Ahmedabad,MH,VERIFIED,2024-04-19 10:56:22.752683
CUST000161,Jasmit,Majumdar,2008-02-27,ajani@example.net,2588744956,"21/386, Ben Path",Ahmedabad,KA,VERIFIED,2024-04-16 16:43:53.197477
CUST000162,Abdul,Chand,1998-05-19,fsaran@example.org,3519066984,"03, Mangal Circle",Pune,TN,VERIFIED,2023-04-06 14:34:19.757857
CUST000163,Yashvi,Varty,1991-02-21,balendraparsa@example.org,2146566938,"89/554, Hayer Ganj",Delhi,KA,VERIFIED,2023-05-25 06:31:36.947097
CUST000164,Netra,Agrawal,1965-10-10,gtoor@example.net,8451848947,"H.No. 77, Bala",Hyderabad,MH,PENDING,2024-05-31 08:08:49.569024
CUST000165,Aarna,Bir,1972-10-28,victormutti@example.com,8804341651,"H.No. 39, Goswami Road",Hyderabad,MH,VERIFIED,2024-07-09 06:39:38.996680
CUST000166,Ranveer,Tara,1993-05-20,wyattlanka@example.org,3395211179,"H.No. 95, Maharaj Chowk",Kolkata,WB,VERIFIED,2026-05-05 21:15:19.375449
CUST000167,Yasti,Mammen,1973-09-16,chaturavora@example.com,8085627187,"91, Pathak Path",Ahmedabad,WB,VERIFIED,2024-07-21 22:05:17.160776
CUST000168,Aashi,Grover,1982-06-13,amrutasinha@example.net,5276365564,"31/43, Sankaran Circle",Pune,WB,PENDING,2025-01-12 11:00:10.628114
CUST000169,Rohan,Dhingra,1997-01-12,urvashiandra@example.org,7288574489,"H.No. 347, Sengupta Zila",Mumbai,WB,PENDING,2025-12-26 22:35:07.961434
CUST000170,Abha,Patel,1971-07-13,hemangini06@example.org,9399824558,"47/22, Sama Path",Mumbai,DL,VERIFIED,2025-07-20 01:56:06.114639
CUST000171,Nidhi,Bora,1955-03-21,vedant55@example.net,4964759876,"34/132, Chauhan Marg",Kolkata,WB,REJECTED,2025-02-07 22:11:17.487054
CUST000172,Urvashi,Bhagat,1952-02-28,wviswanathan@example.org,4921643347,"H.No. 055, Sibal Chowk",Pune,GJ,VERIFIED,2023-01-03 07:56:43.695403
CUST000173,Anita,Saxena,1958-06-20,tanmayisaran@example.net,5783174564,"25/47, Anand Circle",Chennai,WB,PENDING,2026-06-14 18:10:13.771520
CUST000174,Vyanjana,Sood,1968-01-04,mmaster@example.org,8536866326,"38, Magar",Mumbai,WB,VERIFIED,2025-04-29 18:27:05.953962
CUST000175,Amruta,Sachar,1961-07-14,gopallaban@example.com,7974973502,"H.No. 442, Anand Chowk",Kolkata,TS,PENDING,2023-09-30 23:00:31.985648
CUST000176,Matthew,Aurora,1979-04-05,osha47@example.com,0512046187,"H.No. 136, Kota Chowk",Hyderabad,MH,PENDING,2023-07-18 17:45:37.877397
CUST000177,Bahadurjit,Issac,1977-05-11,vermasathvik@example.com,4520881474,"H.No. 365, Ganesh Nagar",Mumbai,KA,PENDING,2025-07-10 02:25:10.310388
CUST000178,Jagdish,Randhawa,1996-05-27,basakvaishnavi@example.net,5132719500,"735, Palan Circle",Hyderabad,GJ,VERIFIED,2025-09-29 08:07:17.289368
CUST000179,Reva,Hans,1951-11-14,uparmar@example.org,0778487392,"H.No. 98, Biswas Street",Mumbai,TN,PENDING,2025-10-15 06:31:49.824862
CUST000180,Shivani,Merchant,1998-02-27,sudiksha08@example.com,0959351863,"45/65, Char Zila",Delhi,MH,PENDING,2024-09-17 15:12:51.455498
CUST000181,Ekalinga,Bassi,1999-01-27,pranavbalay@example.org,7310967899,"10/37, Sidhu Zila",Delhi,DL,PENDING,2024-09-06 06:38:14.363925
CUST000182,Darsh,Patel,1982-12-30,ypillay@example.net,9480141381,"383, Gola",Chennai,WB,VERIFIED,2025-10-08 19:48:01.538844
CUST000183,Ojasvi,Cherian,1995-01-28,tara61@example.org,8685289755,"65/939, Kala Circle",Bangalore,GJ,VERIFIED,2024-10-26 16:18:00.679689
CUST000184,Aachal,Parsa,2006-05-29,aranganathan@example.net,4908240433,"H.No. 075, Devi Street",Mumbai,DL,VERIFIED,2024-02-07 07:08:47.257986
CUST000185,Zaid,Kaul,1965-06-29,george96@example.net,1572791940,"H.No. 56, Dara Marg",Bangalore,MH,VERIFIED,2023-09-02 18:50:23.703425
CUST000186,Utkarsh,Apte,1987-05-25,tbhagat@example.net,5892583206,"646, Deo Street",Pune,MH,VERIFIED,2026-01-15 05:27:11.965332
CUST000187,Vamakshi,Bawa,1982-06-04,frederick68@example.com,2783769389,"H.No. 65, Chakraborty",Hyderabad,MH,VERIFIED,2023-12-13 15:22:38.866665
CUST000188,Odika,Sampath,1971-10-26,ekanipadmanabhan@example.net,4259792703,"H.No. 039, Mani Street",Ahmedabad,KA,REJECTED,2023-01-27 14:57:29.349149
CUST000189,Indrajit,Mody,1976-09-25,narulashaurya@example.net,3884879206,"043, Madan",Pune,GJ,VERIFIED,2022-09-08 05:58:59.873088
CUST000190,Abhiram,Bhavsar,1973-03-04,jagvi10@example.com,3681579812,"H.No. 384, Suri Path",Delhi,TS,REJECTED,2022-11-03 13:26:56.744845
CUST000191,Naksh,Badami,1970-09-29,isha43@example.net,0460843256,"39, Sandhu Street",Bangalore,TS,VERIFIED,2024-03-04 12:53:09.446685
CUST000192,Forum,Sen,1982-01-30,lakshitjain@example.org,8262925188,"05/664, Mahal Chowk",Bangalore,MH,VERIFIED,2026-06-08 09:32:14.045546
CUST000193,Raghav,Chhabra,1958-04-05,lokevihaan@example.net,3051728975,"233, Rege Nagar",Kolkata,WB,VERIFIED,2023-03-25 01:00:27.080611
CUST000194,Alexander,Madan,2005-09-28,samakshjayaraman@example.org,7975736609,"17/70, Venkataraman Ganj",Bangalore,MH,VERIFIED,2025-08-17 14:55:43.415968
CUST000195,Balveer,Ram,1980-07-26,guptabishakha@example.com,4472649082,"982, Sachdev Marg",Chennai,KA,REJECTED,2024-09-27 06:24:06.430180
CUST000196,Aryan,Gola,1976-12-11,suhanichana@example.com,2111751868,"H.No. 259, Gaba Street",Mumbai,DL,REJECTED,2023-11-25 10:58:19.270275
CUST000197,Praneel,Behl,1974-12-19,sanaya42@example.org,3094077780,"77/67, Ahuja Zila",Kolkata,DL,VERIFIED,2026-01-13 20:12:36.227280
CUST000198,Arunima,Johal,1953-06-20,christopherpalla@example.org,0994510162,"95, Chander Nagar",Delhi,MH,PENDING,2023-08-04 18:32:04.246878
CUST000199,Ekantika,Pillay,2002-09-09,sanedhruv@example.com,2145868339,"94, Nadig Marg",Ahmedabad,KA,PENDING,2025-08-23 07:22:40.981773
CUST000200,Irya,Dayal,1986-04-05,uvenkatesh@example.net,7293430107,"05, Kala Path",Delhi,GJ,VERIFIED,2023-08-26 03:51:19.416193
CUST000201,Saksham,Manda,1965-05-21,morarcharita@example.net,0155699023,"H.No. 272, Yadav Chowk",Kolkata,TS,REJECTED,2022-09-04 18:19:22.093817
CUST000202,Turvi,Sachdev,2004-06-11,vermachandani@example.net,8803955124,"96/29, Morar Zila",Chennai,GJ,PENDING,2026-02-21 15:15:07.466678
CUST000203,Divya,Balay,1966-05-18,tanejawazir@example.com,4384215031,"23/57, Mukherjee Circle",Kolkata,TN,VERIFIED,2025-05-24 19:19:30.169561
CUST000204,Luke,Chaudhari,1998-04-26,sameshbansal@example.com,8104091570,"43/53, Mangat Ganj",Pune,KA,VERIFIED,2025-09-02 08:30:29.889550
CUST000205,Eiravati,Sastry,1989-07-22,manthan24@example.org,9881385854,"149, Zachariah Path",Ahmedabad,MH,PENDING,2023-09-19 11:19:35.220852
CUST000206,Kalpit,Balakrishnan,1977-12-07,cherianleela@example.org,6629979545,"21/71, Mukherjee Chowk",Kolkata,DL,VERIFIED,2024-05-15 10:32:55.922051
CUST000207,Udyati,Singhal,1964-01-26,maanaskuruvilla@example.com,2557701715,"H.No. 99, Trivedi Street",Ahmedabad,DL,VERIFIED,2025-04-25 01:23:41.084296
CUST000208,Hredhaan,Nanda,1982-11-21,mittaltriya@example.com,3938276153,"32/19, Contractor Chowk",Ahmedabad,MH,VERIFIED,2023-01-13 21:20:43.057344
CUST000209,Ubika,Nanda,1982-10-29,tgoda@example.com,9196570132,"84, Sekhon Marg",Chennai,DL,VERIFIED,2024-12-13 23:01:21.044739
CUST000210,Edhitha,Mistry,1983-09-16,radhika51@example.net,9862405800,"H.No. 369, Nadkarni Marg",Chennai,MH,REJECTED,2023-05-26 14:07:36.628313
CUST000211,Nidra,Raj,1975-11-15,oscarsoman@example.org,8656242201,"126, Sandal Chowk",Pune,KA,VERIFIED,2025-06-03 02:48:40.569851
CUST000212,Suhani,Upadhyay,1975-03-26,wrajagopalan@example.org,6909738468,"75/19, Buch Chowk",Kolkata,GJ,REJECTED,2025-01-27 10:35:16.120697
CUST000213,Ati,Shroff,1980-08-12,korpalurmi@example.net,8949058077,"54, Ganesh Road",Pune,GJ,PENDING,2023-03-10 22:03:22.621239
CUST000214,Daksha,Lad,1954-03-12,kgara@example.org,9047128144,"H.No. 01, Ghosh",Ahmedabad,MH,VERIFIED,2022-10-09 03:33:02.725749
CUST000215,Matthew,Sekhon,1972-01-29,advikakeer@example.com,8051292766,"50/41, Ganesh Nagar",Chennai,MH,PENDING,2026-03-13 23:01:20.635480
CUST000216,Vamakshi,Mitra,1978-04-03,ladliramakrishnan@example.com,2860476580,"45/44, Kumer Zila",Pune,TN,REJECTED,2024-06-13 14:01:24.642590
CUST000217,Mahika,Shenoy,1995-06-23,robertvenkatesh@example.com,5800106181,"H.No. 30, Chanda Nagar",Delhi,GJ,REJECTED,2025-03-12 22:28:39.973487
CUST000218,Teerth,Dara,1991-09-13,chadhakalpit@example.com,1244717465,"H.No. 665, Kuruvilla Nagar",Delhi,WB,REJECTED,2022-11-08 23:50:16.954594
CUST000219,Alka,Gokhale,1976-03-08,niyer@example.com,7128639174,"47/07, Acharya Street",Delhi,DL,PENDING,2026-05-18 00:44:42.108815
CUST000220,Madhavi,Lata,1959-06-04,mahika90@example.net,7661830671,"46/015, Oak Circle",Chennai,TN,VERIFIED,2026-04-15 12:44:48.266748
CUST000221,Tripti,Mann,1988-03-15,balveerrajagopalan@example.net,4615717320,"61, Morar Circle",Pune,KA,VERIFIED,2022-12-12 17:28:15.067638
CUST000222,Shivani,Babu,1952-10-11,nazarethbrijesh@example.com,3878293102,"202, Mohanty Nagar",Delhi,KA,REJECTED,2024-08-03 15:00:47.090234
CUST000223,Gunbir,Shan,1986-01-30,cherianishaan@example.com,1365651982,"H.No. 11, Dhaliwal Road",Hyderabad,MH,VERIFIED,2025-11-06 01:01:12.876191
CUST000224,Om,Pingle,1982-09-23,lkohli@example.org,1962071002,"72/324, Seshadri Circle",Ahmedabad,TN,REJECTED,2025-08-07 14:54:47.483783
CUST000225,Owen,Barad,1985-03-20,ochakrabarti@example.com,6083318195,"34/031, Som Street",Chennai,KA,VERIFIED,2024-03-31 04:44:54.730834
CUST000226,Nathaniel,Bassi,1953-10-06,bhavani36@example.com,9701082207,"79/956, Nanda Ganj",Chennai,MH,VERIFIED,2024-07-31 12:30:44.111050
CUST000227,Imaran,Nanda,1963-11-04,nitaraiyengar@example.com,1797062397,"35, Jain Road",Hyderabad,TN,VERIFIED,2023-07-14 19:24:40.250247
CUST000228,Azad,Bhasin,1966-11-27,shrofftara@example.com,5349292983,"977, Atwal Road",Hyderabad,TN,VERIFIED,2023-12-13 05:52:11.658678
CUST000229,Yatin,Kota,1969-08-12,manthanahluwalia@example.com,0780686717,"63/254, Chana Ganj",Mumbai,TN,VERIFIED,2025-06-29 05:22:09.214538
CUST000230,Dalaja,Edwin,1991-06-04,shaubika@example.org,2570165804,"19/508, Behl Path",Ahmedabad,KA,VERIFIED,2022-09-11 09:25:49.990274
CUST000231,Jasmit,Shroff,1986-07-17,jeevika28@example.net,8325381793,"64/01, Pai Path",Chennai,GJ,PENDING,2023-01-25 09:16:07.419473
CUST000232,Yachana,Vyas,1998-09-30,rwali@example.net,7951371162,"H.No. 12, Dora Chowk",Ahmedabad,DL,VERIFIED,2024-05-27 23:29:50.304267
CUST000233,Arin,Memon,1974-10-16,urvipalan@example.com,0431038569,"49, Mohan Street",Mumbai,TN,PENDING,2026-01-22 16:15:52.807053
CUST000234,Abha,Karan,1978-09-19,champak25@example.com,2928422223,"45, Jha Street",Bangalore,KA,PENDING,2023-04-22 08:18:54.885998
CUST000235,Bakhshi,Nadig,2007-05-11,kashishsen@example.net,8410672752,"47/492, Sathe",Ahmedabad,KA,REJECTED,2024-11-01 11:51:43.717806
CUST000236,Isaiah,Srinivas,2002-11-04,jacksonmorar@example.org,9375150939,"H.No. 187, Vala Zila",Mumbai,TS,VERIFIED,2023-12-17 05:47:35.523432
CUST000237,Vritti,Nadkarni,1985-08-13,patelmitali@example.org,5650455478,"42, Sachdeva Marg",Chennai,KA,VERIFIED,2024-03-06 00:02:46.294515
CUST000238,Gabriel,Dhawan,1962-09-06,vvohra@example.org,1064628792,"70/49, Tak Road",Bangalore,WB,REJECTED,2023-03-07 07:31:08.151860
CUST000239,Ubika,Kapur,1952-03-09,dubeadweta@example.com,1462730147,"64/71, Vala Path",Pune,WB,PENDING,2024-10-27 21:45:07.121812
CUST000240,Anay,Lad,1960-01-28,dhingraekaja@example.com,5204565044,"21/928, Mutti Path",Ahmedabad,TN,REJECTED,2025-07-03 10:19:16.099728
CUST000241,Charvi,Madan,1990-05-22,gopal89@example.com,0284576521,"898, Comar Circle",Kolkata,TN,REJECTED,2025-11-14 17:55:16.248456
CUST000242,Faraj,Dada,1998-02-15,srinivasanijaya@example.com,2798524013,"321, Choudhury Marg",Mumbai,KA,VERIFIED,2024-04-07 19:16:46.164985
CUST000243,Veda,Sankar,1953-02-04,baliyochana@example.net,7140140119,"50/124, Pall",Pune,TN,VERIFIED,2022-12-08 20:00:24.155955
CUST000244,Xiti,Khurana,1979-12-01,chaudharyakshay@example.net,3428013875,"566, Varkey Ganj",Hyderabad,MH,VERIFIED,2024-01-05 14:04:16.993233
CUST000245,Isaiah,Murthy,1957-10-19,venkateshlaban@example.com,4801571647,"64/63, Soni Zila",Bangalore,TS,VERIFIED,2023-07-11 05:14:37.327691
CUST000246,Jhalak,Gola,1951-05-16,zcheema@example.com,1266912153,"H.No. 367, Mahajan Road",Kolkata,GJ,REJECTED,2026-04-24 09:16:15.696437
CUST000247,Mugdha,Parekh,1978-03-25,gsundaram@example.com,7114773201,"695, Mitter Street",Ahmedabad,TN,VERIFIED,2025-08-05 20:04:57.097250
CUST000248,Gopal,Bose,1988-12-21,mshukla@example.com,7848588006,"77, Bali Nagar",Pune,TN,VERIFIED,2025-01-25 14:34:10.730848
CUST000249,Chavvi,Gala,1979-02-19,devikaramachandran@example.com,9788977828,"69/54, Bhat Path",Ahmedabad,KA,VERIFIED,2023-04-29 16:33:55.302283
CUST000250,Chakradev,Dave,1999-03-05,avi56@example.org,5565033349,"H.No. 20, Nanda Circle",Chennai,MH,PENDING,2022-09-28 20:59:36.111106
CUST000251,Pahal,Varma,2002-11-30,anmol79@example.org,6965917135,"45/63, Borra Chowk",Bangalore,MH,VERIFIED,2022-10-12 02:00:05.164159
CUST000252,Tanish,Mani,1966-01-04,neelima39@example.net,9195419876,"46/85, Sachdeva Ganj",Chennai,TS,VERIFIED,2025-12-04 03:33:39.660490
CUST000253,Yutika,Setty,1989-08-01,anirudhvarty@example.org,3748969083,"466, Bhatt Path",Mumbai,TS,VERIFIED,2024-03-17 06:34:41.133705
CUST000254,Nitara,Loke,1998-05-29,aahanakeer@example.com,1230347786,"H.No. 20, Mall Road",Chennai,GJ,VERIFIED,2025-02-11 17:20:14.522650
CUST000255,Patrick,Basak,2006-07-13,dbahri@example.org,9416516231,"13, Das",Ahmedabad,TN,PENDING,2025-03-19 03:05:41.671709
CUST000256,Dhriti,Narayan,1998-11-27,bkeer@example.org,1234764907,"67/34, Patil Street",Chennai,GJ,PENDING,2025-08-30 00:03:56.686927
CUST000257,Jhalak,Morar,1951-11-08,bhagatwriddhish@example.com,4518376064,"275, Bandi Marg",Bangalore,MH,PENDING,2024-06-29 14:54:03.257324
CUST000258,Faris,Swamy,1977-12-15,tnatarajan@example.com,2481569857,"20/634, Butala Path",Delhi,TN,VERIFIED,2023-09-15 17:35:15.507010
CUST000259,Zaid,Varty,1992-01-07,nirjanagarajan@example.com,2429543165,"H.No. 089, Chakraborty Ganj",Bangalore,MH,REJECTED,2023-01-25 04:31:03.259623
CUST000260,Rushil,Lala,1991-04-22,chandranrattan@example.net,9421529108,"334, Talwar Road",Mumbai,TN,REJECTED,2026-06-13 12:50:32.782151
CUST000261,Raagini,Jhaveri,1985-06-08,ranbir62@example.com,0443973597,"H.No. 63, Sampath Marg",Mumbai,TS,PENDING,2024-02-17 07:54:22.647420
CUST000262,Aahana,Bora,1956-02-27,bengaurangi@example.org,5990048964,"24/28, Nori Chowk",Ahmedabad,TN,VERIFIED,2025-07-07 22:23:34.848318
CUST000263,Kevin,Chakraborty,1969-01-13,qdhar@example.org,0274564494,"H.No. 72, Sarraf Circle",Kolkata,GJ,VERIFIED,2026-01-26 19:59:00.767678
CUST000264,Manthan,Bhagat,1963-12-18,singhalabha@example.org,6170758777,"H.No. 342, Trivedi Street",Ahmedabad,DL,PENDING,2022-11-03 18:09:07.266441
CUST000265,Simon,Agrawal,1981-02-20,omajabose@example.org,1504165915,"77/490, Bassi Path",Delhi,DL,VERIFIED,2025-11-08 15:57:18.049378
CUST000266,Sneha,Nair,2005-08-01,siddharthbava@example.net,5018961642,"266, Dube Road",Hyderabad,DL,PENDING,2025-03-15 13:18:27.068166
CUST000267,Vritti,Sankaran,1993-04-24,karan51@example.com,7767499616,"61/085, Kapur Chowk",Ahmedabad,TN,PENDING,2023-02-08 04:10:44.550817
CUST000268,Mohammed,Tandon,1981-03-19,mannanupadhriti@example.com,7422438649,"18/66, Shetty Zila",Mumbai,GJ,VERIFIED,2025-03-03 07:15:27.406964
CUST000269,Zehaan,Pant,1965-05-31,thakuramol@example.org,2260164597,"321, Lad",Delhi,TN,VERIFIED,2025-03-22 06:07:07.312628
CUST000270,Hitesh,Saraf,1981-08-16,ranajackson@example.org,7769749956,"H.No. 310, Bala Ganj",Bangalore,WB,REJECTED,2026-01-17 20:16:34.985544
CUST000271,Maanav,Khurana,1975-11-28,gabrielmitra@example.com,7601227770,"H.No. 96, Nath Nagar",Mumbai,GJ,PENDING,2023-06-14 23:55:00.084305
CUST000272,Rachana,Sagar,1999-11-07,balhaar76@example.com,3080695814,"57/60, Mani Street",Mumbai,MH,REJECTED,2022-08-30 20:46:01.287905
CUST000273,Upasna,Padmanabhan,1976-01-16,harinakshisidhu@example.org,6657293417,"71/67, Keer Road",Delhi,GJ,PENDING,2025-06-23 18:34:10.774543
CUST000274,Champak,Badami,1971-06-10,ishanvi22@example.net,1561931837,"42/89, Bedi Zila",Mumbai,MH,VERIFIED,2023-06-15 06:54:14.976001
CUST000275,Raksha,Shankar,2006-06-19,cherianharsh@example.net,8121352478,"H.No. 21, Sarna Ganj",Hyderabad,TN,PENDING,2026-04-06 13:42:12.600870
CUST000276,Abeer,Korpal,1999-01-19,som@example.net,1456532863,"85, Savant Nagar",Ahmedabad,KA,VERIFIED,2026-06-07 02:36:40.011551
CUST000277,Advaith,Varughese,2005-05-13,nigamdivya@example.com,6060290846,"H.No. 04, Din Circle",Pune,TS,VERIFIED,2023-03-15 22:08:52.507038
CUST000278,Sanaya,Jha,2002-02-10,zpai@example.net,3410856288,"52/00, Kuruvilla Circle",Mumbai,WB,VERIFIED,2025-05-17 16:36:06.006602
CUST000279,Daksha,Sami,2007-11-16,bhasinkashish@example.com,1017490753,"H.No. 44, Dey",Pune,KA,PENDING,2023-07-30 22:40:55.078980
CUST000280,Zinal,Kota,1956-09-25,jalsasha@example.org,6611062737,"88/64, Tara",Bangalore,TS,PENDING,2025-06-06 19:19:28.268162
CUST000281,Ria,Suri,1993-01-26,jgaba@example.net,7728813770,"61/15, Mann",Chennai,TN,PENDING,2025-02-15 08:21:03.555665
CUST000282,Michael,Dalal,1972-03-05,chavvi47@example.org,2960443270,"H.No. 679, Sethi Road",Ahmedabad,GJ,VERIFIED,2022-10-16 05:45:05.319305
CUST000283,Krishna,Soman,1999-01-12,lakshitthaman@example.net,7725199663,"74/120, More",Ahmedabad,TS,PENDING,2026-02-27 20:56:33.431353
CUST000284,Jatin,Chada,1961-10-16,vigranbir@example.com,1820433971,"07/05, Gole Marg",Pune,TS,VERIFIED,2024-10-30 10:18:32.421000
CUST000285,Edhitha,Raja,1965-07-19,chaudharyom@example.com,2412462095,"15, Sachar Street",Chennai,WB,VERIFIED,2024-04-04 08:31:06.480626
CUST000286,Aarna,Prashad,2005-03-30,bensamaksh@example.org,7886140578,"30, Chaudhuri Road",Chennai,MH,VERIFIED,2026-02-17 11:03:12.578832
CUST000287,Jeremiah,Modi,1983-08-04,ochacko@example.net,2582386870,"20/074, Krishna",Chennai,GJ,VERIFIED,2023-08-07 01:35:01.724231
CUST000288,Lajita,Panchal,1999-06-30,yashvimanda@example.org,8914161284,"54/743, Om Path",Ahmedabad,GJ,VERIFIED,2025-12-02 20:54:02.451420
CUST000289,Falguni,Babu,2003-08-24,aarnavsoni@example.org,2687681180,"56/20, Shere Zila",Delhi,WB,PENDING,2023-06-16 23:48:18.288726
CUST000290,Reyansh,Saxena,1951-03-05,mandishita@example.org,9433750479,"H.No. 498, Garde Chowk",Delhi,MH,VERIFIED,2024-01-31 17:46:18.333742
CUST000291,Parth,Bhattacharyya,1984-09-29,dattaaashi@example.net,8430894870,"41, Shukla Circle",Kolkata,MH,PENDING,2024-10-17 04:19:15.741362
CUST000292,Zansi,Bassi,2001-11-22,champakmall@example.com,5063519036,"H.No. 41, Bala Zila",Mumbai,DL,PENDING,2024-07-28 17:52:57.192040
CUST000293,Arjun,Natt,1999-05-20,hritiksolanki@example.org,0583199717,"H.No. 651, Bhatia Street",Kolkata,WB,VERIFIED,2024-07-06 09:50:46.480002
CUST000294,Riya,Bhakta,1968-02-12,gbhatti@example.net,8046619639,"69, Chaudhuri",Ahmedabad,MH,VERIFIED,2026-03-26 19:34:13.949509
CUST000295,Atharv,Setty,1980-08-18,hritikchauhan@example.org,9392845679,"H.No. 024, Sarin",Delhi,KA,PENDING,2023-12-18 13:48:08.854334
CUST000296,Ishita,Mukhopadhyay,1984-06-25,manansingh@example.com,4508920388,"315, Soni Ganj",Bangalore,GJ,VERIFIED,2024-08-22 20:38:17.091744
CUST000297,Unni,Narula,2000-01-18,chandani65@example.org,7073033793,"620, Anne Path",Hyderabad,WB,VERIFIED,2025-05-09 19:15:06.337585
CUST000298,Ayushman,Contractor,1958-11-21,ohayer@example.net,0033423425,"H.No. 241, Devan Nagar",Bangalore,GJ,VERIFIED,2022-12-03 02:29:32.450663
CUST000299,Indrajit,Nigam,2004-12-04,tanmayi35@example.com,8961122338,"30/993, Menon Circle",Delhi,WB,VERIFIED,2024-02-12 19:41:58.955168
CUST000300,Falak,Kota,1953-09-20,jonathan89@example.com,1791286857,"58/777, Rattan Road",Delhi,WB,VERIFIED,2025-09-22 11:11:07.124407
CUST000301,Balhaar,Johal,1963-05-13,siyakeer@example.com,4669254812,"907, Nayar Circle",Ahmedabad,MH,REJECTED,2025-02-17 16:49:35.182061
CUST000302,Unni,Sankaran,1974-05-08,rnadig@example.com,2734151488,"H.No. 115, Iyer Nagar",Bangalore,MH,VERIFIED,2024-04-20 07:59:24.387121
CUST000303,Forum,Krishna,1968-03-10,rayaan92@example.net,0445669078,"37/389, Sidhu Circle",Pune,KA,PENDING,2023-12-10 04:35:57.051089
CUST000304,Triya,Oak,1996-07-24,raghav66@example.org,7805292407,"68, Nanda Road",Bangalore,KA,PENDING,2025-06-18 11:32:31.828319
CUST000305,Azad,Dewan,1959-07-18,mahika63@example.com,8637159741,"H.No. 970, Issac Street",Hyderabad,TN,VERIFIED,2024-12-06 12:09:44.134952
CUST000306,Libni,Mander,1962-07-28,ekaraj70@example.com,2566212867,"467, Mukherjee Street",Mumbai,DL,VERIFIED,2022-11-27 00:52:25.291911
CUST000307,Yadavi,Shanker,1966-08-10,dharsanaya@example.org,9385977790,"46/926, Gola Ganj",Chennai,DL,VERIFIED,2024-12-07 06:35:59.758454
CUST000308,Rachana,Shankar,1972-12-10,girishramaswamy@example.net,3248413768,"56/72, Johal Road",Kolkata,TS,VERIFIED,2026-02-27 09:51:40.433405
CUST000309,Turvi,Bala,1954-11-16,vraj@example.net,3600412577,"72/742, Badami Street",Kolkata,TS,VERIFIED,2024-08-12 18:08:09.991511
CUST000310,Peter,Menon,1957-10-31,eganguly@example.net,4275230837,"47/090, Purohit Nagar",Hyderabad,KA,REJECTED,2025-01-04 04:10:21.306741
CUST000311,Zaid,Prasad,2003-05-05,gavinbabu@example.com,0531312206,"39/38, Sangha Marg",Kolkata,MH,PENDING,2025-08-21 07:22:30.912856
CUST000312,Tanay,Cherian,1971-04-25,alexanderratti@example.net,0637314950,"71/89, Krishnamurthy Street",Hyderabad,MH,PENDING,2023-02-08 11:06:56.002575
CUST000313,Ekta,Rama,1989-12-13,gaurangigill@example.net,7150997683,"H.No. 914, Sangha Ganj",Chennai,GJ,VERIFIED,2026-05-22 22:30:26.969810
CUST000314,Fariq,Bhasin,1958-08-11,mminhas@example.org,3039752450,"553, Zacharia Ganj",Mumbai,GJ,VERIFIED,2025-08-07 04:27:40.104117
CUST000315,Yuvraj,Kapadia,1985-11-24,uverma@example.org,0171302321,"816, Mukhopadhyay Chowk",Hyderabad,KA,PENDING,2022-11-04 23:24:18.643095
CUST000316,Rudra,Konda,1975-03-23,chavvimangal@example.net,3471566277,"706, Chacko Marg",Delhi,TN,PENDING,2023-04-11 12:03:10.477008
CUST000317,Charita,Yogi,1959-06-30,aarinirai@example.com,7468971527,"H.No. 857, Sagar Marg",Chennai,GJ,VERIFIED,2025-08-09 11:50:31.193892
CUST000318,Kashvi,Rajagopalan,1979-01-10,regebalvan@example.org,9236458750,"05, Divan Nagar",Pune,WB,PENDING,2026-04-26 02:35:06.497157
CUST000319,Tamanna,Din,1965-05-19,advikdada@example.org,6918362644,"61/195, Luthra Street",Bangalore,MH,PENDING,2023-08-28 13:13:51.270947
CUST000320,Mitali,Morar,1951-01-02,vyanjanaagarwal@example.org,6864622522,"93, Iyer Street",Delhi,TN,VERIFIED,2025-07-26 00:00:25.578482
CUST000321,Qadim,Handa,1965-09-03,osastry@example.net,2141614150,"10/040, Barman",Mumbai,WB,VERIFIED,2022-11-11 23:57:49.296709
CUST000322,Abhimanyu,Prashad,1985-08-09,vedika75@example.net,5555356690,"62, Das Nagar",Mumbai,MH,REJECTED,2023-01-05 04:11:01.820206
CUST000323,Ati,Kothari,1972-01-01,avarma@example.net,0505057397,"71, Memon Marg",Ahmedabad,TN,VERIFIED,2026-01-14 02:37:24.339472
CUST000324,Luke,Venkatesh,2001-06-15,dattawidisha@example.org,8727178333,"02/564, Kurian Ganj",Delhi,MH,VERIFIED,2025-01-04 10:32:04.920031
CUST000325,Jatin,Deshpande,2004-02-25,ychana@example.net,3991566863,"H.No. 115, Guha",Chennai,TS,VERIFIED,2025-03-29 12:29:34.752252
CUST000326,Jack,Pillai,1958-01-08,lajita90@example.com,9836655289,"H.No. 875, Minhas Street",Mumbai,TN,PENDING,2025-07-20 02:46:39.106864
CUST000327,Xalak,Shah,1959-03-08,madhav09@example.com,8149737460,"02/764, Bains Street",Mumbai,DL,VERIFIED,2025-11-29 14:54:19.202485
CUST000328,Geetika,Sami,1989-12-13,mahika61@example.net,4386125904,"74, Kadakia Street",Bangalore,TN,VERIFIED,2024-10-11 16:21:55.936283
CUST000329,Rohan,Andra,1971-08-22,divankrisha@example.com,0157201859,"H.No. 136, Mittal Chowk",Kolkata,TS,VERIFIED,2023-06-27 17:48:35.627733
CUST000330,Orinder,Prashad,1995-08-19,shethlavanya@example.com,5011117830,"H.No. 19, Rajagopalan Street",Hyderabad,DL,REJECTED,2025-04-30 01:48:21.407814
CUST000331,Radha,Misra,1983-10-10,nandadevansh@example.net,6068887189,"920, Sekhon Circle",Chennai,TS,VERIFIED,2024-07-12 10:56:51.181064
CUST000332,Jason,Baral,1958-02-06,neelchahal@example.net,0118458260,"87/297, Virk Path",Ahmedabad,TN,VERIFIED,2025-10-08 02:23:21.444162
CUST000333,Indira,Yohannan,1980-03-30,basuwarjas@example.org,2432983954,"44/62, Shan Marg",Bangalore,GJ,VERIFIED,2026-03-14 21:24:09.568371
CUST000334,Aachal,Sandal,2005-03-01,samarbobal@example.net,3598926256,"H.No. 418, Ray Zila",Hyderabad,MH,PENDING,2022-12-16 17:32:18.039950
CUST000335,Gaurav,Patil,2003-05-15,madhav34@example.org,6361128497,"49/10, Nadkarni Street",Delhi,KA,PENDING,2022-11-21 23:35:06.678386
CUST000336,Lopa,Golla,1970-08-26,lsood@example.org,0822269405,"757, Mangat Circle",Mumbai,TN,REJECTED,2026-05-05 00:22:53.633488
CUST000337,Priya,Verma,2005-04-01,dalajachahal@example.com,5111312901,"82, Tank Chowk",Bangalore,GJ,VERIFIED,2023-09-18 06:56:22.992426
CUST000338,Jeet,Ravi,1951-06-09,abhimanyusandal@example.net,3890972832,"H.No. 676, Prakash Street",Chennai,WB,VERIFIED,2024-08-25 13:24:01.360203
CUST000339,Hamsini,Krish,1998-11-15,mannanchandani@example.com,4309634807,"H.No. 975, Pandya Road",Bangalore,MH,PENDING,2026-06-07 05:45:41.878878
CUST000340,Inaya,Grewal,1973-12-13,chaudhuriraagini@example.com,1882617024,"H.No. 56, Yadav Street",Mumbai,DL,REJECTED,2023-01-19 22:40:46.956965
CUST000341,Ikbal,Sarna,1988-09-11,iedwin@example.com,0531340266,"41, Suresh Marg",Pune,KA,PENDING,2025-10-23 21:13:23.955028
CUST000342,Joshua,Nair,1994-03-12,uthaker@example.net,2110225803,"74, Sunder Road",Chennai,WB,VERIFIED,2024-10-14 19:15:34.491987
CUST000343,Pushti,Kota,1986-06-15,zaidmand@example.org,3637189239,"04, Dhingra Ganj",Hyderabad,MH,VERIFIED,2022-12-15 19:35:13.151823
CUST000344,Ryan,Chand,2000-10-06,hreddy@example.com,3567086041,"63/502, Acharya Nagar",Chennai,GJ,VERIFIED,2024-04-20 14:52:49.693112
CUST000345,Ekanta,Kala,1967-03-07,harrison62@example.com,5541108255,"439, Chahal Marg",Bangalore,MH,REJECTED,2022-11-02 04:39:53.389033
CUST000346,Kalpit,Dara,1953-01-04,reyanshsehgal@example.org,8954738202,"55/71, Bir Marg",Hyderabad,WB,PENDING,2026-02-09 03:16:20.756823
CUST000347,Yahvi,Bains,1960-04-24,kai40@example.net,3678812786,"202, Kamdar",Delhi,WB,REJECTED,2024-07-10 11:52:05.104850
CUST000348,Aditya,Varghese,1977-01-17,chavvi34@example.net,8123083402,"33/810, Pillay Path",Hyderabad,WB,VERIFIED,2024-12-13 21:17:32.306849
CUST000349,Aishani,Deol,1974-04-25,ekta00@example.com,4240891649,"H.No. 43, Rana",Ahmedabad,WB,VERIFIED,2023-11-27 00:46:53.895028
CUST000350,Vincent,Saraf,1972-01-05,fchander@example.org,2239724042,"H.No. 216, Sha Ganj",Mumbai,DL,VERIFIED,2023-03-30 07:32:30.311903
CUST000351,Neha,Chaudhry,1992-08-22,advikchaudhry@example.com,0100231429,"13/279, Gade Chowk",Ahmedabad,GJ,VERIFIED,2026-03-12 12:39:52.063247
CUST000352,Varenya,Dubey,1964-10-09,jatin00@example.org,1862030366,"61/721, Chaudry Ganj",Delhi,KA,VERIFIED,2023-11-02 10:52:31.349938
CUST000353,Baghyawati,Parikh,1955-01-21,jagat51@example.org,2685926249,"54, Agate Zila",Delhi,MH,PENDING,2026-05-19 06:18:25.707871
CUST000354,Manthan,Din,1969-03-16,usekhon@example.com,1964215226,"69, Devi Path",Chennai,MH,VERIFIED,2026-01-03 16:13:04.064095
CUST000355,Yatan,Rajagopal,1974-11-30,iyohannan@example.com,6196893135,"72/10, Patel Path",Ahmedabad,KA,VERIFIED,2025-10-10 10:17:53.761342
CUST000356,Liam,Menon,1977-05-02,nkibe@example.org,2126065019,"H.No. 252, Konda Zila",Mumbai,MH,VERIFIED,2025-12-16 03:02:49.064399
CUST000357,Omaja,Doctor,1995-01-10,vdey@example.net,7657041200,"H.No. 667, Kuruvilla Circle",Pune,TS,REJECTED,2022-12-07 20:59:48.625044
CUST000358,Yachana,Mohan,1991-10-10,rdugar@example.org,2369036289,"66/205, Hayer Marg",Pune,KA,REJECTED,2026-03-26 20:45:12.223574
CUST000359,Hemang,Brahmbhatt,1971-09-01,ayaan34@example.org,1390438303,"70/05, More Zila",Pune,MH,VERIFIED,2023-09-09 20:11:54.705776
CUST000360,Ishanvi,Mandal,2006-03-28,divyaraman@example.net,2156818209,"H.No. 22, Brar Chowk",Delhi,TS,REJECTED,2022-08-31 17:31:32.404187
CUST000361,Girik,Kata,2001-12-05,naveenthaker@example.net,7254596063,"971, Dhar Nagar",Mumbai,TN,VERIFIED,2026-02-06 06:55:56.243994
CUST000362,Dayamai,Chahal,1979-07-27,kmurthy@example.com,1495511274,"H.No. 970, Mangat Path",Hyderabad,TN,VERIFIED,2025-08-20 04:00:23.256337
CUST000363,Kai,Sastry,1971-11-26,kashvi16@example.net,4090380214,"H.No. 367, Palla Zila",Bangalore,MH,VERIFIED,2024-03-15 07:48:42.307000
CUST000364,Udyati,Chopra,1955-08-11,ranganathanrachita@example.org,5155973714,"23, Balay Path",Mumbai,DL,VERIFIED,2024-06-16 05:59:35.499008
CUST000365,Lajita,Bhatia,2004-12-11,qushi73@example.org,0644212146,"34/20, Sangha Zila",Delhi,MH,VERIFIED,2026-07-03 02:45:50.876478
CUST000366,Chameli,Gala,1962-02-24,esubramaniam@example.net,6596089319,"H.No. 272, Nadig Chowk",Chennai,MH,VERIFIED,2023-12-22 00:19:03.197297
CUST000367,Niharika,Lall,1980-10-30,seshadrijeremiah@example.net,9103368296,"90/550, Mohanty Road",Kolkata,KA,VERIFIED,2023-01-29 03:56:44.761596
CUST000368,Jeet,Tata,1988-04-08,asachdev@example.com,8685127652,"46, Chaudhary Road",Ahmedabad,GJ,VERIFIED,2024-08-07 01:28:20.596859
CUST000369,Hemang,Chakraborty,1988-04-23,fchawla@example.net,7890463378,"H.No. 576, Amble Marg",Bangalore,GJ,REJECTED,2026-07-13 22:08:21.115849
CUST000370,Udarsh,Tripathi,1967-01-30,damyanti63@example.org,0002589552,"960, Sanghvi",Pune,MH,REJECTED,2026-04-25 03:38:16.635916
CUST000371,Madhavi,Ghose,1974-01-05,zansi26@example.org,2819648253,"H.No. 920, Brar",Chennai,GJ,VERIFIED,2023-02-20 00:08:37.650563
CUST000372,Aryan,De,2007-09-02,rachit33@example.com,8364041209,"H.No. 244, Chander Street",Mumbai,GJ,PENDING,2024-11-14 19:28:43.736883
CUST000373,Janaki,Johal,1973-04-19,abains@example.org,1366572240,"H.No. 557, Ahluwalia",Kolkata,KA,PENDING,2022-12-08 07:51:13.553059
CUST000374,Aachal,Dara,1961-10-25,wasonarin@example.net,3513052312,"H.No. 584, Tandon Chowk",Ahmedabad,KA,VERIFIED,2023-04-03 05:52:29.689512
CUST000375,Mugdha,Hans,1965-02-19,avniramaswamy@example.org,2376769459,"955, Sengupta Zila",Delhi,TS,VERIFIED,2024-05-04 14:02:04.666000
CUST000376,Bahadurjit,Vaidya,1965-04-23,mmemon@example.net,6012562531,"H.No. 10, Apte Path",Hyderabad,TN,REJECTED,2023-04-15 22:10:52.288479
CUST000377,Tanay,Shroff,1983-07-18,viraj81@example.com,9383184919,"307, Batra Chowk",Delhi,WB,REJECTED,2025-06-10 07:31:17.011219
CUST000378,Oviya,Dar,1957-10-29,etarajagopal@example.org,4090742608,"H.No. 716, Maharaj Road",Chennai,GJ,REJECTED,2026-07-06 14:52:09.591121
CUST000379,Hiral,Ratta,1955-04-04,wakeeta90@example.com,7715910300,"213, Yogi Path",Kolkata,KA,VERIFIED,2023-11-16 11:35:51.075687
CUST000380,Charles,Lad,2001-11-12,choudhrychanakya@example.com,4596422971,"71/883, Sridhar",Pune,WB,PENDING,2026-07-05 15:00:42.040856
CUST000381,Avni,Nagy,1995-06-12,fkara@example.com,1583311703,"715, Wable Ganj",Pune,WB,VERIFIED,2025-03-22 20:19:37.756359
CUST000382,Dhriti,Muni,1991-09-22,yaminicherian@example.org,5679836314,"711, Babu Ganj",Ahmedabad,WB,PENDING,2024-08-24 00:10:00.069877
CUST000383,Rachit,Loke,1952-04-15,qpandey@example.org,5632686850,"H.No. 663, Gulati Road",Bangalore,DL,PENDING,2026-02-19 00:23:07.877095
CUST000384,Anya,Wagle,1985-11-11,rchopra@example.org,1310094318,"61, Loyal Ganj",Delhi,TN,VERIFIED,2024-03-17 20:00:40.629848
CUST000385,Onveer,Jani,1970-10-17,bhavna01@example.org,4325122572,"H.No. 241, Andra Street",Hyderabad,GJ,VERIFIED,2024-07-28 04:02:25.482598
CUST000386,Urvi,Agarwal,1978-12-14,urmichoudhary@example.org,9438822114,"47/45, Arya Chowk",Bangalore,KA,VERIFIED,2024-12-16 14:16:59.099704
CUST000387,Charvi,Nath,2002-05-01,rchowdhury@example.net,2632570396,"14, Sengupta Circle",Kolkata,KA,VERIFIED,2025-11-16 01:46:25.415929
CUST000388,Parth,Lanka,2003-06-07,garima69@example.com,4309859167,"H.No. 727, Virk Street",Hyderabad,MH,REJECTED,2026-07-02 10:18:40.203402
CUST000389,Nicholas,Mitter,1978-11-13,menonalexander@example.com,3491074065,"H.No. 48, Dubey Circle",Delhi,KA,PENDING,2026-06-02 20:46:37.934536
CUST000390,Anika,Dhar,2008-05-24,rachanabuch@example.com,0753666144,"59/234, Saha Street",Delhi,WB,VERIFIED,2026-05-15 06:47:28.033652
CUST000391,Charvi,Mody,1955-08-06,ygoswami@example.com,2875857567,"06/12, Mittal",Chennai,TN,VERIFIED,2024-10-20 18:07:47.792991
CUST000392,Yauvani,Prakash,1958-01-05,chatresh62@example.com,7870104159,"50/198, Jayaraman Nagar",Bangalore,MH,VERIFIED,2025-09-18 05:40:37.876731
CUST000393,Warhi,Deshpande,1963-08-06,charvimukhopadhyay@example.net,7931102918,"08, Raman Chowk",Ahmedabad,MH,VERIFIED,2024-08-27 08:24:59.428526
CUST000394,Jairaj,Mital,1974-02-04,wahablad@example.net,9162022328,"H.No. 41, Tailor",Delhi,DL,VERIFIED,2022-11-07 05:38:20.536332
CUST000395,Anvi,Raman,1973-01-03,shettyomaja@example.com,0471960940,"774, Dutt Nagar",Chennai,MH,PENDING,2024-01-27 05:53:32.064371
CUST000396,Yahvi,Kade,1970-11-12,evarghese@example.org,5957244617,"88/42, Pall Path",Mumbai,TN,VERIFIED,2024-01-13 12:28:57.258539
CUST000397,Netra,Bir,1953-03-27,vincentchar@example.net,7753312661,"H.No. 175, Balan",Hyderabad,TN,VERIFIED,2024-12-02 23:36:52.073626
CUST000398,Ekani,Chokshi,1991-02-27,odeol@example.net,3477433268,"13/020, Reddy Path",Delhi,DL,VERIFIED,2026-04-02 03:53:02.063236
CUST000399,Ekbal,Oak,1961-05-18,ngupta@example.net,8559821766,"41/17, Behl Ganj",Hyderabad,TS,REJECTED,2024-11-09 19:19:09.012668
CUST000400,Ganga,Bajaj,1963-08-16,zayan65@example.org,4189389846,"74/00, Sama Path",Kolkata,KA,VERIFIED,2024-12-27 07:19:16.182169
CUST000401,Gaurika,Bhargava,1958-09-16,david37@example.org,5169918724,"35/67, Kari Road",Mumbai,KA,REJECTED,2023-08-27 21:47:25.815883
CUST000402,Christopher,Bal,1995-07-02,ladlibadami@example.net,0662668217,"560, Kata Ganj",Pune,WB,PENDING,2022-09-19 06:46:01.519298
CUST000403,Advaith,Karan,1974-08-03,aurorazaid@example.org,0272405593,"11, Krishna Zila",Ahmedabad,DL,VERIFIED,2022-12-29 05:35:03.710604
CUST000404,Samesh,Talwar,1991-07-15,thomas74@example.com,3845881056,"283, Kade Road",Delhi,TN,VERIFIED,2026-04-23 08:49:25.013972
CUST000405,Lucky,Banik,2007-05-09,hsetty@example.org,0449641049,"70, Jha Ganj",Bangalore,MH,VERIFIED,2023-02-11 05:52:53.274005
CUST000406,Raagini,Walia,1953-08-30,azad85@example.org,4930596601,"99, Lad Circle",Hyderabad,MH,VERIFIED,2024-02-13 09:34:54.708660
CUST000407,Lakshmi,Sibal,1993-11-17,kevinaurora@example.com,1384596094,"H.No. 495, Gola Road",Chennai,GJ,PENDING,2023-04-09 04:45:45.384387
CUST000408,Anay,Sarraf,1951-02-22,parmervarsha@example.net,6091498517,"23, Din Street",Ahmedabad,GJ,PENDING,2024-05-15 16:04:47.004527
CUST000409,Chandran,Kaul,1957-04-08,gouryashawini@example.com,0830440580,"H.No. 871, Brahmbhatt Circle",Chennai,MH,REJECTED,2026-01-17 07:20:32.537355
CUST000410,Eshana,Prabhu,1998-09-21,pbora@example.com,2059556574,"H.No. 429, Cherian Nagar",Bangalore,DL,PENDING,2023-07-24 16:54:34.690624
CUST000411,Dhriti,Vaidya,1992-02-23,tanveer69@example.org,6113989868,"88/754, Memon Ganj",Bangalore,TN,REJECTED,2025-01-07 02:33:42.065387
CUST000412,Falguni,Kibe,1996-12-21,vihaan75@example.net,3765158815,"39, Yogi Street",Ahmedabad,TN,VERIFIED,2026-03-15 07:14:14.287572
CUST000413,Nikita,Devi,1985-10-02,harita51@example.org,6829732702,"12/060, Bora Street",Pune,WB,REJECTED,2023-08-05 02:27:34.072796
CUST000414,Lipika,Sami,1971-03-09,tkhurana@example.com,5599910157,"22, Upadhyay",Mumbai,MH,VERIFIED,2023-02-25 00:35:41.327244
CUST000415,Abhimanyu,Pingle,1989-09-19,uraghavan@example.com,8941347509,"H.No. 56, Gokhale Path",Chennai,MH,VERIFIED,2022-12-17 11:55:34.064383
CUST000416,Benjamin,Kade,1975-08-08,dipta15@example.com,1447732449,"H.No. 388, Bala Street",Chennai,TN,VERIFIED,2026-05-15 00:53:53.953130
CUST000417,Balveer,Zacharia,1981-10-30,abeersuresh@example.org,3496782741,"H.No. 12, Dada Road",Bangalore,MH,PENDING,2024-12-22 20:55:29.491290
CUST000418,Farhan,Kapadia,1992-10-26,naksh85@example.com,8150618538,"63/34, Doshi Chowk",Kolkata,TS,VERIFIED,2026-06-05 09:29:57.522965
CUST000419,Rachit,Taneja,1967-01-08,gaurangvarty@example.net,0617893206,"57/824, Master Ganj",Kolkata,MH,REJECTED,2024-07-12 21:47:22.067063
CUST000420,Vrishti,Ramanathan,1985-04-22,gmerchant@example.org,4675361275,"79, Keer Marg",Delhi,KA,PENDING,2025-04-01 10:39:35.856715
CUST000421,Amrita,Tripathi,1963-02-09,jbhat@example.com,5667664047,"63, Ganesan",Mumbai,WB,VERIFIED,2022-09-30 01:00:07.909141
CUST000422,Imaran,Narayan,1958-02-15,bailladli@example.org,5810835832,"556, Kothari Ganj",Ahmedabad,KA,VERIFIED,2024-09-24 14:39:34.367761
CUST000423,Balendra,Bahri,1994-06-06,thakermitali@example.com,2440330416,"H.No. 186, Aurora Nagar",Kolkata,WB,PENDING,2026-04-25 17:16:18.051513
CUST000424,Max,Chandran,1993-04-24,mhari@example.com,6804473149,"H.No. 368, Subramanian Road",Chennai,KA,PENDING,2025-07-17 07:16:01.308781
CUST000425,Yashawini,Konda,1972-10-23,xramesh@example.net,7390637579,"11/823, Krish Chowk",Mumbai,DL,VERIFIED,2023-09-30 14:17:24.887257
CUST000426,Neha,Solanki,1980-12-27,danieltak@example.com,4520599604,"H.No. 35, Subramanian Chowk",Ahmedabad,DL,VERIFIED,2022-12-17 15:20:09.327401
CUST000427,Finn,Cheema,1975-04-28,prashadjoshua@example.org,8123710672,"04, Saran Zila",Kolkata,KA,VERIFIED,2024-08-24 17:28:07.175023
CUST000428,Anika,Virk,1969-04-30,noah24@example.net,9589477352,"H.No. 62, Singhal Street",Kolkata,WB,REJECTED,2026-07-14 11:13:37.315685
CUST000429,Abdul,Muni,1991-04-26,girindrayogi@example.com,1097921583,"H.No. 69, Pillai Road",Bangalore,WB,VERIFIED,2022-11-23 12:58:22.352404
CUST000430,Neha,Kumar,1983-03-06,farasdua@example.org,4249128965,"97/320, Kalita Ganj",Delhi,MH,VERIFIED,2025-01-29 05:36:03.253251
CUST000431,Manan,Dhar,1960-03-10,naikfaras@example.org,8767548138,"H.No. 48, Wali Path",Hyderabad,KA,REJECTED,2022-12-28 07:10:26.758976
CUST000432,Tanish,Ganesan,2005-06-21,luke68@example.com,4186520575,"52, Hayre Nagar",Bangalore,MH,VERIFIED,2022-12-09 11:57:15.757831
CUST000433,Robert,Ahluwalia,1984-08-18,girindra54@example.net,9404760440,"27, Chawla Circle",Delhi,TS,VERIFIED,2024-05-13 04:43:51.204684
CUST000434,Ayush,Dua,1991-07-23,karanbutala@example.com,0705184390,"06/60, Hans Zila",Bangalore,TS,VERIFIED,2022-10-13 06:01:27.817305
CUST000435,Yachana,Divan,1992-11-28,gerasachi@example.org,9386204485,"71/11, Chadha Street",Pune,TS,REJECTED,2025-11-12 04:58:51.820220
CUST000436,Anmol,Gara,1996-05-18,kavyasharma@example.org,4324064242,"432, Lad Road",Hyderabad,KA,VERIFIED,2023-05-12 06:25:51.393362
CUST000437,Aishani,Chanda,1979-01-17,ikshita87@example.net,0962893654,"H.No. 834, Sibal Ganj",Ahmedabad,GJ,REJECTED,2025-05-13 18:36:29.100423
CUST000438,Jack,Varughese,1988-10-24,vaishnavidey@example.com,5969051502,"12/542, Grewal Chowk",Ahmedabad,DL,VERIFIED,2023-08-27 20:34:55.058712
CUST000439,Reva,Shan,1985-01-21,erastogi@example.org,5957640381,"02/82, Viswanathan Road",Hyderabad,GJ,VERIFIED,2025-07-30 17:51:28.354414
CUST000440,Liam,De,1989-02-09,chanadayamai@example.org,7627023244,"13, Prasad Street",Ahmedabad,GJ,VERIFIED,2023-05-30 14:08:00.958054
CUST000441,Nathaniel,Padmanabhan,1956-06-04,ekala@example.net,7316252654,"H.No. 79, Kapadia Nagar",Chennai,MH,VERIFIED,2022-08-26 16:09:32.911846
CUST000442,Pranav,Keer,1972-01-16,yachana09@example.net,1327303461,"446, Banerjee Chowk",Bangalore,TN,PENDING,2026-02-06 20:07:43.727110
CUST000443,Oviya,Gola,1960-02-12,shrofffitan@example.com,6025298670,"H.No. 64, Seshadri Zila",Ahmedabad,MH,VERIFIED,2023-08-28 02:32:35.993499
CUST000444,Urvashi,Nayak,1999-08-05,isaac26@example.net,1205943897,"H.No. 177, Bedi Path",Delhi,TN,VERIFIED,2024-08-07 00:39:41.054765
CUST000445,Kala,Krishnan,1975-04-28,arjun84@example.org,5607540915,"181, Dhillon Street",Bangalore,WB,PENDING,2026-02-11 23:00:05.569962
CUST000446,Raagini,Maharaj,1970-08-31,ukohli@example.net,0155029168,"02, Buch Road",Mumbai,GJ,REJECTED,2025-02-10 06:44:16.600713
CUST000447,Rachita,Dada,1996-08-30,chavvi98@example.net,0597364248,"44/063, Sachdeva Nagar",Pune,DL,REJECTED,2025-11-29 02:25:38.016065
CUST000448,Anvi,Loke,1977-06-14,gunbir33@example.org,3194979695,"H.No. 55, Saxena Path",Ahmedabad,TS,VERIFIED,2025-03-17 01:01:31.159275
CUST000449,Wishi,Kade,1981-07-02,madhavikumer@example.com,9178513854,"H.No. 299, Pandey Street",Ahmedabad,KA,VERIFIED,2023-03-24 18:52:47.037611
CUST000450,Ojasvi,Bajaj,1994-03-19,vritti36@example.net,6911633194,"H.No. 36, Mallick",Bangalore,TS,VERIFIED,2024-11-04 22:27:49.789654
CUST000451,Janani,Cherian,1989-02-26,yadavi88@example.com,6774722640,"16/966, Gulati Marg",Pune,GJ,PENDING,2023-11-19 15:37:38.545973
CUST000452,Udarsh,Devi,1985-12-29,regearin@example.com,2971509688,"32/735, Memon Street",Hyderabad,DL,VERIFIED,2025-02-15 06:49:49.706513
CUST000453,Azaan,Jhaveri,1984-02-18,rkonda@example.net,3278195237,"76/16, Yogi Road",Chennai,WB,PENDING,2022-11-20 08:12:34.784570
CUST000454,Arjun,Sarna,1978-07-08,mastermitali@example.net,5687611249,"52/373, Chatterjee Road",Delhi,MH,VERIFIED,2023-02-08 17:13:44.614177
CUST000455,Ethan,Shanker,2002-10-14,wkonda@example.com,4757494902,"595, Mohanty Road",Bangalore,DL,VERIFIED,2023-12-04 20:25:32.101676
CUST000456,Nathan,Mody,1978-03-13,jmenon@example.net,2946430394,"H.No. 88, Sood Marg",Kolkata,TN,VERIFIED,2026-05-02 13:21:59.997672
CUST000457,Onkar,Padmanabhan,1987-12-22,kavya67@example.net,8727601534,"13/57, Arora Chowk",Hyderabad,DL,VERIFIED,2025-01-20 14:08:11.398739
CUST000458,Vedant,Jain,1971-09-20,rastogihardik@example.com,4888107983,"720, Lata",Hyderabad,DL,VERIFIED,2025-12-03 13:42:31.152576
CUST000459,Gavin,Gupta,1993-03-01,deochavvi@example.org,3399771805,"17, Chaudhry Ganj",Kolkata,TS,REJECTED,2024-10-17 10:51:44.151133
CUST000460,Tanveer,Sur,1968-01-11,saniisaac@example.net,3997046947,"44/48, Om Ganj",Bangalore,TN,REJECTED,2024-10-03 16:56:05.374616
CUST000461,Yahvi,More,1986-12-08,gopalvinaya@example.org,8772216417,"H.No. 334, Mody Circle",Kolkata,DL,VERIFIED,2023-09-17 12:34:44.548163
CUST000462,Urmi,Chauhan,1990-05-07,mohammednaik@example.org,6229258796,"H.No. 52, Nath Road",Bangalore,WB,REJECTED,2023-11-20 12:39:28.034536
CUST000463,Divya,Sengupta,1968-06-30,asahni@example.com,6527403344,"58, Iyengar Circle",Delhi,MH,VERIFIED,2025-06-24 11:45:30.237991
CUST000464,Yahvi,Sarraf,2000-04-20,bordexavier@example.org,7970673499,"54/857, Choudhry Road",Chennai,TS,VERIFIED,2025-10-03 18:02:34.599082
CUST000465,Ethan,Nair,2007-04-23,jdoshi@example.net,9381735984,"155, Kala Chowk",Delhi,GJ,VERIFIED,2024-06-24 18:47:24.157398
CUST000466,Upadhriti,Kari,1977-05-11,rushil44@example.net,2166670808,"H.No. 858, Mandal Chowk",Pune,TS,VERIFIED,2023-05-10 02:16:07.168998
CUST000467,Ekalinga,Borra,1983-06-03,walinathan@example.net,9793164772,"86, Ratti Nagar",Bangalore,TN,VERIFIED,2024-11-19 03:15:03.380317
CUST000468,Abeer,Ramakrishnan,1951-09-22,ekantikasane@example.org,3958739592,"108, Baral",Mumbai,DL,REJECTED,2024-11-19 00:35:05.859642
CUST000469,Ijaya,Biswas,1969-08-16,victor33@example.com,6433502716,"H.No. 776, Jha Ganj",Hyderabad,WB,VERIFIED,2025-09-07 23:28:36.259401
CUST000470,Jeet,Chander,2006-11-06,gabashaurya@example.org,9556331857,"H.No. 066, Chaudhry Marg",Hyderabad,TS,REJECTED,2025-08-26 20:15:56.034144
CUST000471,Dayita,Bhattacharyya,1975-10-24,veer16@example.com,4502329028,"H.No. 934, Sachdeva Path",Hyderabad,GJ,VERIFIED,2024-01-09 03:10:02.893849
CUST000472,Oni,Gera,1960-10-04,pratyushpatla@example.org,0734654950,"H.No. 260, Purohit Circle",Kolkata,DL,VERIFIED,2025-11-09 15:16:19.771933
CUST000473,Omkaar,Dugar,1956-06-08,udant16@example.org,7768729047,"85/917, Hayre Chowk",Ahmedabad,TN,PENDING,2025-08-14 16:59:13.513477
CUST000474,Yutika,Dayal,1997-05-07,umangbutala@example.net,6491334245,"565, Banerjee Street",Pune,MH,VERIFIED,2023-02-15 15:49:38.008461
CUST000475,Lekha,Bava,1996-09-11,akshaydhar@example.net,3265097753,"94, Sarraf Circle",Ahmedabad,MH,VERIFIED,2025-07-24 20:44:03.379587
CUST000476,Ati,Varkey,2004-03-20,quincy45@example.com,1584156082,"H.No. 842, Mohanty Path",Ahmedabad,GJ,VERIFIED,2023-02-04 04:36:26.356760
CUST000477,Fitan,Thaman,1961-03-22,luckykapadia@example.org,5892988085,"H.No. 21, Kara Street",Kolkata,WB,VERIFIED,2024-05-28 04:47:31.658865
CUST000478,Max,Zachariah,2005-04-12,rjain@example.org,4686775240,"991, Roy Nagar",Pune,TS,VERIFIED,2025-12-08 05:43:25.926060
CUST000479,Vasana,Dyal,1994-12-23,mahikadutta@example.net,6933513426,"24, Apte Path",Mumbai,GJ,VERIFIED,2023-03-08 08:46:51.941830
CUST000480,Deepa,Viswanathan,1956-07-31,qkata@example.com,1897215406,"27/43, Chauhan Circle",Bangalore,KA,VERIFIED,2025-02-15 18:29:52.481939
CUST000481,Janani,Khurana,2001-01-20,asankaran@example.org,4448564510,"964, Sura Zila",Bangalore,TS,VERIFIED,2022-12-24 08:12:17.529626
CUST000482,Keya,Venkataraman,2001-02-11,mbasak@example.org,9113599660,"60, Golla Ganj",Ahmedabad,TS,PENDING,2024-10-29 21:28:43.055022
CUST000483,Falguni,Chaudhary,1967-08-01,ubalakrishnan@example.com,5553470574,"65/271, Pandey Path",Bangalore,MH,PENDING,2022-09-23 03:31:59.414617
CUST000484,Vedant,Nadig,1998-09-11,chananidra@example.com,2634755752,"948, Minhas Circle",Delhi,MH,PENDING,2025-01-17 15:29:01.622385
CUST000485,Pranav,Rao,1986-07-03,issacgirik@example.org,4258562614,"703, Dubey Circle",Mumbai,WB,REJECTED,2025-08-06 12:08:32.998269
CUST000486,Anusha,Bal,1979-04-24,yatankara@example.com,2043097768,"896, Ram",Delhi,MH,PENDING,2025-03-31 19:03:06.966453
CUST000487,Januja,Lall,1975-08-25,wahab58@example.com,2538921878,"58/374, Bera",Bangalore,DL,VERIFIED,2025-07-23 05:28:28.574595
CUST000488,Raksha,Tank,1984-11-29,garganthony@example.net,8057215149,"26, Seth Ganj",Mumbai,DL,VERIFIED,2024-06-08 04:20:32.057355
CUST000489,Daksha,Narayanan,1964-02-13,xdhawan@example.net,0905911918,"22/07, Narula Zila",Delhi,TS,VERIFIED,2023-11-05 22:40:55.571315
CUST000490,Netra,Ram,1997-04-26,isom@example.com,1452647124,"15/718, Bahri Road",Mumbai,TN,PENDING,2022-12-25 02:30:06.442847
CUST000491,Darsh,Bhargava,1990-03-25,gangulyaarav@example.net,0564099512,"35/12, Prasad",Hyderabad,GJ,PENDING,2026-01-28 20:13:07.280039
CUST000492,Ridhi,Goel,1980-01-21,nbalasubramanian@example.org,4415298217,"86, Dada Chowk",Mumbai,KA,VERIFIED,2024-11-17 22:43:49.778830
CUST000493,Dominic,Nigam,1964-11-29,wriddhishswaminathan@example.org,0507918158,"34/52, Hora Chowk",Chennai,MH,VERIFIED,2025-04-02 11:42:20.131952
CUST000494,Pooja,Raval,1975-11-14,swaminathanarjun@example.com,5879647408,"98/25, Warrior Nagar",Kolkata,KA,VERIFIED,2023-10-12 19:26:53.504719
CUST000495,Chavvi,Rajan,1961-07-19,sarafyashoda@example.net,8503172351,"H.No. 631, Agrawal Road",Pune,TN,VERIFIED,2022-09-28 14:40:41.576490
CUST000496,Ganga,Goel,2007-11-19,kamyaratti@example.org,2939469434,"43, Kulkarni Chowk",Mumbai,MH,PENDING,2026-03-05 18:02:28.858063
CUST000497,Megha,Barman,1990-12-31,qdave@example.net,1112712852,"H.No. 94, Dar Zila",Ahmedabad,KA,VERIFIED,2024-12-25 08:36:57.798332
CUST000498,Saksham,Chadha,1982-10-22,iiyer@example.net,7711306211,"27, Barman",Ahmedabad,MH,REJECTED,2024-03-06 16:37:16.343937
CUST000499,Yahvi,Gulati,1995-03-17,caleb90@example.org,4257306624,"35/707, Korpal Zila",Pune,TS,VERIFIED,2025-03-25 03:32:36.343225
CUST000500,Bhavna,Dyal,1958-12-12,dakshesh11@example.com,9255021306,"13/09, Borah Circle",Kolkata,MH,REJECTED,2024-12-27 13:10:32.131521
CUST000501,Vamakshi,Raju,1967-01-06,vsengupta@example.org,9457727853,"H.No. 25, Sankaran Nagar",Delhi,MH,REJECTED,2022-09-16 22:06:15.807950
CUST000502,Maanas,Basak,1977-04-22,neelimadass@example.net,3666777675,"83/333, Hayer",Kolkata,TS,VERIFIED,2025-10-15 03:57:29.858538
CUST000503,Januja,Sheth,1982-06-05,pprasad@example.com,6271874960,"68/627, Jhaveri Nagar",Delhi,KA,REJECTED,2026-05-07 03:42:50.677147
CUST000504,Orinder,Mahajan,2007-09-07,neelimahora@example.org,5732759980,"H.No. 051, Parikh Path",Mumbai,WB,PENDING,2024-02-22 21:44:47.323410
CUST000505,Matthew,Kala,1968-06-20,patildiya@example.net,7524418222,"887, Krish Road",Mumbai,WB,VERIFIED,2023-06-06 02:13:12.768128
CUST000506,Manan,Saxena,1956-04-05,deshmukhlakshmi@example.com,7209579927,"H.No. 15, Goel Zila",Chennai,MH,VERIFIED,2026-06-16 09:25:50.969609
CUST000507,Charita,Ramesh,2003-10-21,hegdeekani@example.com,5970996254,"52, Khare Nagar",Bangalore,DL,VERIFIED,2023-02-28 16:42:24.764288
CUST000508,Adya,Sen,2008-05-29,banjeet47@example.net,5802909046,"H.No. 465, Vala Path",Bangalore,DL,VERIFIED,2025-05-18 00:09:03.588969
CUST000509,Panini,Ray,1991-08-27,hirallal@example.net,7441715810,"512, Khalsa",Mumbai,DL,REJECTED,2025-12-23 02:28:29.424121
CUST000510,Faqid,Andra,1992-07-28,ekavir29@example.net,5191023121,"016, Wagle Path",Delhi,TS,PENDING,2025-09-07 03:19:59.443522
CUST000511,Rudra,Tandon,1985-09-30,upasnamani@example.net,7280123428,"253, Rana Street",Ahmedabad,TS,VERIFIED,2023-05-22 06:08:05.919460
CUST000512,Chaman,Sachar,1980-01-07,tejas64@example.com,8044210175,"70/159, Bhatti Path",Bangalore,GJ,VERIFIED,2025-02-13 16:22:04.706280
CUST000513,Eiravati,Seshadri,1971-05-27,fprabhakar@example.com,5833920567,"72, Rajan Street",Chennai,MH,VERIFIED,2024-11-11 02:26:14.665378
CUST000514,Aryan,Dewan,1996-05-08,zdixit@example.com,6229231067,"H.No. 762, Mall Road",Pune,MH,VERIFIED,2024-04-11 00:34:56.802135
CUST000515,Vidhi,Tata,1975-09-27,vinayabhasin@example.com,1579423873,"25/496, Dara",Chennai,WB,REJECTED,2023-07-11 11:35:59.466904
CUST000516,Baghyawati,Om,1992-08-31,kalasolanki@example.org,7563353574,"32/593, Khalsa",Ahmedabad,TN,VERIFIED,2024-12-23 21:47:55.818526
CUST000517,Zaid,Suresh,1983-04-21,munshiyasti@example.org,2951877941,"25/073, Aggarwal Ganj",Pune,TN,VERIFIED,2025-10-26 10:17:11.887124
CUST000518,Vasudha,Dhingra,1996-02-01,vedhika59@example.net,3991403884,"H.No. 43, Minhas Street",Mumbai,DL,VERIFIED,2023-11-30 19:52:36.274302
CUST000519,Oviya,Brar,1972-01-05,sanyaraja@example.net,9751474397,"H.No. 01, Narain Nagar",Bangalore,DL,PENDING,2022-09-24 18:39:33.151396
CUST000520,Jyoti,Dhar,1968-11-30,obal@example.com,6259045990,"H.No. 122, Virk Zila",Kolkata,GJ,PENDING,2024-10-18 07:26:59.313028
CUST000521,Wahab,Chanda,1994-05-27,hamsini16@example.com,7680866281,"H.No. 33, Bajwa Nagar",Delhi,TS,PENDING,2023-04-10 09:21:56.354956
CUST000522,Umang,Srinivas,1953-02-02,virajdua@example.org,5660847068,"397, Palla Nagar",Ahmedabad,DL,REJECTED,2022-11-02 16:46:10.315985
CUST000523,Jhalak,Upadhyay,2002-10-01,mekhalakala@example.org,9448586239,"H.No. 61, Seth Road",Chennai,KA,PENDING,2025-05-19 21:07:02.047688
CUST000524,Yauvani,Ravi,1962-07-01,barmanlila@example.org,3943945703,"H.No. 03, Nath Street",Bangalore,WB,REJECTED,2022-09-29 20:01:12.298734
CUST000525,Lipika,Narang,1977-03-10,fgandhi@example.com,3191009004,"92/105, Halder Ganj",Hyderabad,TN,VERIFIED,2023-06-10 21:07:09.452491
CUST000526,Kashish,Borra,1966-11-14,mishrabakhshi@example.org,2473107201,"H.No. 09, Bhatnagar Chowk",Bangalore,KA,VERIFIED,2026-06-08 23:22:42.028943
CUST000527,Michael,Kale,1954-05-30,cbalan@example.com,7620901447,"370, Saran Nagar",Chennai,TN,PENDING,2025-07-01 06:00:29.420648
CUST000528,Vrinda,Kata,1992-02-19,mangatjanuja@example.org,7782558825,"H.No. 75, Divan Road",Kolkata,TS,PENDING,2024-10-27 10:11:24.137902
CUST000529,Warda,Reddy,1971-07-13,mchadha@example.com,5577820582,"23/61, Choudhury Marg",Delhi,GJ,VERIFIED,2025-10-27 17:23:14.106669
CUST000530,Benjamin,Venkatesh,1956-08-26,kumarnitesh@example.net,5715586863,"723, Thaman Nagar",Delhi,WB,VERIFIED,2026-07-06 23:15:23.324214
CUST000531,Warhi,Dhawan,2003-10-02,wyatt64@example.org,3000413211,"H.No. 60, Mital",Mumbai,KA,PENDING,2025-10-07 06:32:49.592049
CUST000532,Kavya,Joshi,1968-04-01,rbarman@example.com,7550476816,"H.No. 607, Soman Zila",Delhi,TS,VERIFIED,2023-12-23 15:49:37.765122
CUST000533,George,Butala,1964-11-11,shaladli@example.net,3970548739,"08/71, Golla Circle",Hyderabad,GJ,VERIFIED,2023-08-15 10:09:25.030556
CUST000534,Lipika,Wason,1988-07-18,kulkarnijacob@example.net,2742049561,"30, Goda Marg",Hyderabad,KA,VERIFIED,2024-06-12 09:20:55.616611
CUST000535,Caleb,Mittal,1961-03-24,wakeeta37@example.net,1222990775,"81/670, Sarin Road",Delhi,DL,PENDING,2025-08-28 23:03:23.804307
CUST000536,Pahal,Bhavsar,1954-05-30,ishita76@example.net,2102192378,"H.No. 296, Baral Zila",Mumbai,TS,PENDING,2024-10-25 01:04:59.336222
CUST000537,Manan,Mital,1958-05-11,xapte@example.org,1849804253,"73, Gera Zila",Delhi,DL,PENDING,2023-07-17 22:27:09.684513
CUST000538,Ekavir,Dhingra,1989-04-28,ekanshsridhar@example.net,9236534606,"567, Kar",Bangalore,TS,REJECTED,2024-02-25 14:32:50.004424
CUST000539,Joshua,Srinivas,1986-04-18,pdugar@example.net,7169061812,"H.No. 75, Wason Road",Delhi,WB,VERIFIED,2025-07-25 19:49:55.782372
CUST000540,Darika,Singhal,1980-04-17,edevan@example.com,7588914444,"H.No. 39, Pall Ganj",Chennai,MH,VERIFIED,2025-01-01 18:02:25.887624
CUST000541,Rehaan,Nayak,1980-08-27,qmallick@example.net,3924358853,"H.No. 433, Nazareth",Mumbai,TS,PENDING,2026-06-10 23:28:30.884367
CUST000542,Watika,Prasad,1964-11-16,kmadan@example.com,2491416860,"89, Vaidya Road",Kolkata,KA,VERIFIED,2023-05-08 13:47:22.717968
CUST000543,Rushil,Lata,1953-08-03,msuri@example.org,6651221500,"163, Bhasin Nagar",Chennai,GJ,VERIFIED,2024-11-08 14:25:24.109342
CUST000544,Geetika,Malhotra,1967-02-11,vihaankannan@example.net,8532089532,"199, Sunder Road",Chennai,GJ,VERIFIED,2022-09-02 16:49:43.152777
CUST000545,Yatin,Ray,1963-06-13,lgandhi@example.org,1034699673,"77/269, Bajaj Marg",Bangalore,TS,VERIFIED,2023-02-13 20:13:18.835774
CUST000546,Anita,Jha,2001-10-11,ysarkar@example.net,5078967935,"633, Pandit Path",Ahmedabad,TS,PENDING,2024-10-02 03:00:46.187260
CUST000547,Yuvraj,Mannan,2002-09-28,bsingh@example.net,1706955607,"45, Luthra Ganj",Bangalore,DL,VERIFIED,2024-03-21 06:47:03.296144
CUST000548,Abha,Srinivas,1959-10-20,zansiwali@example.org,6503121980,"24, Sarin Street",Bangalore,TN,VERIFIED,2024-01-26 04:19:06.819766
CUST000549,Quincy,Karnik,1974-05-19,ekalingakata@example.org,9248762303,"H.No. 28, Shere Zila",Hyderabad,TS,VERIFIED,2023-09-22 03:20:21.078605
CUST000550,Jyoti,Gola,1959-06-28,yatananand@example.com,4808806220,"59/47, Sha Ganj",Pune,KA,VERIFIED,2024-10-19 13:06:22.025678
CUST000551,Imaran,Kothari,1960-01-12,bhavsarkrishna@example.org,4787688687,"H.No. 86, Thakur Street",Hyderabad,MH,PENDING,2023-04-27 05:21:07.948209
CUST000552,Jonathan,Bansal,1962-08-19,chanchal19@example.com,6450573036,"46/320, Sarna Ganj",Mumbai,DL,REJECTED,2025-12-29 06:09:21.123757
CUST000553,Mohini,Shukla,1991-12-24,samarth72@example.com,3214505766,"87/07, Pandey Zila",Delhi,GJ,REJECTED,2023-08-16 12:22:49.252580
CUST000554,Dayita,Toor,1960-04-03,dhingraanamika@example.org,8385076597,"H.No. 08, Dasgupta",Hyderabad,KA,VERIFIED,2023-12-06 21:25:20.343507
CUST000555,Vinaya,Sant,1994-12-03,toorekalinga@example.org,5742231964,"H.No. 02, Sahota Ganj",Chennai,WB,PENDING,2026-02-03 21:33:02.182556
CUST000556,Omisha,Doshi,1975-05-24,shivansh01@example.org,4713727117,"H.No. 98, Narayanan Circle",Kolkata,WB,REJECTED,2024-11-11 05:39:25.459089
CUST000557,Eta,Vyas,1959-08-28,yatan30@example.com,4584760944,"372, Tiwari Zila",Bangalore,TS,VERIFIED,2025-02-08 06:48:44.046415
CUST000558,Mugdha,Saini,1983-06-29,finn32@example.net,1506662670,"776, Kala",Bangalore,GJ,PENDING,2024-01-21 00:37:12.872111
CUST000559,Wahab,Mangat,1964-09-26,gayathridutta@example.net,9611110286,"H.No. 720, Manne Street",Delhi,TS,REJECTED,2024-03-21 14:10:55.789755
CUST000560,Jeevika,Parikh,1989-04-06,barianoah@example.com,1091090326,"81/94, Bhattacharyya Street",Hyderabad,TS,PENDING,2026-06-27 05:37:30.962515
CUST000561,Abha,Dugar,1987-12-14,tanejaudarsh@example.net,0652775844,"53/372, Bansal Street",Mumbai,KA,REJECTED,2024-06-11 04:23:00.581351
CUST000562,Jacob,Divan,1956-11-16,jdate@example.net,4559376618,"05/263, Bhatti Path",Hyderabad,TN,VERIFIED,2022-12-11 07:00:07.787808
CUST000563,Zayyan,Ramachandran,1961-06-14,qsheth@example.com,7256592024,"023, Tandon Circle",Hyderabad,DL,VERIFIED,2022-10-28 14:07:59.967065
CUST000564,Samaksh,Gole,1974-11-13,patelhemal@example.net,5017833258,"07, Mannan",Delhi,TN,VERIFIED,2026-05-20 02:46:47.385205
CUST000565,Tanmayi,Basu,1967-02-17,reddydev@example.com,7993593744,"40, Karnik Circle",Chennai,MH,REJECTED,2024-09-28 14:06:14.967533
CUST000566,Shivani,Khare,1973-08-28,ebatta@example.com,0849079388,"52/83, Sanghvi Nagar",Chennai,TS,VERIFIED,2022-10-16 14:44:58.277331
CUST000567,Yatan,Srinivasan,1951-10-31,aarnagara@example.net,4626325144,"103, Madan Zila",Bangalore,TS,REJECTED,2022-12-11 14:41:12.998010
CUST000568,Ishaan,Seth,1970-03-17,hvaidya@example.com,1515263840,"528, Hari Circle",Hyderabad,TS,REJECTED,2026-05-31 16:18:29.143243
CUST000569,Indali,Balan,1970-05-12,gsankaran@example.net,3239791378,"007, Aggarwal Ganj",Delhi,MH,VERIFIED,2024-07-04 14:01:20.351212
CUST000570,Anay,Pradhan,1988-04-04,uamble@example.com,2198819277,"05/34, Sandal Circle",Bangalore,MH,REJECTED,2024-11-13 14:07:53.091365
CUST000571,Hredhaan,Bhakta,2005-02-04,aarnaraghavan@example.org,5618517446,"128, Chaudhry",Chennai,MH,REJECTED,2023-10-13 12:21:02.137197
CUST000572,Girish,Lalla,1995-03-06,jatin29@example.org,3044881898,"04, Chander Marg",Kolkata,MH,PENDING,2024-01-20 08:47:48.549654
CUST000573,Amruta,Ben,1958-07-28,agrawalhredhaan@example.com,7568142983,"91/073, Gara Street",Chennai,TN,PENDING,2025-03-18 00:32:27.068389
CUST000574,Yashodhara,Khare,2008-01-12,virkanjali@example.net,7830639638,"69/44, Dash Ganj",Pune,WB,VERIFIED,2025-07-10 10:45:11.279310
CUST000575,Aadhya,Tank,1950-09-18,ravirayaan@example.net,2929132033,"419, Kade Nagar",Ahmedabad,KA,VERIFIED,2025-05-27 03:35:06.245422
CUST000576,Akshay,Sachdev,1956-10-31,sanyadhawan@example.org,5566847323,"74, Bawa Marg",Hyderabad,GJ,PENDING,2025-06-10 22:25:20.103730
CUST000577,Rachita,Sheth,1959-10-31,shankerbimala@example.org,1424426078,"H.No. 37, Majumdar Ganj",Ahmedabad,GJ,VERIFIED,2023-08-15 08:36:26.956455
CUST000578,Madhavi,Madan,1959-12-09,rakshadeol@example.org,7638821458,"60/191, Mandal Ganj",Delhi,TS,VERIFIED,2025-12-02 20:13:20.290020
CUST000579,Yash,Wagle,2004-02-05,awadhwa@example.org,5869507321,"36/99, Parikh",Delhi,DL,PENDING,2023-08-15 08:10:42.006256
CUST000580,Urmi,Hayre,2002-04-08,chakradev55@example.com,8573680119,"768, Chauhan Zila",Hyderabad,DL,REJECTED,2023-01-04 02:21:38.383161
CUST000581,Ridhi,Deshmukh,1963-06-08,tejasprabhakar@example.org,4096149731,"H.No. 498, Basu Ganj",Bangalore,DL,VERIFIED,2025-04-20 00:36:09.438947
CUST000582,Aradhana,Ganesh,1988-10-02,suritarak@example.com,1189394065,"H.No. 190, Hans Road",Ahmedabad,KA,VERIFIED,2024-06-30 18:03:19.579791
CUST000583,Naksh,Kaur,1993-05-28,rohankadakia@example.org,4707392013,"12/760, Prasad Street",Ahmedabad,MH,VERIFIED,2023-04-22 19:41:10.916423
CUST000584,Parth,Salvi,1956-12-04,siddharthbora@example.org,1632488899,"62, Saxena",Bangalore,MH,VERIFIED,2022-10-08 20:47:39.554909
CUST000585,Abha,Kala,2004-05-08,hayrenidra@example.com,8719120381,"H.No. 828, Date Ganj",Kolkata,WB,VERIFIED,2023-09-23 02:04:18.484451
CUST000586,Chandresh,Trivedi,2000-05-31,khuranafiyaz@example.com,4458220673,"71/68, Nagy Zila",Hyderabad,DL,REJECTED,2023-07-29 17:15:16.207503
CUST000587,Anya,Nazareth,1952-05-14,balaarjun@example.net,1529113717,"25/561, Mann Circle",Delhi,MH,VERIFIED,2024-06-09 03:01:12.429783
CUST000588,Advika,Dutta,1955-07-25,vanshamani@example.com,2248905670,"H.No. 900, Korpal Road",Ahmedabad,GJ,PENDING,2025-07-31 10:29:06.910211
CUST000589,Harita,Chakrabarti,1971-08-06,mason66@example.net,3624835505,"08/070, Johal Marg",Chennai,GJ,VERIFIED,2024-02-11 08:25:43.377934
CUST000590,Triveni,Pant,1996-04-01,voraqasim@example.org,0401648188,"77/38, Radhakrishnan Ganj",Bangalore,WB,REJECTED,2023-07-29 14:03:31.480175
CUST000591,Raghav,Wadhwa,1988-03-14,ployal@example.org,2694289464,"25/863, Mukherjee Zila",Ahmedabad,MH,VERIFIED,2025-06-12 06:52:22.137674
CUST000592,Zayan,Butala,1977-06-04,ramakrishnanbishakha@example.net,2554026355,"01/764, Mammen Marg",Delhi,MH,VERIFIED,2026-05-25 10:13:41.739618
CUST000593,Yochana,Wali,1979-12-08,karaikbal@example.com,8882452790,"H.No. 33, Joshi Ganj",Chennai,GJ,REJECTED,2026-01-05 15:16:29.794249
CUST000594,Isha,Hari,1998-09-08,divya16@example.net,2111978718,"13/73, Ravel Street",Ahmedabad,TN,REJECTED,2026-06-07 05:52:53.578486
CUST000595,Upkaar,Baral,2001-10-23,bosefiyaz@example.net,5617868800,"15/61, Datta Circle",Mumbai,KA,PENDING,2025-02-26 04:13:39.633667
CUST000596,Agastya,Konda,1990-07-23,urmi74@example.net,9160936595,"11/89, Chopra Road",Hyderabad,TN,VERIFIED,2025-11-30 03:57:33.047242
CUST000597,Upkaar,Kashyap,1973-08-28,boza@example.net,6322399821,"H.No. 61, Kumer Zila",Kolkata,DL,VERIFIED,2024-09-29 05:06:52.786205
CUST000598,Chaitaly,De,1980-10-09,xbasak@example.net,5376660811,"083, Ramakrishnan Path",Kolkata,MH,REJECTED,2026-04-16 19:06:40.465821
CUST000599,Gaurang,Bala,1973-01-13,ubora@example.net,1234550688,"76, Dhar Circle",Pune,DL,REJECTED,2024-03-10 21:02:33.602042
CUST000600,Aishani,Mannan,1994-02-10,daliawyatt@example.com,8735437882,"59/101, Seth Path",Chennai,KA,PENDING,2025-01-24 11:30:14.564886
CUST000601,Andrew,Batta,1980-01-23,mannbhavika@example.net,0749269996,"99/71, Merchant Circle",Ahmedabad,TN,REJECTED,2025-05-04 13:04:56.364376
CUST000602,Jasmit,Rajagopalan,1987-07-26,manannarayanan@example.net,4084993231,"69, Bhakta Circle",Bangalore,TS,VERIFIED,2023-03-15 08:17:55.853606
CUST000603,Arin,Solanki,1959-08-15,shankaromisha@example.org,2348389359,"80/405, Dalal Marg",Kolkata,DL,VERIFIED,2024-03-25 04:05:17.129701
CUST000604,Radha,Om,1952-05-14,nidraparmer@example.net,6418696561,"12, Wadhwa Ganj",Delhi,TS,VERIFIED,2026-06-24 05:24:04.999579
CUST000605,Gayathri,Dara,1965-03-30,amararastogi@example.net,3948400273,"66/10, Ram Zila",Kolkata,MH,VERIFIED,2023-11-11 11:34:09.504608
CUST000606,Falan,Bumb,1989-05-24,atharv01@example.com,9414915076,"62/053, Madan Road",Mumbai,TS,VERIFIED,2024-08-09 15:46:30.435812
CUST000607,Warhi,Sastry,1976-04-22,mahika20@example.net,2662925081,"991, Bajaj Road",Ahmedabad,GJ,VERIFIED,2022-09-12 15:55:05.647900
CUST000608,Adya,Bhavsar,2006-11-28,samakshsetty@example.org,2552356178,"119, Acharya Street",Hyderabad,DL,REJECTED,2024-03-10 02:06:20.103105
CUST000609,Theodore,Sami,1964-06-07,kevin77@example.net,6133718444,"H.No. 264, Bassi Circle",Delhi,TS,PENDING,2024-02-14 02:50:30.037271
CUST000610,Girindra,Sankar,1966-08-09,khalsasiya@example.org,1678127782,"17/982, Hari Zila",Chennai,DL,REJECTED,2026-06-12 00:48:59.497181
CUST000611,Oni,Garg,1983-11-02,vyanjana97@example.org,3831828560,"07/986, Dani Marg",Ahmedabad,TN,PENDING,2023-08-28 05:15:06.905320
CUST000612,Darsh,Rau,2000-07-25,zkeer@example.net,0506821223,"50, Zacharia Path",Mumbai,DL,VERIFIED,2024-05-29 15:26:26.747877
CUST000613,Henry,Lanka,1974-02-12,elijahvirk@example.net,1925967908,"99, Mani Circle",Bangalore,WB,REJECTED,2026-07-04 15:15:29.134040
CUST000614,Amol,Dutt,1957-12-27,narayananbahadurjit@example.net,8694842495,"14/578, Shankar Circle",Chennai,MH,REJECTED,2025-09-13 12:56:15.771568
CUST000615,Balendra,Sastry,1955-12-12,wahabratti@example.com,7382097461,"87/68, Sarin Street",Ahmedabad,TN,REJECTED,2026-05-27 19:06:43.095718
CUST000616,Mitesh,Dayal,1969-03-13,wakeetabarad@example.net,8062350405,"79/001, Mammen Street",Pune,MH,REJECTED,2024-08-12 09:14:19.185926
CUST000617,Patrick,Oommen,2000-01-28,zayan28@example.com,9632594232,"389, Oak Zila",Ahmedabad,TS,REJECTED,2026-02-27 03:03:57.326714
CUST000618,Abha,Buch,1990-05-01,rachit85@example.net,2562926933,"H.No. 381, Raman Circle",Kolkata,TS,VERIFIED,2024-03-20 23:52:24.718756
CUST000619,Atharv,Suri,1980-09-23,bnair@example.net,7443034918,"72/03, Nath Circle",Mumbai,KA,VERIFIED,2024-01-29 22:52:11.917785
CUST000620,Amruta,Barad,1955-08-15,shivansh64@example.org,4715531325,"81/367, Bath Path",Mumbai,GJ,VERIFIED,2024-11-29 09:11:53.781947
CUST000621,Amaira,Doctor,1991-01-24,mandergagan@example.org,2769819878,"H.No. 452, Varkey Ganj",Kolkata,TS,PENDING,2022-09-11 13:46:41.728026
CUST000622,Ijaya,Ratti,1960-01-27,gangasangha@example.com,5986787442,"48/596, Nadig Path",Pune,WB,REJECTED,2024-09-11 09:40:22.896027
CUST000623,Bhavna,Gokhale,1979-10-01,jagat16@example.com,2000245393,"H.No. 51, Ahluwalia Ganj",Ahmedabad,MH,VERIFIED,2025-09-19 15:11:09.627207
CUST000624,Vasana,Bandi,1980-11-23,rgopal@example.org,4488966997,"74, Doctor Marg",Pune,DL,PENDING,2023-11-26 04:40:53.027090
CUST000625,Kai,Peri,1999-09-12,jyotimani@example.org,8328123123,"10/60, Venkatesh Zila",Kolkata,DL,VERIFIED,2025-07-23 09:09:38.456951
CUST000626,Adweta,Suri,1959-12-02,bpai@example.net,7681722577,"26, Bali Street",Ahmedabad,DL,REJECTED,2023-08-04 19:44:50.077909
CUST000627,Gautam,Vaidya,1997-12-31,qraja@example.net,1608271721,"39/920, Gopal Path",Delhi,TN,REJECTED,2023-11-28 06:44:28.887234
CUST000628,Tanish,Sabharwal,2001-10-05,saneeta@example.net,4388232553,"44/61, Sheth Chowk",Ahmedabad,MH,VERIFIED,2023-04-23 12:01:15.731763
CUST000629,Waida,Kanda,1960-01-01,pmann@example.org,4497912799,"12, Narula Nagar",Chennai,TN,VERIFIED,2025-07-09 09:06:28.611810
CUST000630,Upadhriti,Vyas,2003-06-14,kalavritti@example.net,2988322012,"004, Suresh Circle",Chennai,TN,VERIFIED,2023-08-07 07:32:02.106842
CUST000631,Udyati,Venkataraman,1979-10-31,rpalla@example.org,8523860030,"19/951, Bhavsar Chowk",Ahmedabad,DL,PENDING,2025-01-03 14:08:25.057920
CUST000632,Nicholas,Kade,2001-03-17,bajajmanthan@example.net,9501437483,"67/13, Tata",Delhi,TN,VERIFIED,2023-12-28 23:30:37.688359
CUST000633,Ishwar,Dhillon,1973-09-14,maxdalia@example.org,1767201911,"201, Balay",Bangalore,WB,PENDING,2022-12-30 13:48:44.680273
CUST000634,Hemal,Wadhwa,1994-09-16,rudrakala@example.org,9366538027,"H.No. 21, Mane Zila",Delhi,TS,VERIFIED,2024-05-19 12:11:55.282186
CUST000635,Megha,Vohra,1958-10-14,abhiram95@example.org,9462093556,"970, Karnik Zila",Mumbai,TN,VERIFIED,2022-09-21 02:15:04.742895
CUST000636,Jagat,Dhar,1966-08-10,jparmer@example.com,6423041202,"H.No. 92, Kashyap Chowk",Delhi,GJ,VERIFIED,2026-06-06 00:48:50.411471
CUST000637,Arunima,Bhasin,1960-04-12,savantfrederick@example.com,9063224815,"403, Dash Nagar",Ahmedabad,MH,VERIFIED,2024-10-25 09:33:37.836086
CUST000638,Janani,Ravi,2006-02-11,bpillay@example.com,5795546234,"60, Basu Zila",Chennai,TN,VERIFIED,2022-09-12 17:22:07.401703
CUST000639,Jagat,Varkey,1957-09-29,avisachar@example.net,1764172680,"57/129, Chokshi Nagar",Bangalore,MH,VERIFIED,2024-10-21 16:42:54.076485
CUST000640,Darsh,Sheth,1955-07-12,regesneha@example.org,0735104584,"130, Saran Nagar",Mumbai,MH,VERIFIED,2026-06-13 15:22:11.812475
CUST000641,Isha,Sekhon,1975-05-02,fkulkarni@example.org,1805339627,"159, Vohra Zila",Mumbai,KA,PENDING,2023-05-06 15:21:31.801615
CUST000642,Lakshit,Soman,1951-09-25,lataneha@example.com,1459011079,"H.No. 049, Bir Ganj",Delhi,GJ,VERIFIED,2023-07-29 19:29:03.055819
CUST000643,Anamika,Aggarwal,1968-11-26,nadigorinder@example.org,9980949769,"797, Sachdeva Zila",Hyderabad,MH,REJECTED,2025-11-05 18:26:02.348172
CUST000644,Brinda,Chaudry,1974-06-18,jchaudhary@example.org,4077943325,"91/97, Bhavsar Nagar",Hyderabad,WB,PENDING,2024-02-17 12:58:47.687063
CUST000645,Aishani,Gandhi,2001-11-14,atharvkala@example.com,8782116020,"599, Thaman Circle",Ahmedabad,MH,VERIFIED,2025-06-02 16:57:46.751184
CUST000646,Saumya,Din,2002-09-07,saxenaanthony@example.net,8018644822,"78/57, Zacharia Nagar",Delhi,TN,VERIFIED,2026-02-05 22:14:48.994761
CUST000647,Atharv,Lad,1981-12-15,usom@example.com,2369149611,"968, Dora Circle",Bangalore,MH,REJECTED,2023-04-23 13:05:29.746105
CUST000648,Manya,Sood,1989-03-06,lokecaleb@example.net,3141961560,"48, Kapur Circle",Mumbai,TS,PENDING,2024-06-12 15:29:56.844712
CUST000649,Krishna,Pandya,1956-11-01,lrao@example.com,9649668349,"42/17, Dua Nagar",Hyderabad,MH,PENDING,2023-12-09 13:06:46.646368
CUST000650,Harsh,Raju,1958-11-20,xavier64@example.net,0893486883,"H.No. 67, Vyas Street",Ahmedabad,TS,VERIFIED,2024-10-30 03:03:19.317923
CUST000651,Ekansh,Sandal,1951-11-29,chakrabortycharita@example.org,1935923613,"H.No. 23, Kumar Nagar",Mumbai,MH,VERIFIED,2024-05-17 14:58:46.946206
CUST000652,Yasti,Chandra,1973-11-12,gandhijagvi@example.com,7241916503,"17, Bhattacharyya Chowk",Bangalore,DL,VERIFIED,2023-11-22 05:55:39.544433
CUST000653,Jonathan,Kuruvilla,1985-02-11,agatenandini@example.com,1417468135,"H.No. 86, Yohannan",Ahmedabad,GJ,VERIFIED,2025-08-28 20:53:59.541233
CUST000654,Yuvraj,Randhawa,1991-01-10,gmuni@example.com,1559450119,"75/360, Comar Path",Ahmedabad,TN,VERIFIED,2025-01-19 01:57:42.509619
CUST000655,Farhan,Sami,1990-03-26,karanmegha@example.org,5362189455,"H.No. 009, Mitra",Bangalore,DL,VERIFIED,2022-11-28 07:31:44.439766
CUST000656,Chanchal,Wali,2006-12-19,praneel04@example.com,4896676056,"H.No. 65, Savant Chowk",Ahmedabad,TN,VERIFIED,2025-10-17 08:57:08.600854
CUST000657,Ayush,Seshadri,1996-01-07,eiravati33@example.net,6235466226,"59, Palan",Mumbai,DL,VERIFIED,2023-12-19 00:06:52.101253
CUST000658,Chatresh,Andra,1990-12-06,ldyal@example.org,2427677462,"H.No. 112, Chaudhry Road",Pune,TS,REJECTED,2023-07-13 03:32:05.276045
CUST000659,Yahvi,Krishnamurthy,1981-07-27,abhasin@example.net,1798677823,"04, Deshmukh Chowk",Kolkata,WB,REJECTED,2022-12-29 16:12:29.747345
CUST000660,Nilima,Lall,2000-02-03,jborra@example.net,2038437536,"85, Pillay Street",Delhi,KA,PENDING,2026-07-12 06:44:27.299894
CUST000661,Yoshita,Gill,1968-08-06,kaulyahvi@example.com,5400644547,"H.No. 232, Mangal Chowk",Bangalore,TS,VERIFIED,2026-06-26 19:19:21.160550
CUST000662,Vyanjana,Chad,1976-10-10,pjhaveri@example.net,2720388621,"H.No. 963, Kumer Nagar",Ahmedabad,DL,VERIFIED,2025-08-25 01:55:37.743859
CUST000663,Robert,Bali,1973-01-20,ektathakur@example.org,9353400181,"16/52, Kumar Road",Mumbai,TN,PENDING,2023-12-03 07:31:42.033700
CUST000664,Jagvi,Lal,1965-10-27,walishivansh@example.net,1799378105,"78/84, Raju Circle",Pune,GJ,VERIFIED,2023-08-18 14:58:46.558252
CUST000665,Pavani,Wable,1980-06-21,darshmohan@example.com,9271472463,"42/423, Kara Circle",Delhi,TN,REJECTED,2025-10-12 22:53:09.389465
CUST000666,Nicholas,Verma,1964-04-15,doraisaiah@example.net,0629328809,"H.No. 010, Karpe Street",Mumbai,TN,VERIFIED,2024-12-14 06:54:47.398667
CUST000667,Aarnav,Babu,1954-04-15,bshenoy@example.com,0089876108,"14, Keer Nagar",Pune,MH,VERIFIED,2023-04-28 01:24:48.280979
CUST000668,Bimala,Nagar,1988-04-28,uppalchampak@example.com,6823546951,"62, Pingle Nagar",Ahmedabad,TN,VERIFIED,2026-02-24 05:29:51.736642
CUST000669,Arya,Narayan,2005-11-16,esarma@example.com,0666641106,"34/078, Chaudhry Path",Kolkata,TN,VERIFIED,2025-11-01 05:18:06.458160
CUST000670,Amruta,Singh,1953-01-23,pillairobert@example.com,8348268999,"H.No. 838, Venkatesh Marg",Chennai,DL,REJECTED,2024-03-12 07:08:38.979900
CUST000671,Jagat,Sodhi,1981-04-27,xbora@example.org,9625719760,"H.No. 265, Vig Chowk",Pune,MH,VERIFIED,2026-02-24 04:17:47.924376
CUST000672,Rachit,Rai,1951-06-26,ahluwaliajyoti@example.org,7558517774,"92, Char Zila",Ahmedabad,TS,PENDING,2024-11-22 16:59:49.951928
CUST000673,Maanav,Mand,1955-12-17,bdevi@example.com,2297589170,"H.No. 854, Sunder Path",Delhi,WB,REJECTED,2024-10-02 21:45:56.419785
CUST000674,Chakradev,Nagar,1975-11-13,aarnavdhaliwal@example.org,7090016356,"247, Thakur Street",Ahmedabad,MH,VERIFIED,2025-11-24 05:10:06.170905
CUST000675,Falak,Mammen,1950-12-04,sunderzinal@example.net,2473126168,"H.No. 580, D’Alia Zila",Bangalore,GJ,REJECTED,2023-04-09 18:42:37.348620
CUST000676,Aarav,Gokhale,1999-07-29,chadhadivya@example.org,1053709230,"50/07, Chadha Road",Delhi,KA,REJECTED,2024-11-18 11:38:28.530598
CUST000677,Devika,Narang,1991-03-08,lohitvig@example.com,9893652944,"82/73, Yohannan Road",Bangalore,MH,REJECTED,2026-01-25 21:59:50.805457
CUST000678,Ekavir,Banik,1965-08-01,dubeindira@example.net,3217435748,"06/48, Barad Marg",Pune,TS,VERIFIED,2022-12-15 20:32:00.910149
CUST000679,Sara,Hari,1984-10-01,zayanmistry@example.net,8425364628,"74, Ramaswamy Nagar",Delhi,GJ,VERIFIED,2025-07-21 03:18:14.749371
CUST000680,Gautami,Pandey,1955-04-11,ndutta@example.net,0908551074,"H.No. 117, Rama Circle",Pune,GJ,VERIFIED,2024-01-16 21:28:40.543703
CUST000681,Anirudh,Dhar,1969-09-07,sai60@example.net,2069535412,"59, Bhargava Path",Ahmedabad,MH,PENDING,2023-01-02 04:30:19.837479
CUST000682,Omisha,Bedi,1955-03-18,nazarethtanish@example.net,5947950740,"798, Pandya Nagar",Hyderabad,WB,PENDING,2022-09-03 17:32:28.066843
CUST000683,Jasmit,Bala,2003-08-12,bavaaditya@example.com,9340391045,"H.No. 894, Bora Zila",Mumbai,GJ,VERIFIED,2025-05-29 03:24:43.690449
CUST000684,Girindra,Kant,2008-01-30,owen85@example.com,5952056100,"06/968, Borah Nagar",Mumbai,WB,VERIFIED,2024-10-04 06:24:19.161044
CUST000685,Reva,Sood,1965-11-14,varenyatella@example.com,3394495300,"550, Dyal Ganj",Mumbai,MH,REJECTED,2024-10-09 22:53:35.596505
CUST000686,Advay,Bora,1979-03-29,qmunshi@example.org,2417842902,"H.No. 51, Aurora Zila",Bangalore,MH,PENDING,2025-02-10 05:28:12.157945
CUST000687,Azad,Baral,1987-12-08,wbatra@example.org,8868430211,"904, Shan Path",Delhi,KA,REJECTED,2025-07-09 13:01:02.935315
CUST000688,Shravya,Naik,2000-05-07,gagangarg@example.net,4260336202,"H.No. 477, Date Nagar",Mumbai,KA,PENDING,2023-12-10 15:45:57.564159
CUST000689,Sai,Contractor,1955-11-25,neel38@example.org,3621921581,"59/161, Thakur Zila",Mumbai,TN,PENDING,2022-08-21 04:01:38.646180
CUST000690,Kamya,Natarajan,1982-07-18,munshiubika@example.net,2168800537,"69/28, Srinivasan",Hyderabad,TS,PENDING,2024-05-05 06:07:25.512361
CUST000691,Yashodhara,Majumdar,1969-11-14,chatresh18@example.org,7200283948,"H.No. 414, Sur Road",Delhi,WB,PENDING,2026-02-26 08:06:22.378193
CUST000692,Siddharth,Deep,2004-04-03,bhattioviya@example.com,0202030423,"H.No. 21, Pradhan Ganj",Kolkata,WB,VERIFIED,2026-07-02 12:45:37.766633
CUST000693,Benjamin,De,1979-10-29,dnayak@example.com,6300593777,"83/21, Edwin Nagar",Hyderabad,DL,VERIFIED,2025-06-11 19:34:18.008414
CUST000694,Gaurav,Sagar,1990-03-23,singhchanchal@example.com,2983104384,"291, Dani Ganj",Hyderabad,WB,REJECTED,2026-07-07 04:54:10.477129
CUST000695,Akshay,Thaker,1953-11-14,apillay@example.com,0636219865,"H.No. 40, Sankar Chowk",Hyderabad,MH,VERIFIED,2024-04-11 07:32:00.394191
CUST000696,Ronith,Mohan,1985-09-13,umangsaha@example.com,4962732262,"436, Oza Street",Mumbai,TN,PENDING,2024-03-01 20:11:54.118430
CUST000697,Ekani,Lata,1989-09-11,varmayochana@example.net,8799196234,"H.No. 33, Nigam Circle",Kolkata,WB,VERIFIED,2026-04-26 21:35:20.704133
CUST000698,Krish,Manda,2005-07-28,jasmitbhandari@example.com,3343031158,"45/769, Tata Road",Pune,GJ,VERIFIED,2025-10-14 12:25:00.865714
CUST000699,Sudiksha,Ratti,1984-08-31,gautami35@example.org,5974669861,"H.No. 254, Bains Path",Hyderabad,TN,VERIFIED,2023-12-05 23:52:56.471247
CUST000700,Abhiram,Natarajan,2004-04-19,yashoda15@example.org,9255966472,"H.No. 23, Dani Path",Bangalore,MH,PENDING,2024-09-23 20:34:19.498696
CUST000701,Lekha,Das,2004-10-02,charles48@example.net,3261454307,"100, Dara Circle",Mumbai,MH,VERIFIED,2023-09-03 19:07:02.445219
CUST000702,Ishani,Ganesh,1958-11-15,buchjyoti@example.net,1845235426,"70/173, Bakshi Street",Bangalore,KA,REJECTED,2024-07-28 21:34:52.978908
CUST000703,Nirja,Om,2001-05-26,tristansaxena@example.com,2966563370,"52/781, Pillai Nagar",Mumbai,GJ,REJECTED,2025-05-05 02:35:10.015312
CUST000704,Zilmil,Bath,1952-09-27,vedagokhale@example.net,1425731609,"681, Gala Chowk",Mumbai,MH,VERIFIED,2023-11-28 08:26:17.513592
CUST000705,Rushil,Dara,1962-02-14,indali28@example.com,0929735259,"273, Gupta",Kolkata,GJ,VERIFIED,2026-03-11 12:41:42.576950
CUST000706,Owen,Agarwal,1967-04-19,ykapadia@example.com,2366185076,"H.No. 826, Tank",Pune,MH,VERIFIED,2026-02-18 08:01:05.517443
CUST000707,Jai,Tiwari,1997-06-07,lakshmibarad@example.org,7126158388,"48/467, Nair Ganj",Chennai,MH,REJECTED,2025-09-20 01:38:25.366627
CUST000708,Adweta,Deep,1959-01-18,michaeldhar@example.org,1944258922,"29, Kakar Path",Delhi,DL,VERIFIED,2024-05-13 23:07:36.876622
CUST000709,Chandran,Ramachandran,1964-09-05,ekonda@example.net,8046741307,"H.No. 852, Bora Nagar",Chennai,TS,REJECTED,2024-02-02 07:53:31.317747
CUST000710,Lekha,Ghosh,1973-11-27,trivedibhavini@example.net,3975615470,"151, Loyal Marg",Pune,WB,VERIFIED,2023-06-30 01:16:34.665569
CUST000711,Hema,Narayan,1975-06-21,chandkeya@example.net,9578752070,"20, Taneja Zila",Chennai,MH,REJECTED,2022-11-30 15:45:22.645562
CUST000712,Gaurav,Doctor,1968-06-18,yagneshsani@example.net,7897609873,"31, Goyal",Hyderabad,WB,REJECTED,2023-01-04 02:29:59.265182
CUST000713,Lopa,Bala,1977-05-02,vaishnavi86@example.com,3943191654,"312, Dutt Nagar",Ahmedabad,MH,VERIFIED,2023-02-24 06:31:31.336223
CUST000714,Ekapad,Pandey,1999-06-24,vedika64@example.com,4700026876,"64, Sem",Kolkata,DL,PENDING,2023-02-08 19:36:45.947804
CUST000715,Dayamai,Chakraborty,1974-12-24,lekhapalan@example.com,4500635537,"H.No. 96, Grewal",Kolkata,TS,VERIFIED,2024-12-15 06:42:41.915127
CUST000716,Ridhi,Brar,1957-01-02,laksh96@example.org,3059702551,"36, Keer Road",Kolkata,TS,REJECTED,2026-05-28 10:46:28.340387
CUST000717,Dipta,Mann,2003-10-08,maya54@example.com,3454434414,"34/49, Mane Chowk",Ahmedabad,MH,VERIFIED,2026-07-02 14:18:40.685004
CUST000718,Anamika,Rout,1965-12-06,madhavkapur@example.org,8629739889,"H.No. 097, Bhat Street",Chennai,TS,PENDING,2023-07-09 14:07:05.033106
CUST000719,Ishwar,Srinivas,1994-10-23,tnarain@example.net,3465579220,"H.No. 96, Raj Road",Mumbai,WB,PENDING,2025-05-04 18:43:13.471647
CUST000720,Manbir,Kapoor,1983-06-29,dhaliwalishani@example.org,1375658963,"H.No. 861, Kamdar",Hyderabad,WB,VERIFIED,2026-04-09 19:36:12.865012
CUST000721,Advika,Patel,1982-09-05,aashinarang@example.com,3113885034,"20/334, Master Chowk",Chennai,MH,VERIFIED,2026-05-01 23:17:00.110389
CUST000722,Niharika,Johal,1988-09-05,mitravincent@example.net,9686800852,"177, Bhatt Road",Bangalore,GJ,VERIFIED,2023-05-08 14:56:56.806257
CUST000723,Raghav,Barad,1968-02-25,dalbir23@example.net,0228946652,"282, Kaur",Bangalore,MH,VERIFIED,2024-06-16 03:53:05.937905
CUST000724,Amol,Desai,1969-10-13,kalesamarth@example.org,0334677116,"27, Palan",Chennai,WB,REJECTED,2022-09-01 22:23:33.244648
CUST000725,Divya,Krish,2002-10-02,ghosearunima@example.net,3012398472,"20/284, Bir Chowk",Mumbai,KA,VERIFIED,2025-07-29 02:39:29.501195
CUST000726,Amol,Chand,1976-12-22,nihaldeo@example.com,5076487177,"92/40, Parsa Marg",Pune,GJ,VERIFIED,2026-05-05 01:40:35.787301
CUST000727,Utkarsh,Yadav,2001-03-25,ydube@example.net,2581225909,"48/237, Guha Ganj",Delhi,TN,VERIFIED,2025-02-20 03:39:42.707416
CUST000728,Faraj,Grewal,1956-05-31,chadhachampak@example.org,8035869017,"39/251, Krishnamurthy",Pune,MH,VERIFIED,2024-05-26 11:44:29.509191
CUST000729,Pranav,Nadkarni,1993-04-10,takharsh@example.org,2764338722,"162, Nagi Marg",Ahmedabad,MH,REJECTED,2025-05-09 07:41:24.690108
CUST000730,Abha,Raja,1999-12-07,robertagarwal@example.net,3444704887,"H.No. 470, Anne Street",Pune,WB,VERIFIED,2025-04-25 22:43:47.822149
CUST000731,Krishna,Tripathi,1990-04-29,munshiranveer@example.net,7492663295,"77, Garde Path",Delhi,TN,PENDING,2026-01-01 11:35:04.401535
CUST000732,Jagrati,Dube,1951-08-25,rastogiikshita@example.net,2920592294,"029, Mutti Path",Ahmedabad,DL,VERIFIED,2023-04-05 13:50:38.256883
CUST000733,Neelima,Kaul,1975-11-30,pdube@example.com,9420661549,"H.No. 331, Yohannan Ganj",Chennai,DL,REJECTED,2025-08-07 11:30:17.046459
CUST000734,Banjeet,Bassi,1966-06-11,nakshbhatt@example.net,2212154815,"76/40, Choudhary Zila",Ahmedabad,GJ,VERIFIED,2025-08-11 12:46:25.825498
CUST000735,Adweta,Yogi,1954-01-09,dalaja20@example.org,2987787358,"41, Saran",Ahmedabad,DL,VERIFIED,2024-09-17 04:56:28.277392
CUST000736,Teerth,Minhas,1988-10-28,dhaliwalrajata@example.org,1320410429,"H.No. 78, Choudhury",Delhi,DL,PENDING,2025-06-20 22:16:22.321014
CUST000737,Sanya,Dube,1998-07-03,kmall@example.net,2831800366,"H.No. 053, Zacharia Street",Mumbai,MH,VERIFIED,2022-12-26 10:50:55.155780
CUST000738,Meghana,Gulati,2001-04-06,nagychakradhar@example.com,4383805826,"H.No. 768, Gade Marg",Mumbai,TN,REJECTED,2023-12-14 08:17:14.227435
CUST000739,Rajata,Kohli,2000-05-20,samuelthaker@example.net,3376185186,"684, Acharya Zila",Kolkata,TN,VERIFIED,2025-11-08 18:07:31.431659
CUST000740,Ranveer,Dubey,1989-02-18,saikara@example.net,1883527918,"76, Bassi Zila",Pune,DL,VERIFIED,2026-06-12 03:11:01.312062
CUST000741,Kamala,Ganesh,1950-12-29,latayug@example.org,7976178159,"45/72, Dora Nagar",Kolkata,MH,PENDING,2024-04-15 03:59:51.854514
CUST000742,Krisha,Pillay,1990-12-30,ywalla@example.org,9125734989,"946, Saxena Nagar",Delhi,TN,PENDING,2025-05-19 09:49:05.177153
CUST000743,Laban,Bajaj,1976-06-11,wdhar@example.net,6941799670,"H.No. 74, Pandey Circle",Ahmedabad,GJ,VERIFIED,2025-07-10 21:29:00.106964
CUST000744,Bhavani,Ravi,1966-08-17,yaminimittal@example.org,7347853698,"80/44, Anne Path",Delhi,TS,VERIFIED,2025-04-26 15:22:35.958561
CUST000745,Ojas,Varma,1997-05-23,narainonveer@example.org,2627066489,"H.No. 84, Venkatesh Path",Ahmedabad,TS,REJECTED,2025-09-26 09:32:27.914056
CUST000746,Timothy,Acharya,1982-11-23,benjaminnarayan@example.com,8839974185,"50, Acharya Nagar",Mumbai,MH,VERIFIED,2023-01-15 22:52:59.363682
CUST000747,Hemani,Ramakrishnan,1994-09-12,lchaudry@example.net,3056418493,"90, Srinivasan Circle",Mumbai,MH,PENDING,2023-06-20 04:23:45.448876
CUST000748,Anirudh,Dani,1981-06-02,oeshibanerjee@example.org,3651034444,"74, Sami Path",Hyderabad,MH,VERIFIED,2026-03-19 11:12:46.360116
CUST000749,Nandini,Prasad,1960-03-11,purohitlucky@example.org,5599672562,"H.No. 33, Sarraf Road",Hyderabad,MH,VERIFIED,2024-10-26 23:15:30.631414
CUST000750,Aarna,Tara,1968-06-15,imitter@example.com,5939652138,"H.No. 245, Kamdar Path",Ahmedabad,DL,VERIFIED,2025-09-27 12:46:24.682340
CUST000751,Daksh,Aggarwal,1993-08-11,qdatta@example.org,1732772648,"55/85, Golla Street",Ahmedabad,GJ,VERIFIED,2023-01-12 00:32:00.545734
CUST000752,Dalaja,Garde,1990-02-22,logan51@example.com,8575917105,"H.No. 91, Sem Road",Mumbai,WB,VERIFIED,2024-12-02 22:20:01.754378
CUST000753,Amruta,Sinha,1963-12-28,tanish52@example.com,8417159497,"H.No. 537, Warrior Circle",Mumbai,TN,REJECTED,2024-05-30 09:47:24.250761
CUST000754,Robert,Dash,1981-05-12,ychacko@example.org,3892608788,"787, Andra Ganj",Chennai,MH,REJECTED,2022-10-01 22:25:29.848151
CUST000755,Radhika,Gour,1968-12-15,munshipratyush@example.org,4653537801,"73, Mallick Road",Kolkata,TS,VERIFIED,2023-10-01 18:23:01.788445
CUST000756,Watika,Chahal,1993-04-10,kradhakrishnan@example.net,9143362999,"H.No. 09, Balakrishnan",Bangalore,TS,VERIFIED,2026-01-14 14:41:10.997419
CUST000757,Isaac,Bava,1981-07-03,varsha39@example.org,5211896844,"88/499, Prabhakar Chowk",Pune,TN,VERIFIED,2025-05-02 05:39:03.813045
CUST000758,Kamala,Swaminathan,1969-09-09,zinal28@example.net,9022179789,"97/170, Wadhwa Path",Chennai,WB,VERIFIED,2024-05-07 09:58:48.004737
CUST000759,Adweta,Narasimhan,1997-08-30,samuel67@example.org,8112303885,"39/78, Maharaj Zila",Delhi,WB,PENDING,2023-10-21 19:27:01.538267
CUST000760,Gayathri,Apte,2002-02-08,ganesanhenry@example.com,9055286693,"88/070, Hayer Path",Pune,MH,VERIFIED,2026-05-03 05:26:32.485223
CUST000761,Megha,Bahri,1993-11-27,darawridesh@example.net,0382974255,"08/58, Thakkar Zila",Bangalore,MH,VERIFIED,2023-02-16 15:59:21.899741
CUST000762,Brijesh,Mander,1969-08-22,chandanikala@example.net,3615873662,"96/93, Pandit Ganj",Kolkata,WB,PENDING,2025-06-10 20:26:33.161094
CUST000763,Darpan,Amble,1986-12-23,qushi15@example.net,7315663979,"H.No. 643, Basak Marg",Ahmedabad,MH,VERIFIED,2023-07-31 21:10:00.368833
CUST000764,Yashoda,Khatri,1977-12-24,tanmayibala@example.org,6605342816,"H.No. 019, Naik Chowk",Hyderabad,KA,PENDING,2025-03-21 01:35:33.971347
CUST000765,Samarth,Natt,1981-09-07,nimrat40@example.com,0388027304,"28, Lall Zila",Kolkata,DL,REJECTED,2025-02-12 16:38:21.716126
CUST000766,Anika,Setty,1957-05-12,edhithakakar@example.org,9067649092,"87/45, Choudhury Path",Bangalore,MH,VERIFIED,2025-02-11 11:35:07.995481
CUST000767,Warjas,Narasimhan,1981-10-24,fdeshpande@example.org,4306881164,"88/18, Jha Chowk",Pune,GJ,VERIFIED,2025-12-26 00:56:43.663945
CUST000768,Saanvi,Parmer,2006-06-01,vivaankala@example.com,7704130909,"H.No. 282, Deol Marg",Mumbai,KA,VERIFIED,2024-10-12 07:15:49.168508
CUST000769,Ojas,Baral,2004-03-19,gardeviraj@example.org,5772044100,"32/45, Borra Ganj",Mumbai,TS,VERIFIED,2023-12-31 13:05:58.476728
CUST000770,Vasudha,More,1956-05-11,maanasmalhotra@example.net,0987264963,"42, Mann Street",Mumbai,MH,REJECTED,2022-11-12 17:39:22.241295
CUST000771,Tanish,Gera,1974-12-12,wallacharan@example.org,4686163070,"20/200, Nayak",Hyderabad,WB,VERIFIED,2022-09-08 14:45:27.028173
CUST000772,Warjas,Raman,2002-06-10,edeshmukh@example.net,3689005779,"32, Arora Path",Chennai,TS,REJECTED,2025-09-07 22:25:54.886821
CUST000773,Triya,Kalita,1986-04-27,guptabakhshi@example.net,2211386908,"210, Mutti Road",Pune,WB,REJECTED,2022-09-25 19:09:05.619698
CUST000774,Ati,Reddy,1996-08-02,kchoudhry@example.org,7074436023,"H.No. 21, Aurora Marg",Delhi,WB,VERIFIED,2026-01-15 17:33:04.177024
CUST000775,Pratyush,Kala,2003-06-29,fitan20@example.net,4772690326,"761, Mital Chowk",Bangalore,DL,VERIFIED,2023-03-13 18:10:01.903110
CUST000776,Arjun,Desai,1966-04-24,jagrati98@example.com,6021191589,"49/864, Sangha Chowk",Bangalore,WB,VERIFIED,2025-06-15 04:12:03.507071
CUST000777,Yoshita,Sama,1957-12-28,draghavan@example.org,4740837819,"H.No. 99, Chada Street",Bangalore,DL,REJECTED,2025-09-24 17:18:26.207799
CUST000778,Caleb,Bedi,1974-01-16,mayadatta@example.org,3484864708,"H.No. 46, Divan Street",Kolkata,DL,VERIFIED,2024-05-06 04:32:27.731440
CUST000779,Aditya,Ganguly,1954-06-15,ryanswamy@example.net,0550330000,"H.No. 67, Choudhry Ganj",Chennai,GJ,PENDING,2025-06-06 21:33:14.706866
CUST000780,Aarush,Varty,1980-11-08,darazayyan@example.org,0091692327,"90/608, Mital Path",Pune,DL,REJECTED,2025-01-11 14:41:00.228081
CUST000781,Fitan,Sandal,1978-06-22,lipika30@example.org,9984336113,"H.No. 19, Pingle Circle",Kolkata,WB,VERIFIED,2024-10-05 01:49:47.216306
CUST000782,Forum,Thaker,1958-11-03,mason03@example.net,0153534660,"H.No. 94, Sankaran Marg",Kolkata,KA,REJECTED,2025-05-09 02:48:42.836772
CUST000783,Chatresh,Chandran,1954-01-10,amarababu@example.org,8223879402,"17/45, Sibal Street",Chennai,MH,VERIFIED,2024-05-12 12:48:07.447280
CUST000784,Jagrati,Hans,1974-07-03,tristanpadmanabhan@example.com,0412918285,"H.No. 255, Badami",Bangalore,TN,VERIFIED,2023-07-10 23:59:58.667060
CUST000785,Mitali,Contractor,2001-11-13,shettyoscar@example.org,4660012838,"H.No. 232, Sane",Kolkata,TS,PENDING,2023-10-04 02:08:45.556476
CUST000786,Gaurav,Dass,1952-05-02,kavya07@example.net,6534460422,"01, Chakrabarti",Delhi,DL,VERIFIED,2022-11-25 19:46:35.041713
CUST000787,Abhimanyu,Pau,1979-08-02,dayamaiswamy@example.org,3586176822,"26/708, Sahota Marg",Bangalore,MH,VERIFIED,2023-12-08 23:00:39.663087
CUST000788,Lila,Panchal,2004-09-05,idua@example.com,9768784947,"35/006, Uppal Zila",Ahmedabad,DL,VERIFIED,2025-05-22 09:50:28.696446
CUST000789,Vasudha,Mitra,2007-02-05,wahabmunshi@example.com,4046682121,"549, Badal Street",Bangalore,TS,VERIFIED,2023-10-27 14:51:40.752820
CUST000790,Aradhana,Mandal,1987-12-01,dasguptaharrison@example.net,3881827306,"94/882, Wable Zila",Hyderabad,WB,PENDING,2026-06-07 11:32:11.624809
CUST000791,Oni,Yadav,1951-12-23,qravel@example.org,1102125434,"H.No. 604, Wable",Kolkata,KA,VERIFIED,2024-08-28 03:24:49.568725
CUST000792,Wriddhish,Taneja,1958-11-19,dbera@example.org,0319789990,"H.No. 347, Khosla Zila",Bangalore,DL,REJECTED,2024-04-17 03:48:12.775505
CUST000793,Watika,Chaudhary,1984-10-31,csachdeva@example.net,6259084194,"H.No. 113, Oak Chowk",Bangalore,DL,PENDING,2023-01-19 14:54:36.859309
CUST000794,Noah,Dar,1951-12-11,sachivirk@example.net,7279037161,"72/23, Rajagopalan",Mumbai,TN,PENDING,2023-07-05 08:31:43.475030
CUST000795,Vritti,Dara,1981-09-09,onigam@example.org,6810248085,"H.No. 244, Deshmukh Ganj",Kolkata,KA,REJECTED,2023-08-14 05:14:03.464728
CUST000796,Megha,Grewal,1960-01-16,ramanbaljiwan@example.com,8574670675,"952, Nagy Zila",Pune,TS,PENDING,2023-06-20 19:16:25.682381
CUST000797,Jack,Ray,2002-07-10,lipikabora@example.org,0335084243,"24/84, Bhatti Circle",Hyderabad,TS,VERIFIED,2022-11-06 04:24:56.870212
CUST000798,Advaith,Mitra,2003-07-31,aborde@example.com,0215167586,"95/348, Chander Zila",Chennai,TN,PENDING,2023-06-30 23:13:30.402028
CUST000799,Anay,Dani,2001-09-12,wishi64@example.org,8961573855,"75, Desai Zila",Hyderabad,KA,VERIFIED,2022-08-24 02:11:11.572381
CUST000800,Kashish,Tank,1980-01-08,janaki42@example.com,9723602446,"20, Bhattacharyya Path",Kolkata,TN,PENDING,2023-07-20 17:49:52.424251
CUST000801,Avi,Sharma,1962-06-09,xdas@example.com,7837031754,"41, Thakur Road",Chennai,GJ,VERIFIED,2024-05-12 10:16:02.471575
CUST000802,Tripti,Golla,1972-11-11,orindernatarajan@example.com,8627288407,"H.No. 763, Sridhar Street",Delhi,TN,VERIFIED,2025-12-13 03:46:24.422643
CUST000803,Samuel,Nigam,1962-09-16,asoni@example.net,5923868790,"32/05, Keer Path",Ahmedabad,MH,PENDING,2026-05-03 16:57:39.208069
CUST000804,Idika,Bal,1990-06-30,urviiyengar@example.net,1597640535,"97/75, Kumar Path",Bangalore,TS,VERIFIED,2023-08-26 05:30:38.791963
CUST000805,Faraj,Bala,1964-08-15,manan27@example.org,2732022271,"76/917, Sampath Zila",Mumbai,WB,VERIFIED,2023-04-03 19:30:26.753208
CUST000806,Chaitaly,Dugar,1986-05-28,ishaan44@example.net,9830521690,"H.No. 269, Atwal Circle",Kolkata,DL,PENDING,2023-04-11 19:42:24.288144
CUST000807,Amaira,Gour,1989-12-28,warhi10@example.com,1770316370,"33/26, Goswami Chowk",Delhi,WB,REJECTED,2023-01-03 11:26:09.990921
CUST000808,Ati,Puri,1984-02-17,sastrynathaniel@example.net,7638083906,"H.No. 99, Nair Circle",Hyderabad,TN,VERIFIED,2023-08-17 18:46:54.494941
CUST000809,Theodore,Kar,1958-01-04,wakeetagole@example.net,2916350496,"65, Setty Street",Pune,GJ,VERIFIED,2023-01-22 04:18:42.000421
CUST000810,Daksha,Parekh,2007-04-24,nlanka@example.net,0708864067,"H.No. 801, Garg",Hyderabad,WB,VERIFIED,2026-01-05 12:49:03.855902
CUST000811,Noah,Grewal,1995-05-22,chandani39@example.org,4890932253,"351, Dube Nagar",Chennai,GJ,REJECTED,2024-12-18 01:11:59.235715
CUST000812,Garima,Padmanabhan,2000-02-19,comarupkaar@example.com,5036988843,"436, Sandhu Street",Pune,DL,PENDING,2025-10-21 02:02:09.771508
CUST000813,Avi,Palan,1983-05-13,jasondate@example.com,1290759659,"H.No. 237, Hora Marg",Chennai,WB,VERIFIED,2023-02-24 20:38:36.428659
CUST000814,Tripti,More,1984-09-25,nathaniel10@example.com,9419375919,"H.No. 317, Kata Path",Bangalore,MH,REJECTED,2022-12-05 06:47:24.081483
CUST000815,Kabir,Sampath,2000-03-21,urvashi52@example.net,4612096173,"84/524, Halder Nagar",Hyderabad,MH,PENDING,2025-06-18 12:48:18.254155
CUST000816,Hitesh,Bhatnagar,1971-02-25,garimapant@example.org,1432191430,"24/792, Krishnamurthy Path",Pune,GJ,VERIFIED,2023-04-14 10:40:49.631990
CUST000817,Mitesh,Chander,1979-09-24,aachalnagy@example.net,9204877067,"299, Sani Circle",Bangalore,WB,PENDING,2026-01-01 04:18:31.217402
CUST000818,Ishita,Bhandari,1960-04-03,bmann@example.com,8585883825,"084, Subramaniam Marg",Hyderabad,TN,VERIFIED,2024-01-08 13:44:27.955864
CUST000819,Om,Patil,1968-04-30,eiravatiprakash@example.org,2822250182,"28, Gulati Marg",Chennai,TS,PENDING,2023-02-14 22:31:44.845412
CUST000820,Zayan,Gole,1988-02-09,garanicholas@example.org,1499290096,"660, Oommen Road",Kolkata,KA,PENDING,2024-12-09 09:47:09.383365
CUST000821,Charles,Patel,1975-08-04,ekalingasood@example.com,0391019335,"247, Chadha Zila",Ahmedabad,WB,REJECTED,2025-11-16 11:26:59.231309
CUST000822,Tristan,Raja,2000-01-22,sainiansh@example.net,7705646160,"H.No. 38, Anne Path",Kolkata,MH,VERIFIED,2026-05-09 11:47:09.849788
CUST000823,Eshana,Kari,1977-06-27,anikasampath@example.org,6231336109,"H.No. 23, Ramachandran Zila",Bangalore,KA,VERIFIED,2022-09-09 16:03:15.172893
CUST000824,Bhavna,Dada,2003-09-22,triptigokhale@example.com,6857606349,"H.No. 61, Narang Chowk",Delhi,TS,REJECTED,2023-12-31 22:53:42.953748
CUST000825,Harish,Vaidya,1982-07-23,chadhawarda@example.net,2420248374,"345, Nayak Marg",Mumbai,WB,VERIFIED,2025-12-29 20:37:11.863541
CUST000826,Yachana,Ramachandran,1983-11-04,kapte@example.com,8536268904,"41/009, Karan Path",Kolkata,KA,VERIFIED,2025-10-01 19:53:03.346178
CUST000827,Geetika,Munshi,1978-07-28,owen16@example.net,3599009378,"H.No. 76, Memon Zila",Bangalore,TN,VERIFIED,2024-08-05 07:23:19.680660
CUST000828,Yashasvi,Virk,1965-10-27,tanvibehl@example.com,1875646726,"H.No. 41, Pradhan Circle",Pune,GJ,VERIFIED,2023-07-03 10:55:29.405670
CUST000829,Bahadurjit,Bhasin,1959-04-13,kganesan@example.org,8450786043,"H.No. 03, Sawhney Ganj",Kolkata,GJ,REJECTED,2025-10-30 22:37:21.887341
CUST000830,Pavani,Upadhyay,1964-11-17,randhawavasudha@example.net,3067182226,"H.No. 908, Trivedi Chowk",Hyderabad,DL,VERIFIED,2023-09-05 16:14:35.665332
CUST000831,Raagini,Narasimhan,1963-04-11,chakradhar67@example.org,3428987605,"170, Sami Road",Ahmedabad,KA,VERIFIED,2025-03-02 11:45:16.106574
CUST000832,Faras,Ratti,1990-03-26,abalan@example.com,2016290739,"98/271, Dube Circle",Kolkata,KA,VERIFIED,2025-08-18 06:34:04.906908
CUST000833,Ekantika,Jani,1995-06-11,ubikachana@example.com,8649426942,"H.No. 354, Bahl",Hyderabad,DL,VERIFIED,2024-04-09 17:04:09.322258
CUST000834,Jagrati,Sahota,1976-09-16,egola@example.net,8730549824,"30/217, Choudhury Circle",Delhi,GJ,VERIFIED,2023-01-28 05:32:55.847434
CUST000835,Yadavi,Ahluwalia,1973-01-15,qmadan@example.org,5890164928,"01, Bhagat Chowk",Ahmedabad,DL,PENDING,2024-04-03 10:09:22.803688
CUST000836,Nachiket,Sachar,1987-03-21,sehgalchanakya@example.org,8808172628,"44/850, Shankar Nagar",Bangalore,GJ,PENDING,2026-04-21 06:52:31.566449
CUST000837,Yashica,Nori,2005-10-24,unnimajumdar@example.org,6806919612,"H.No. 808, Badal Street",Delhi,KA,VERIFIED,2023-03-18 09:14:50.777210
CUST000838,Jagdish,Shan,1953-12-04,oviyahayer@example.net,4435962458,"H.No. 424, Prakash Street",Mumbai,KA,VERIFIED,2023-07-29 04:22:12.253132
CUST000839,Anirudh,Chana,2005-01-30,udantshanker@example.com,0284976039,"H.No. 36, Deol Path",Delhi,KA,VERIFIED,2023-06-23 04:21:49.947218
CUST000840,Darika,Basak,1971-01-16,pavanikumer@example.net,8754036488,"38, Malhotra Path",Pune,TS,REJECTED,2025-12-09 23:43:14.469952
CUST000841,Mugdha,Roy,1959-06-18,joshuakashyap@example.com,6679986491,"72/20, Grewal Road",Hyderabad,DL,REJECTED,2026-04-24 08:51:52.016280
CUST000842,Lila,Gour,1960-03-31,adave@example.com,6179962356,"98/33, Sood Path",Kolkata,GJ,VERIFIED,2025-01-01 02:07:00.009846
CUST000843,Mugdha,Varma,1977-07-17,nseshadri@example.org,6041348208,"H.No. 39, Gupta Circle",Kolkata,TS,VERIFIED,2026-01-08 14:36:35.657064
CUST000844,Frado,Dubey,2008-02-11,banne@example.org,4407629143,"410, Varty Ganj",Kolkata,WB,VERIFIED,2026-06-16 06:48:15.942889
CUST000845,Warhi,Nagy,1959-06-19,cdeo@example.net,5642240592,"H.No. 30, Sundaram",Pune,GJ,REJECTED,2025-10-23 20:39:29.411354
CUST000846,Priya,Chaudry,1986-09-24,nandini29@example.net,5682017530,"H.No. 869, Srinivasan Path",Kolkata,WB,VERIFIED,2026-07-11 00:10:52.913007
CUST000847,Bina,Ahuja,1968-08-03,vritti41@example.net,5313795610,"217, Bhatia Path",Pune,MH,VERIFIED,2023-03-26 10:35:59.595135
CUST000848,Gabriel,Gola,2006-08-29,gauribobal@example.net,8733703424,"90/47, Bal Marg",Bangalore,KA,REJECTED,2023-07-08 15:28:44.113853
CUST000849,Ojasvi,Dave,1995-07-21,dominic07@example.com,1917085173,"H.No. 456, Kumer Ganj",Hyderabad,DL,VERIFIED,2024-05-15 20:17:46.013509
CUST000850,Ethan,Pandya,1980-02-23,hiral81@example.net,5744965391,"H.No. 040, Korpal",Pune,GJ,VERIFIED,2022-10-11 14:23:09.596651
CUST000851,Advik,Mukhopadhyay,1969-02-16,jacob84@example.org,9822180396,"58/86, Bail Road",Chennai,GJ,REJECTED,2026-02-16 09:17:09.341122
CUST000852,Advik,Doshi,1973-05-09,hamsinichana@example.com,6933356230,"H.No. 08, Bera Circle",Delhi,WB,REJECTED,2025-03-21 03:12:04.619828
CUST000853,Rachana,Sura,1953-02-05,mbasak@example.org,1991843113,"H.No. 584, Nigam Circle",Kolkata,KA,VERIFIED,2025-08-14 02:43:42.468577
CUST000854,Hemal,Gaba,1997-01-19,quincydar@example.org,0472205397,"H.No. 44, Bhandari Chowk",Delhi,GJ,REJECTED,2024-10-30 04:34:07.664653
CUST000855,Laksh,Hegde,1955-04-08,mannmadhavi@example.net,9953946766,"H.No. 96, Patla Nagar",Hyderabad,TN,REJECTED,2026-01-06 07:02:21.277096
CUST000856,Agastya,Devi,1994-01-28,warriorcharvi@example.org,5787036860,"H.No. 663, Anand Marg",Bangalore,TS,VERIFIED,2023-07-17 16:59:14.588104
CUST000857,Kai,Wali,2002-01-31,sanghviamaira@example.org,0390912030,"45/23, Prabhakar Chowk",Bangalore,MH,VERIFIED,2024-02-01 10:23:29.105179
CUST000858,Jeevika,Kashyap,2000-05-13,manyabarman@example.org,0275745449,"89/445, Varkey Ganj",Bangalore,TS,VERIFIED,2024-11-09 23:44:17.236838
CUST000859,Amol,Dara,1992-04-18,opall@example.com,4456622952,"H.No. 566, Keer Nagar",Hyderabad,WB,PENDING,2022-12-27 04:32:49.085895
CUST000860,Nilima,Chauhan,1997-08-30,dayitasampath@example.org,0472660235,"H.No. 153, Bir Nagar",Hyderabad,WB,PENDING,2026-06-06 22:10:26.677381
CUST000861,Gautam,Sampath,1979-06-18,muttipallavi@example.org,8790522441,"H.No. 79, Bhalla Road",Hyderabad,GJ,REJECTED,2024-05-11 23:08:41.028803
CUST000862,Aishani,Pau,1963-01-12,unni90@example.com,1918986646,"18, Hayer Ganj",Hyderabad,TS,PENDING,2025-05-31 02:03:24.776441
CUST000863,Warda,Lalla,1987-01-04,jrandhawa@example.org,7023771843,"095, Suresh Marg",Chennai,TS,VERIFIED,2026-01-31 10:13:34.416289
CUST000864,Ranveer,Dhawan,1990-08-30,ykala@example.net,3964402825,"99, Kuruvilla Street",Delhi,GJ,REJECTED,2023-07-31 17:46:02.327369
CUST000865,Urvashi,Khalsa,1986-09-14,udarshwarrior@example.com,0232091401,"844, Kala Street",Mumbai,DL,VERIFIED,2023-04-13 04:32:47.144834
CUST000866,Warda,Bobal,1985-09-13,adityasubramanian@example.com,1545260756,"831, Aggarwal Nagar",Ahmedabad,TS,VERIFIED,2026-05-26 12:06:45.965293
CUST000867,Maya,Mane,2007-09-29,mohammedgour@example.com,2777733168,"70/703, Pathak Circle",Kolkata,GJ,PENDING,2025-06-10 01:17:02.549887
CUST000868,Kritika,Banerjee,1970-01-24,omkaar98@example.com,4107402740,"76, Prabhu Street",Ahmedabad,WB,PENDING,2022-11-02 12:32:24.219738
CUST000869,Aarnav,Sani,1998-10-18,baralyash@example.net,3856461497,"93/183, Sundaram",Ahmedabad,TS,VERIFIED,2024-11-11 01:31:41.502008
CUST000870,Arunima,Brahmbhatt,1965-07-30,lbanerjee@example.net,5049326643,"12, Dugar Zila",Mumbai,MH,VERIFIED,2025-07-25 18:13:17.744040
CUST000871,Falan,Chawla,1969-09-29,harinakshi34@example.org,1276223984,"H.No. 67, Swamy Circle",Mumbai,TN,VERIFIED,2025-06-12 21:17:03.989455
CUST000872,Yochana,Thaker,1981-02-27,samarthseshadri@example.net,0584168061,"47, Yadav",Chennai,TS,PENDING,2022-11-19 11:38:37.139858
CUST000873,Anika,Raman,1952-01-20,yutika67@example.net,9638309723,"26/16, Deo Marg",Ahmedabad,KA,REJECTED,2026-06-11 03:47:49.662650
CUST000874,Omya,Naidu,1971-04-19,shivani86@example.com,7865557512,"H.No. 006, Sekhon Circle",Bangalore,TN,REJECTED,2022-08-30 04:47:18.098373
CUST000875,Oeshi,Wali,2000-04-08,dakshesh51@example.com,5451224441,"H.No. 02, Jaggi Ganj",Delhi,MH,PENDING,2023-12-15 15:48:42.312086
CUST000876,Pooja,Badal,1980-05-11,eeshasinghal@example.org,7036309442,"050, Warrior Circle",Pune,WB,VERIFIED,2024-09-14 23:33:01.671782
CUST000877,Arunima,Biswas,1962-12-17,santdominic@example.net,9797245284,"48/04, Basak Path",Pune,TN,VERIFIED,2023-07-05 04:28:29.379004
CUST000878,Irya,Purohit,1994-03-27,gmistry@example.org,7394059802,"H.No. 20, Chana Ganj",Ahmedabad,TN,VERIFIED,2024-06-13 14:50:22.939040
CUST000879,Logan,Natarajan,1980-10-28,sidhurayaan@example.com,0319777486,"H.No. 418, Loke Marg",Bangalore,GJ,VERIFIED,2024-01-07 20:01:22.608245
CUST000880,Nathan,Jaggi,1950-11-05,ekajavenkatesh@example.com,1962332605,"767, Varty Road",Pune,MH,REJECTED,2026-07-11 03:44:24.741009
CUST000881,Sachi,Hans,1991-03-22,lrau@example.net,1518178824,"46/98, Bajaj",Delhi,WB,VERIFIED,2023-06-15 19:03:44.938996
CUST000882,Michael,Keer,1958-05-17,thomassom@example.org,9890223790,"87/084, Sekhon Chowk",Hyderabad,MH,VERIFIED,2026-04-16 11:46:21.255668
CUST000883,Aashi,Bobal,1987-01-02,fsalvi@example.com,3981889073,"15/79, Mittal Nagar",Mumbai,DL,REJECTED,2024-11-27 21:04:10.868024
CUST000884,Madhavi,Ganesh,1974-02-13,yashasvilall@example.net,6380207612,"190, Chakrabarti Path",Chennai,TS,VERIFIED,2024-01-30 11:19:04.258629
CUST000885,Harish,Dubey,2004-06-24,gchaudhari@example.org,7066901079,"82/68, Kashyap",Chennai,TN,REJECTED,2024-10-10 14:14:05.566728
CUST000886,Yasti,Sarkar,1988-12-27,pbatra@example.net,0675789683,"H.No. 773, Garde Zila",Chennai,KA,VERIFIED,2023-07-05 23:52:26.751818
CUST000887,Tejas,Chaudhry,1969-05-11,brijesh57@example.net,5218799384,"H.No. 88, Cheema Ganj",Kolkata,MH,VERIFIED,2025-12-03 09:50:05.885182
CUST000888,Deepa,Bhatt,1968-07-12,pbehl@example.net,2350368715,"09/779, Yogi Chowk",Hyderabad,TS,VERIFIED,2026-06-10 06:55:06.603760
CUST000889,Lucky,Kata,1987-09-07,amara56@example.net,4679403664,"957, Tara Ganj",Hyderabad,DL,VERIFIED,2022-11-04 01:31:22.605058
CUST000890,Sathvik,Dani,1971-03-24,cpau@example.net,9273186830,"54/23, Gill Ganj",Kolkata,GJ,VERIFIED,2024-08-12 17:00:53.150392
CUST000891,Keya,Pradhan,1954-08-19,aachal83@example.net,6073446746,"41/74, Contractor",Chennai,WB,PENDING,2023-10-23 00:12:08.798760
CUST000892,Riya,Aggarwal,1970-02-27,noahbose@example.net,6981413447,"37/74, Dave Nagar",Ahmedabad,KA,VERIFIED,2024-04-18 07:39:00.893778
CUST000893,Jeremiah,Wason,1974-02-15,sakshambalakrishnan@example.org,5099621836,"66/66, Agarwal Zila",Kolkata,TN,VERIFIED,2024-12-12 23:57:02.798239
CUST000894,Dhriti,Ramesh,2003-09-20,owen02@example.org,3499801376,"H.No. 90, Som Zila",Ahmedabad,GJ,VERIFIED,2023-03-07 06:54:23.062804
CUST000895,Ekbal,Narang,1959-04-25,anya61@example.com,0923351746,"01, Rajagopal Circle",Mumbai,KA,PENDING,2026-01-07 07:06:59.775585
CUST000896,Kabir,Raghavan,1963-04-15,lakshmi95@example.com,2776414900,"551, Madan Ganj",Delhi,KA,REJECTED,2023-08-07 02:09:38.670442
CUST000897,Aadhya,Rastogi,1978-07-15,veeracharya@example.com,3314546157,"H.No. 11, Shankar Road",Kolkata,MH,PENDING,2025-09-08 00:18:44.890721
CUST000898,Unnati,Nadig,1963-01-09,abhirammann@example.org,4377661830,"H.No. 187, Chada Ganj",Pune,GJ,VERIFIED,2024-09-10 06:12:00.598225
CUST000899,Frado,Nair,1955-12-22,krishnaveer@example.com,8621078187,"85/642, Sha Path",Delhi,TN,VERIFIED,2023-11-09 02:03:01.541835
CUST000900,Niharika,Agate,1958-11-29,phora@example.net,5423060023,"H.No. 50, Devi Path",Hyderabad,GJ,VERIFIED,2025-12-02 02:25:03.371883
CUST000901,Girish,Char,1967-05-30,aviraval@example.com,0151459920,"822, Deshpande Street",Mumbai,MH,VERIFIED,2023-04-17 06:49:42.454222
CUST000902,Azad,Nagarajan,1964-02-04,qaringoda@example.org,6201901134,"13/32, Golla Path",Ahmedabad,MH,VERIFIED,2023-09-21 05:25:28.237808
CUST000903,Jackson,Kala,1959-10-25,gautami64@example.com,3428644976,"34, Bhagat Street",Hyderabad,GJ,PENDING,2024-08-28 10:29:13.070230
CUST000904,Ishanvi,Kota,1975-12-29,osolanki@example.org,9852973561,"H.No. 59, Loke Zila",Mumbai,WB,VERIFIED,2025-06-28 17:51:20.484824
CUST000905,Madhavi,Dugar,1972-01-28,yastibhat@example.net,6414753369,"H.No. 66, Kaul Path",Hyderabad,TN,VERIFIED,2024-07-17 19:10:40.819196
CUST000906,Nikita,Datta,1994-10-27,zaid24@example.org,7924157127,"H.No. 43, Roy Road",Chennai,KA,VERIFIED,2023-12-16 08:28:52.320923
CUST000907,Xiti,Sanghvi,1964-12-01,sacharharrison@example.com,4979399816,"H.No. 683, Chakrabarti Chowk",Chennai,KA,VERIFIED,2024-10-12 12:29:07.910645
CUST000908,Arin,Tank,1997-05-27,yde@example.org,2014896780,"31/21, Rao Road",Hyderabad,MH,PENDING,2022-09-30 10:04:54.949483
CUST000909,Chameli,Sathe,1973-08-25,arunima29@example.net,6456339172,"694, Buch Circle",Chennai,MH,PENDING,2025-09-14 02:50:49.277883
CUST000910,Imaran,Golla,1987-11-14,kmaster@example.com,9670683353,"12, Bala Path",Bangalore,KA,VERIFIED,2026-07-11 05:19:16.317668
CUST000911,Yatin,Magar,1993-01-19,bumbrobert@example.org,4437673481,"H.No. 016, Kalita Chowk",Pune,GJ,VERIFIED,2023-01-29 03:19:02.052140
CUST000912,Zayan,Chand,1956-08-24,mandalfiyaz@example.org,4202886616,"421, Kuruvilla Ganj",Hyderabad,MH,REJECTED,2022-10-12 12:58:40.391101
CUST000913,Forum,Mittal,1982-09-26,darpankadakia@example.com,1607917913,"H.No. 71, Tandon Zila",Ahmedabad,MH,VERIFIED,2024-08-06 20:37:39.572970
CUST000914,Krishna,Chaudhari,1984-06-11,amol24@example.com,2881411287,"19/367, Pillay Circle",Delhi,KA,PENDING,2023-02-01 14:20:36.386765
CUST000915,Chaitaly,Sangha,1961-07-04,kharefariq@example.org,4916194232,"H.No. 315, Narula Ganj",Hyderabad,GJ,VERIFIED,2024-07-21 23:56:51.355299
CUST000916,Rachita,Goyal,1973-03-02,wkulkarni@example.com,5274102547,"85/66, Mandal",Pune,WB,VERIFIED,2022-11-01 03:32:38.129208
CUST000917,Timothy,Bhardwaj,1952-05-28,oakrachita@example.com,6355842271,"565, Lad Nagar",Bangalore,KA,VERIFIED,2024-08-13 15:23:39.793352
CUST000918,Abhiram,Soni,1951-12-09,butalachaitaly@example.net,1306862408,"66/890, Chaudhry Road",Delhi,TN,VERIFIED,2024-02-18 08:13:25.023778
CUST000919,Lohit,Amble,1977-12-28,rehaanthaker@example.net,1522328222,"47/52, Hans Circle",Kolkata,TS,VERIFIED,2024-07-14 20:18:01.104475
CUST000920,Chameli,Balay,1950-09-15,baradamrita@example.com,3511350535,"H.No. 641, Suri Path",Bangalore,MH,REJECTED,2024-01-13 18:15:32.727450
CUST000921,Banjeet,Shetty,1981-01-12,dattaanay@example.org,4194534195,"H.No. 78, Sha Marg",Hyderabad,GJ,VERIFIED,2024-10-23 23:05:05.932129
CUST000922,Kabir,Bansal,1960-10-18,arinrajan@example.org,7803789121,"699, Nagar Nagar",Pune,TS,PENDING,2023-10-05 11:32:21.496286
CUST000923,Ekantika,Padmanabhan,2003-09-13,damini08@example.com,9069690452,"H.No. 610, Narula Marg",Ahmedabad,MH,VERIFIED,2025-10-27 20:36:20.965263
CUST000924,Wridesh,Kaur,1976-11-12,kamya70@example.org,5276136814,"H.No. 30, Mand Circle",Bangalore,TS,VERIFIED,2024-04-12 03:25:12.311549
CUST000925,Mohini,Dyal,1987-10-05,rmerchant@example.com,7250842324,"H.No. 417, Morar Street",Kolkata,DL,PENDING,2023-05-24 20:23:17.625888
CUST000926,Ganga,Oommen,1964-12-07,uchokshi@example.net,5749062796,"H.No. 70, Kala Ganj",Delhi,TS,VERIFIED,2023-01-24 21:03:22.060787
CUST000927,Maanas,Nigam,1989-10-26,jagrati23@example.org,8286304029,"21, Merchant Chowk",Chennai,KA,VERIFIED,2023-07-02 17:33:21.785769
CUST000928,Liam,Deep,1952-03-01,reddyucchal@example.net,1539266937,"H.No. 03, Kashyap Zila",Chennai,MH,VERIFIED,2026-05-11 20:08:06.489057
CUST000929,Xiti,Bath,1968-02-25,abhimanyu22@example.org,1901933359,"H.No. 900, Bains Nagar",Pune,MH,PENDING,2024-12-05 16:02:57.096076
CUST000930,Harita,Sani,1956-05-25,qarinoak@example.com,7185594079,"H.No. 53, Kaur Street",Chennai,MH,VERIFIED,2023-05-09 14:50:08.607117
CUST000931,Lekha,Sidhu,1977-08-18,manegarima@example.com,7437019453,"66, Oak Marg",Ahmedabad,WB,VERIFIED,2022-12-16 03:26:52.051531
CUST000932,Peter,Sinha,1988-03-22,ibhavsar@example.org,8157806190,"16/787, Raju Nagar",Pune,GJ,REJECTED,2022-11-11 04:25:51.855512
CUST000933,Vanya,Sane,1962-06-29,krishnadora@example.org,1859212684,"11, Doshi Road",Bangalore,MH,VERIFIED,2025-02-04 22:57:53.150330
CUST000934,Reyansh,Bains,1952-12-14,sudikshanayar@example.org,3132465986,"84, Swaminathan Zila",Delhi,TS,PENDING,2025-01-03 03:38:00.249882
CUST000935,Saksham,Taneja,1974-07-27,omshivansh@example.net,0114065266,"512, Goswami Chowk",Kolkata,DL,REJECTED,2025-03-19 18:12:44.262606
CUST000936,Diya,Pai,1963-06-05,vrindapau@example.net,5697648784,"H.No. 94, Dara Path",Hyderabad,GJ,VERIFIED,2026-07-11 03:30:47.099307
CUST000937,Niharika,Devi,1968-11-23,kdayal@example.com,6851206276,"50/979, Kurian Ganj",Mumbai,KA,VERIFIED,2022-09-19 14:54:18.187126
CUST000938,Amruta,Devi,1954-11-11,mitrarajeshri@example.net,0223477804,"518, Ben Road",Chennai,MH,VERIFIED,2025-04-25 12:57:46.585961
CUST000939,Samar,Karpe,1988-04-25,girikmaster@example.com,3372094516,"36, Dey Ganj",Mumbai,WB,REJECTED,2024-06-06 08:15:58.452111
CUST000940,Zinal,Sandhu,1962-04-04,bhavsarlakshit@example.org,0848426483,"96/082, Ravi Circle",Chennai,WB,PENDING,2025-12-16 01:21:34.078695
CUST000941,Frederick,Jhaveri,1972-09-27,zehaan94@example.com,0856490132,"35/00, Chokshi Zila",Kolkata,KA,REJECTED,2024-08-02 07:27:28.943998
CUST000942,Bishakha,Raman,1956-12-29,darpan80@example.org,4410404315,"H.No. 353, Chauhan Circle",Hyderabad,TN,VERIFIED,2026-02-25 22:03:15.064214
CUST000943,Teerth,Sood,1968-08-17,indira80@example.org,9016856471,"H.No. 190, Shere Street",Chennai,KA,REJECTED,2023-09-16 07:27:36.366384
CUST000944,Harshil,Ravel,2002-09-07,vedachauhan@example.com,1586686119,"H.No. 98, Issac Ganj",Pune,TS,REJECTED,2025-09-23 11:58:55.757850
CUST000945,Dominic,Soni,2001-01-29,ayaan58@example.org,3458195657,"H.No. 33, Upadhyay",Delhi,WB,REJECTED,2023-04-05 07:26:06.622073
CUST000946,Nathaniel,Rama,1973-11-03,girindrasidhu@example.net,5801584668,"028, Jayaraman Path",Bangalore,TN,PENDING,2023-04-09 23:30:00.729202
CUST000947,Turvi,Gola,1978-05-31,lsani@example.net,4515025285,"H.No. 873, Wason Nagar",Pune,MH,VERIFIED,2023-04-02 02:28:12.805008
CUST000948,Urmi,Dass,2002-01-07,shanudarsh@example.net,7777118425,"090, Savant Nagar",Bangalore,WB,VERIFIED,2026-03-22 11:54:46.718095
CUST000949,Madhav,Bora,1953-06-01,aryadhaliwal@example.org,4730577719,"H.No. 659, Palla Marg",Ahmedabad,MH,VERIFIED,2026-03-10 01:12:55.668790
CUST000950,Neha,Shah,1974-03-22,purohitwahab@example.org,4009522426,"22/191, Kohli Road",Hyderabad,KA,VERIFIED,2025-08-28 03:04:16.317526
CUST000951,Agastya,Shanker,1951-11-12,vanya36@example.org,5791150101,"H.No. 802, Palla Marg",Hyderabad,MH,VERIFIED,2026-06-27 18:26:39.559837
CUST000952,Sathvik,Lal,1999-08-16,tamanna83@example.org,4883571921,"14/63, Sachdev Circle",Ahmedabad,DL,REJECTED,2024-10-29 16:28:28.051037
CUST000953,Lila,Mander,1989-12-31,nachiketbajaj@example.org,7266528246,"72/400, Dhaliwal Nagar",Chennai,TS,VERIFIED,2026-06-29 00:33:29.961266
CUST000954,Mahika,Bawa,1955-08-22,ubadal@example.org,8543271630,"36/930, Bhardwaj Zila",Hyderabad,TN,VERIFIED,2022-09-18 08:22:13.641061
CUST000955,Baljiwan,Ben,1981-02-27,dominicsawhney@example.net,0480283541,"09/30, Kannan Road",Mumbai,DL,PENDING,2022-11-08 23:14:14.811498
CUST000956,Omisha,Samra,1955-10-07,kramesh@example.net,8122681594,"H.No. 31, Bansal Zila",Chennai,KA,VERIFIED,2025-02-10 21:45:09.760784
CUST000957,Simon,Konda,1951-02-12,mtank@example.net,9842189142,"50, Ravi Zila",Bangalore,GJ,PENDING,2026-06-21 04:35:53.463065
CUST000958,Prisha,Srinivas,1990-08-28,upadhyaywarhi@example.com,2883636885,"62, Dutt",Delhi,MH,PENDING,2025-10-24 23:00:07.466427
CUST000959,Rachana,Saran,1976-05-17,hayersara@example.net,1652289890,"H.No. 98, Deshmukh Zila",Hyderabad,DL,VERIFIED,2023-05-10 00:03:02.718125
CUST000960,Vansha,Srinivasan,1977-08-04,mnaidu@example.com,4083858050,"H.No. 657, Guha Circle",Chennai,KA,REJECTED,2023-11-25 10:54:01.246828
CUST000961,Liam,Pandey,2000-12-09,girik88@example.com,1486005009,"78/75, Bawa Chowk",Bangalore,MH,REJECTED,2024-11-14 14:47:06.755841
CUST000962,Anay,Dhaliwal,1984-10-30,dasguptaharsh@example.net,5018607429,"223, Reddy Ganj",Mumbai,MH,VERIFIED,2025-02-01 00:51:32.200441
CUST000963,Jagat,Babu,1972-12-05,aryawishi@example.net,0242662497,"H.No. 571, Mody Road",Pune,MH,PENDING,2024-12-31 22:32:30.304763
CUST000964,Jhalak,Reddy,1989-12-21,dkumer@example.net,8735445345,"86/58, Loyal Ganj",Delhi,WB,VERIFIED,2024-03-01 03:26:22.308509
CUST000965,Chaman,Karnik,1988-12-27,pushti26@example.com,6648532077,"94/32, Kamdar Marg",Hyderabad,MH,REJECTED,2024-08-13 15:09:08.040862
CUST000966,Zayan,Mital,1964-10-10,inazareth@example.org,0450509284,"H.No. 734, Hayre Street",Kolkata,MH,VERIFIED,2025-03-16 13:50:39.298370
CUST000967,Unni,Sekhon,1963-10-24,ldhar@example.com,5038016258,"20/450, Chandra Street",Pune,WB,VERIFIED,2024-11-08 03:48:30.689748
CUST000968,Hemal,Karan,2001-12-11,ucchallanka@example.net,3795311123,"652, Lalla Chowk",Chennai,KA,REJECTED,2023-11-08 13:24:47.684490
CUST000969,Radha,Rai,2003-03-09,indrajit08@example.com,3838554514,"35/11, Modi Chowk",Delhi,KA,REJECTED,2023-03-20 19:00:40.899401
CUST000970,Ishita,Munshi,1994-06-20,sudikshabalay@example.com,7281673374,"57/562, Kurian Marg",Mumbai,TS,VERIFIED,2023-12-24 21:02:02.158396
CUST000971,Oscar,Samra,1952-04-19,jagat87@example.com,0990693196,"H.No. 670, Nayak Road",Mumbai,WB,VERIFIED,2026-02-03 02:13:14.356859
CUST000972,Forum,Zacharia,1958-12-01,omyasastry@example.org,2343888048,"H.No. 259, Rattan Ganj",Ahmedabad,TN,VERIFIED,2022-10-05 02:00:43.240037
CUST000973,Chakradhar,Dhillon,1982-09-14,hredhaankoshy@example.com,7557672991,"44/318, Mistry Ganj",Delhi,KA,REJECTED,2023-10-19 17:00:30.630956
CUST000974,Kashish,Kar,2003-09-21,baradnaksh@example.net,7115062917,"H.No. 732, Choudhury Circle",Ahmedabad,MH,VERIFIED,2023-08-10 12:32:21.702019
CUST000975,Lohit,Chacko,1993-10-05,nkarnik@example.org,1983691573,"H.No. 529, Seth Circle",Pune,TN,REJECTED,2025-12-06 06:07:41.957568
CUST000976,Riya,Master,1970-09-18,prakashronith@example.org,4500202683,"450, Mutti Street",Chennai,MH,PENDING,2024-07-16 22:31:27.481054
CUST000977,Sneha,Ranganathan,1953-05-15,magarabhiram@example.net,4675418236,"H.No. 382, Gera Chowk",Delhi,GJ,VERIFIED,2024-08-08 08:51:09.463696
CUST000978,Dipta,Chaudhry,1964-10-06,keya01@example.net,2201388253,"16/816, Sagar Ganj",Pune,TS,VERIFIED,2022-11-30 03:44:20.788598
CUST000979,Wazir,Yogi,1983-06-03,srinivasyatan@example.net,9078947672,"141, Som Nagar",Kolkata,MH,VERIFIED,2025-12-05 04:08:16.546161
CUST000980,Tanmayi,Comar,1975-10-14,janya08@example.net,1237085119,"H.No. 45, Sodhi Marg",Delhi,MH,VERIFIED,2026-03-18 12:41:18.604572
CUST000981,Megha,Padmanabhan,1970-04-05,grewalsudiksha@example.com,1377188626,"H.No. 266, Kanda Chowk",Mumbai,WB,VERIFIED,2023-03-10 11:05:16.489119
CUST000982,Kashish,Patla,1979-04-23,mchaudhari@example.net,4022346144,"33, Minhas Nagar",Bangalore,MH,REJECTED,2026-04-25 15:16:27.627655
CUST000983,Indrajit,Bora,1997-05-09,rchatterjee@example.com,1524831968,"04, Munshi Marg",Pune,WB,PENDING,2026-05-12 01:16:22.862984
CUST000984,Lila,Uppal,2002-12-21,kalitakrishna@example.net,0048379363,"29/127, Rajagopal Nagar",Mumbai,TS,VERIFIED,2024-02-10 05:21:52.454495
CUST000985,Udant,Mammen,1954-05-14,chandresh62@example.net,1872282471,"17/96, Srinivasan Nagar",Bangalore,MH,VERIFIED,2023-12-04 13:43:28.087510
CUST000986,Sara,Vora,1986-03-05,vansha49@example.net,9905221711,"58, Warrior Zila",Kolkata,DL,PENDING,2023-12-11 11:46:54.696180
CUST000987,Aditya,Sant,1955-02-04,dhritiray@example.org,6312975572,"63/78, Bobal Circle",Bangalore,KA,REJECTED,2025-03-25 04:40:15.173404
CUST000988,Siddharth,Vora,2000-02-07,ramanathanojas@example.net,1307167532,"13, Singhal Zila",Hyderabad,WB,VERIFIED,2022-12-24 11:52:47.726057
CUST000989,Forum,Loyal,1984-03-06,mukherjeedaksh@example.org,2954585835,"743, Dube",Mumbai,WB,VERIFIED,2025-01-14 02:13:39.640771
CUST000990,Ekanta,Oommen,1956-10-08,ekaraj92@example.com,4762123601,"H.No. 41, Krishnamurthy Ganj",Pune,TN,VERIFIED,2023-03-15 19:15:01.588874
CUST000991,Girindra,Murthy,1973-03-24,kibeabhiram@example.com,8590964598,"99/21, Sule Chowk",Delhi,WB,VERIFIED,2023-11-18 03:04:14.048898
CUST000992,Raghav,Narasimhan,1988-05-19,sahotanandini@example.net,1339736707,"40/242, Garde Street",Delhi,GJ,VERIFIED,2025-02-14 18:16:15.722234
CUST000993,Anamika,Chandra,1990-07-22,darshsabharwal@example.net,2365401814,"42/02, Konda Road",Pune,KA,VERIFIED,2025-07-06 07:37:34.167476
CUST000994,Jhalak,Amble,1991-02-05,reva65@example.net,1861564099,"H.No. 39, Bhattacharyya Circle",Hyderabad,KA,VERIFIED,2025-10-19 13:01:34.834536
CUST000995,Unni,Barad,1969-03-09,charitanair@example.org,8261103565,"H.No. 237, Raj Marg",Bangalore,TS,PENDING,2026-02-23 12:48:01.702147
CUST000996,Pallavi,Ghose,1995-08-09,vivaan38@example.com,9411839093,"H.No. 06, Goel Marg",Ahmedabad,DL,PENDING,2024-04-29 21:23:52.727607
CUST000997,Raghav,Madan,1974-06-02,charitavarughese@example.net,3437518669,"H.No. 42, Krish Road",Bangalore,DL,VERIFIED,2024-08-21 19:16:40.665231
CUST000998,Patrick,Rajagopal,2005-05-15,forumoza@example.org,4350952889,"03/969, Mander Marg",Ahmedabad,TN,PENDING,2025-06-25 13:28:23.532606
CUST000999,Ekantika,Char,1999-04-28,vravel@example.org,7188300995,"449, Purohit Marg",Chennai,KA,VERIFIED,2023-11-30 04:14:36.587311
CUST001000,Radha,Sani,1976-09-23,tanmayi06@example.net,7069014971,"71/567, Sahota Path",Hyderabad,TN,REJECTED,2024-08-27 11:11:27.392769
CUST001001,Eshana,Acharya,1988-06-25,tiwaripahal@example.org,6744923435,"H.No. 450, Rege Path",Mumbai,MH,VERIFIED,2024-04-28 23:10:27.115214
CUST001002,Veer,Sundaram,1970-07-14,deshmukhaishani@example.org,1789257140,"57/62, Mitra Marg",Hyderabad,KA,VERIFIED,2024-03-26 04:27:03.081014
CUST001003,Ekbal,Sabharwal,1994-09-30,zansimani@example.net,6806358530,"89, Nath Marg",Delhi,WB,REJECTED,2024-08-24 08:14:06.040883
CUST001004,Sathvik,Agarwal,1994-08-29,manan77@example.com,7036562036,"946, Purohit Circle",Mumbai,TN,VERIFIED,2022-12-17 21:11:15.994382
CUST001005,Yash,Kaul,1956-09-19,dorarohan@example.org,7617073174,"26, Rama Street",Hyderabad,MH,PENDING,2025-07-23 19:44:58.327254
CUST001006,Manya,Saxena,1981-11-05,upadhyayvrinda@example.com,7594434852,"74/037, Shroff Marg",Ahmedabad,MH,VERIFIED,2023-08-05 04:29:17.199215
CUST001007,Vaishnavi,Manda,1952-01-31,arinsrinivasan@example.com,5149753411,"H.No. 990, Batra Nagar",Ahmedabad,KA,VERIFIED,2024-04-11 10:41:36.766806
CUST001008,Arunima,Bandi,1996-10-25,mitali58@example.org,4453856535,"00, Lad Nagar",Bangalore,MH,VERIFIED,2024-11-13 15:22:14.766506
CUST001009,Farhan,Boase,1954-02-08,darikapathak@example.com,1998996511,"74/661, Mohan Road",Pune,TS,VERIFIED,2024-06-17 00:27:04.323041
CUST001010,Pavani,Chander,1980-04-02,fvaidya@example.net,4796668290,"H.No. 99, Badal Path",Kolkata,DL,VERIFIED,2024-06-22 16:45:04.939417
CUST001011,Ekansh,Majumdar,1992-04-17,vincentaggarwal@example.net,9276405473,"140, Bhavsar Path",Chennai,KA,VERIFIED,2024-09-11 08:40:35.164856
CUST001012,Gaurang,Wali,1973-03-02,morarvedhika@example.com,3389147852,"035, Lala",Bangalore,MH,PENDING,2023-06-25 02:06:11.924471
CUST001013,Anay,Ganesan,2003-10-12,yaminisrivastava@example.net,5186647741,"H.No. 830, Pant Street",Hyderabad,KA,VERIFIED,2023-09-27 03:58:13.008897
CUST001014,Rohan,Loke,2002-11-15,inadkarni@example.org,3988521789,"84/12, Prashad Circle",Bangalore,MH,PENDING,2024-08-24 06:40:19.073730
CUST001015,Zilmil,Choudhry,1972-06-26,pranav38@example.org,9348918003,"429, Muni Street",Mumbai,TS,REJECTED,2023-12-05 05:34:28.636672
CUST001016,Harshil,Pingle,1983-12-09,charleschaudry@example.org,8527341146,"H.No. 55, Bhagat Ganj",Kolkata,WB,PENDING,2026-03-20 12:52:38.397683
CUST001017,Ekani,Kapoor,1952-11-22,mohantychaman@example.org,7811096598,"63, Nanda Road",Mumbai,WB,PENDING,2026-05-13 06:11:02.350751
CUST001018,Chavvi,Dar,1996-01-19,guneetdhaliwal@example.com,5206419106,"H.No. 082, Krishna Street",Hyderabad,DL,VERIFIED,2026-07-03 07:39:40.227275
CUST001019,Jatin,Ravel,1981-09-10,ithakur@example.org,7562699620,"10/05, Karpe",Hyderabad,TN,VERIFIED,2023-02-27 08:13:33.955826
CUST001020,Indira,Tailor,1958-02-21,tamannabawa@example.net,2200748597,"H.No. 295, Merchant Zila",Ahmedabad,TS,VERIFIED,2023-03-06 17:15:13.840518
CUST001021,Chaitanya,Narula,1989-11-21,dinzaitra@example.com,6048022406,"69, Barman Path",Pune,TN,PENDING,2023-12-11 12:10:12.552916
CUST001022,Arin,Kurian,2001-02-16,rajata64@example.org,1655623887,"65/699, Borah Ganj",Kolkata,GJ,VERIFIED,2025-06-12 01:13:50.642638
CUST001023,Charles,Saha,1988-03-01,arinchakrabarti@example.org,8604794719,"514, Naidu Circle",Bangalore,TN,PENDING,2023-06-10 09:07:47.926297
CUST001024,Om,Mann,1968-06-30,ladtripti@example.net,5347283951,"53/26, Anand Chowk",Hyderabad,WB,VERIFIED,2025-06-28 23:41:58.236973
CUST001025,Aadhya,Uppal,1994-08-30,vwadhwa@example.com,6292582282,"353, Sarkar Nagar",Pune,MH,PENDING,2025-10-18 13:37:24.161707
CUST001026,Yoshita,Oza,1975-05-27,pahal76@example.net,8096458374,"H.No. 21, Parikh Ganj",Delhi,GJ,REJECTED,2026-02-24 23:55:47.889554
CUST001027,Finn,Sridhar,1969-04-30,forum92@example.net,4874114862,"19/976, Natt Road",Ahmedabad,DL,REJECTED,2025-02-14 22:38:22.943105
CUST001028,Niharika,Parekh,1996-04-14,parmarrajata@example.com,9678963009,"H.No. 163, Chada Nagar",Delhi,WB,VERIFIED,2023-07-06 03:51:34.689854
CUST001029,Falak,Soman,1988-06-17,orindermand@example.org,8483492766,"01, Bandi Circle",Hyderabad,MH,VERIFIED,2025-08-09 03:00:09.916291
CUST001030,Samar,Hegde,2003-05-31,boragauri@example.org,3586671554,"926, Sarkar Nagar",Pune,MH,VERIFIED,2023-09-16 12:44:36.848278
CUST001031,Amara,Rau,1987-05-06,warhideshpande@example.org,3649911928,"50/21, Nagi Path",Mumbai,GJ,REJECTED,2024-07-12 23:27:27.175165
CUST001032,Teerth,Korpal,2000-07-25,vsetty@example.com,1262643956,"60/789, Srivastava Nagar",Delhi,MH,VERIFIED,2025-06-18 16:30:19.560757
CUST001033,Fitan,Chaudhry,1985-11-05,shanvasudha@example.com,1294414925,"82/83, Nayar Circle",Bangalore,MH,VERIFIED,2025-11-19 11:44:04.325946
CUST001034,Vamakshi,Magar,1976-02-24,ypalla@example.com,7055494343,"H.No. 569, Dhaliwal Street",Chennai,MH,VERIFIED,2025-03-25 06:31:32.115362
CUST001035,Amaira,Bhagat,1978-11-14,chanchalchowdhury@example.com,5977100115,"H.No. 94, Bora Ganj",Kolkata,DL,VERIFIED,2025-06-23 08:46:37.266218
CUST001036,Adweta,Yadav,1978-09-09,indirapau@example.com,6413547416,"952, Dhillon Ganj",Hyderabad,MH,REJECTED,2025-11-03 01:10:26.430104
CUST001037,Kashish,Palla,1982-09-08,vedika94@example.com,8166028413,"47/040, Chaudry Chowk",Delhi,DL,REJECTED,2024-09-25 04:10:35.376090
CUST001038,Sai,Char,1965-05-23,usuresh@example.net,4185595083,"H.No. 170, Rama Ganj",Mumbai,DL,REJECTED,2023-08-14 15:49:41.009122
CUST001039,Faras,Sharma,1970-10-23,baralhenry@example.com,6794907869,"16/215, Khalsa",Hyderabad,MH,PENDING,2023-01-10 19:11:23.685857
CUST001040,Panini,Saxena,1973-12-08,irahora@example.com,3558960707,"H.No. 13, Pai Ganj",Chennai,TS,PENDING,2025-03-27 14:07:22.791281
CUST001041,Rishi,Amble,1954-12-12,champaksidhu@example.com,7493663579,"03/00, Kari Chowk",Mumbai,KA,VERIFIED,2025-11-05 09:00:11.884216
CUST001042,Rajeshri,Patla,1983-02-25,madhavibakshi@example.net,5263794128,"H.No. 223, Borra Street",Pune,MH,VERIFIED,2025-10-13 22:30:01.438283
CUST001043,Ojas,Naidu,2000-11-25,gbutala@example.net,8925946574,"554, Bose Road",Ahmedabad,MH,VERIFIED,2023-09-01 03:53:31.773336
CUST001044,Gunbir,Walia,1989-03-30,frederick36@example.com,8052038819,"H.No. 847, Lad Zila",Pune,TS,VERIFIED,2023-01-23 02:37:31.906533
CUST001045,Krish,Gandhi,1952-04-01,lalyagnesh@example.org,5401127283,"76/47, Batra Chowk",Hyderabad,DL,VERIFIED,2024-02-17 05:26:42.662014
CUST001046,Advaith,Sama,1988-12-28,gsaran@example.net,7629507671,"048, Varty Circle",Mumbai,TS,REJECTED,2025-07-02 12:14:56.673919
CUST001047,Chandran,Mistry,1956-08-08,ckapadia@example.org,6456496741,"H.No. 539, Ram Nagar",Hyderabad,KA,REJECTED,2024-03-06 11:19:10.830808
CUST001048,Zashil,Bali,2006-08-13,oaurora@example.com,5197018158,"29/67, Shere Nagar",Delhi,KA,VERIFIED,2025-09-15 08:49:55.226178
CUST001049,Jacob,Natarajan,2004-02-15,kotharimitali@example.net,5260221690,"H.No. 80, Kata Street",Kolkata,KA,VERIFIED,2023-09-20 08:42:15.387627
CUST001050,Jhalak,Kashyap,1994-06-24,rehaan91@example.org,5735174546,"H.No. 214, Chakrabarti Nagar",Chennai,DL,VERIFIED,2023-05-31 08:09:04.719528
CUST001051,Yash,Gulati,1955-08-31,jhalak89@example.net,9903597177,"H.No. 568, Bhandari Chowk",Hyderabad,WB,PENDING,2023-03-23 00:24:16.278928
CUST001052,Chavvi,Borah,1958-02-22,vagrawal@example.org,4838953376,"77, Bhat Marg",Delhi,TS,REJECTED,2026-02-17 19:19:11.627188
CUST001053,Ati,Kapur,1968-08-14,fkaul@example.net,3033249675,"H.No. 484, Bassi Circle",Delhi,MH,REJECTED,2022-09-02 00:49:10.682958
CUST001054,Reva,Kalla,1999-07-26,padmanabhanlila@example.org,4270799594,"H.No. 079, Ramanathan Chowk",Hyderabad,WB,VERIFIED,2024-12-06 01:38:21.170059
CUST001055,Shivani,Pathak,1967-06-13,omya57@example.org,2269348540,"68/560, Raghavan Marg",Chennai,TS,VERIFIED,2023-11-01 10:26:17.302096
CUST001056,Qabil,Reddy,1954-07-22,nimratsoni@example.org,7779570399,"79, Sawhney Street",Mumbai,WB,REJECTED,2025-06-19 23:45:32.492075
CUST001057,Frederick,Bhakta,2005-07-09,ishitadasgupta@example.org,2206824323,"993, Mammen Road",Mumbai,TS,REJECTED,2022-11-27 10:04:46.359305
CUST001058,Nandini,Bala,1999-01-13,tkuruvilla@example.org,6952357865,"853, Bava Chowk",Delhi,MH,REJECTED,2024-02-13 01:16:46.015730
CUST001059,Lavanya,Lanka,1965-05-08,bhavna87@example.com,1198042554,"764, Patla Street",Bangalore,GJ,VERIFIED,2022-10-05 19:52:34.542358
CUST001060,Ayushman,Srinivasan,1982-12-11,owagle@example.com,0203922131,"66/39, Deep",Delhi,KA,VERIFIED,2023-12-09 03:18:20.878668
CUST001061,Urmi,Vohra,1995-09-07,zilmiltaneja@example.org,4249562917,"H.No. 603, Goswami Ganj",Delhi,DL,VERIFIED,2024-09-30 05:42:48.301570
CUST001062,Yashawini,Ahuja,1977-12-13,naikfarhan@example.net,2874512022,"H.No. 54, Rao Zila",Bangalore,DL,PENDING,2024-10-03 00:54:06.953006
CUST001063,Wishi,Devan,1988-10-29,bhaktaamruta@example.com,2750152697,"607, Om Circle",Mumbai,TN,VERIFIED,2023-09-17 17:20:00.418113
CUST001064,Ranbir,Jaggi,1951-05-29,yashica72@example.org,6806014579,"14, Oommen Circle",Pune,KA,VERIFIED,2023-10-11 22:41:16.635080
CUST001065,Harish,Sharma,1951-01-13,chaitanya19@example.com,9720925192,"52/33, Sengupta Street",Chennai,KA,VERIFIED,2024-08-04 07:37:00.886186
CUST001066,Amruta,Hora,1994-05-12,yashasvi29@example.org,8551163971,"57, Choudhry Road",Mumbai,WB,PENDING,2025-12-06 03:31:40.898416
CUST001067,Dayita,Goswami,1967-12-22,lkhanna@example.com,6259188312,"677, Kuruvilla Street",Kolkata,TS,PENDING,2026-07-13 06:53:03.675340
CUST001068,Damini,Hora,1987-02-25,daksha97@example.net,2965715643,"480, Dass Road",Ahmedabad,WB,VERIFIED,2023-10-18 16:31:25.502732
CUST001069,Omya,Bedi,1986-12-20,mangataditya@example.net,6573762426,"H.No. 92, Kant Nagar",Kolkata,KA,PENDING,2023-10-12 21:14:45.162302
CUST001070,Vihaan,Bera,1985-03-02,loyaldaniel@example.org,2731172264,"90, Bhatti Nagar",Pune,TS,PENDING,2024-03-31 23:58:59.235159
CUST001071,Jeremiah,Kapoor,1963-03-30,anjali74@example.org,9835966771,"262, Shroff Road",Bangalore,MH,VERIFIED,2024-09-04 03:13:11.326738
CUST001072,Warinder,Rau,1969-06-13,jainluke@example.net,9006476144,"554, Mander Nagar",Mumbai,DL,VERIFIED,2025-06-27 04:28:33.107386
CUST001073,Yuvraj,Dash,1973-11-11,udhawan@example.net,6754939343,"H.No. 53, Goswami",Bangalore,KA,VERIFIED,2023-04-28 11:57:20.519974
CUST001074,Idika,Ghosh,1980-05-29,gaurikashan@example.org,8133073453,"41, Dua Street",Hyderabad,WB,VERIFIED,2025-09-24 18:01:19.168165
CUST001075,Vamakshi,Kulkarni,1951-11-20,rayaan72@example.org,3505160232,"15/558, Bhagat Chowk",Bangalore,KA,VERIFIED,2023-10-13 00:58:53.326630
CUST001076,Amara,Ben,1966-06-27,chandaniom@example.com,1199255125,"19/13, Bail Path",Ahmedabad,MH,PENDING,2025-10-13 01:10:36.511565
CUST001077,Udant,Mukherjee,1986-01-31,ekapad97@example.org,7557166328,"H.No. 616, Borde Street",Hyderabad,WB,VERIFIED,2024-01-01 10:14:42.060626
CUST001078,Janya,Sankaran,1964-05-27,adityaacharya@example.com,1504205986,"14, Kale Ganj",Mumbai,KA,VERIFIED,2025-04-06 06:34:29.988578
CUST001079,Pahal,Bajwa,2003-07-31,baradikbal@example.org,4610392788,"H.No. 461, Kibe Marg",Pune,MH,PENDING,2025-05-06 20:48:28.884474
CUST001080,Ishaan,Reddy,2006-09-17,uwason@example.com,8569050965,"72, Banerjee Circle",Chennai,TN,VERIFIED,2024-10-21 14:00:31.556464
CUST001081,Nachiket,Sura,1959-09-18,choudhurybina@example.com,3735640783,"97, Prabhu Circle",Pune,KA,VERIFIED,2022-09-05 19:32:22.486016
CUST001082,Aadhya,Pal,2007-04-18,nishashenoy@example.org,6749066886,"11, Modi Marg",Kolkata,GJ,VERIFIED,2023-01-14 07:55:23.781881
CUST001083,Chakradev,Panchal,1989-06-04,neelima34@example.org,8073920025,"377, Khurana Chowk",Mumbai,DL,VERIFIED,2024-01-08 14:53:02.209409
CUST001084,Ryan,Chaudhary,1972-08-02,lchokshi@example.org,1548720124,"H.No. 50, Oommen Nagar",Kolkata,KA,VERIFIED,2022-09-14 23:13:55.583713
CUST001085,Azad,Tripathi,2008-04-03,joshiwarhi@example.com,3887246163,"30/00, Buch",Ahmedabad,MH,VERIFIED,2023-10-16 20:34:44.442225
CUST001086,Dhriti,Dugar,1986-04-22,andrewswamy@example.net,1799654662,"H.No. 18, Purohit",Mumbai,MH,VERIFIED,2023-10-10 01:52:19.134408
CUST001087,Gayathri,Dubey,1976-11-12,netra00@example.org,3023405677,"58/904, Varty Zila",Chennai,KA,PENDING,2023-03-31 22:01:58.105171
CUST001088,Noah,Tripathi,2001-10-27,nayarekaraj@example.com,6081239278,"90/986, Saha Ganj",Bangalore,TN,PENDING,2025-12-19 02:47:37.229874
CUST001089,Logan,Som,1973-04-21,baghyawati44@example.org,2248248863,"14, Barman Path",Ahmedabad,GJ,VERIFIED,2022-12-16 05:17:46.868567
CUST001090,Ethan,Choudhary,2003-08-11,dualajita@example.net,9141939606,"H.No. 891, Dass Zila",Bangalore,WB,VERIFIED,2023-07-09 12:21:37.136003
CUST001091,Kritika,Dhar,2002-02-27,jrout@example.net,4103414131,"H.No. 05, Kata Zila",Delhi,WB,VERIFIED,2025-07-04 09:41:21.077178
CUST001092,Jack,Saxena,2001-04-26,mukherjeedevika@example.com,8560940671,"H.No. 031, Pandya Road",Hyderabad,GJ,VERIFIED,2023-03-31 15:30:42.699743
CUST001093,Madhavi,Magar,1968-11-18,michaelshankar@example.com,9407403374,"H.No. 933, Chhabra",Chennai,GJ,PENDING,2025-08-15 07:35:20.346235
CUST001094,Maya,Mani,1955-10-16,emital@example.org,0326753180,"H.No. 010, Ravi Circle",Chennai,MH,VERIFIED,2025-05-28 17:51:47.740830
CUST001095,Chakrika,Ray,1996-04-07,ekantakara@example.com,6400474867,"98/948, Varughese Road",Mumbai,TS,VERIFIED,2025-02-26 03:30:08.254806
CUST001096,Advik,Koshy,1974-02-20,bakshichatresh@example.com,0177375949,"11/17, Sampath Zila",Bangalore,DL,REJECTED,2022-11-26 19:33:45.528426
CUST001097,Balhaar,Mall,1986-05-13,girikloyal@example.com,1559674333,"55/239, Srinivasan Zila",Kolkata,MH,REJECTED,2025-11-22 08:48:41.045979
CUST001098,Avi,Kakar,1992-10-16,yagnesh00@example.com,6653619773,"24, Tandon Circle",Mumbai,WB,REJECTED,2025-09-03 05:51:36.752360
CUST001099,Max,Hayre,1996-08-12,krisha53@example.net,7687141349,"06, Pau Nagar",Kolkata,GJ,REJECTED,2025-06-11 12:51:41.360165
CUST001100,Harrison,Sridhar,2001-04-01,turvi92@example.org,6250698935,"989, Aurora Chowk",Pune,GJ,VERIFIED,2024-01-22 05:37:37.653170
CUST001101,Chaman,Narang,1971-07-19,kashyapwazir@example.com,7186692552,"26/00, Buch Nagar",Bangalore,WB,VERIFIED,2023-01-12 00:25:43.663756
CUST001102,Indrajit,Bhakta,1955-06-15,panini16@example.org,3844981213,"38/469, Behl",Hyderabad,KA,PENDING,2025-09-14 03:26:27.131519
CUST001103,Nidhi,Sridhar,1958-01-17,ethanbhat@example.com,8177365561,"82/20, Kala Marg",Hyderabad,TS,VERIFIED,2025-08-17 01:59:15.960932
CUST001104,Mitali,Mani,1957-09-06,obhatnagar@example.net,0236416936,"76, Aurora Road",Pune,TS,VERIFIED,2025-07-28 18:02:35.556154
CUST001105,Manan,Kar,1995-12-18,karipraneel@example.com,8267126937,"252, Sachdeva",Kolkata,KA,PENDING,2025-11-28 17:46:02.006921
CUST001106,Aarna,Mitra,1990-04-17,yuvraj68@example.com,1143306409,"15, Pall Path",Pune,TS,REJECTED,2025-08-13 10:21:15.710251
CUST001107,Daksh,Rama,1991-02-24,vasatikawali@example.com,2591204637,"66/032, Naik Ganj",Chennai,DL,VERIFIED,2024-12-16 08:20:33.087129
CUST001108,Elijah,Wason,1996-10-25,ekajapadmanabhan@example.net,7379395795,"H.No. 74, Borah Zila",Bangalore,WB,REJECTED,2024-08-16 13:19:47.074221
CUST001109,Tarak,Raman,2006-06-30,narora@example.net,2567611258,"H.No. 080, Rao Path",Kolkata,DL,VERIFIED,2022-11-19 17:42:34.633130
CUST001110,Azad,Trivedi,1991-03-14,zayyandewan@example.net,3210788312,"H.No. 85, Gour Street",Ahmedabad,MH,REJECTED,2026-05-18 22:33:08.699836
CUST001111,Kiaan,Ahuja,1954-05-06,jbajaj@example.com,8741627963,"55/51, Badami Nagar",Kolkata,KA,PENDING,2022-08-23 10:00:54.050984
CUST001112,Faris,Bali,1980-05-26,aahana22@example.com,3003607223,"H.No. 342, Hora Road",Hyderabad,TS,REJECTED,2026-05-20 00:27:36.377802
CUST001113,Ganga,Jayaraman,1983-12-10,jdhaliwal@example.org,6631669687,"H.No. 454, Bhatt Road",Bangalore,KA,REJECTED,2026-07-14 11:55:28.605045
CUST001114,Lopa,Chaudhary,1975-11-30,ucchal00@example.net,4580151764,"09/24, Dani Zila",Bangalore,TN,REJECTED,2026-04-29 19:16:21.237468
CUST001115,Eesha,Badami,1988-07-29,gsagar@example.net,1525523228,"74, Palla Ganj",Delhi,WB,VERIFIED,2024-01-14 19:58:47.022547
CUST001116,Dakshesh,Mohan,1979-06-15,vghosh@example.net,9501115255,"88, Goel Circle",Kolkata,GJ,REJECTED,2026-03-29 20:18:44.189008
CUST001117,Timothy,Butala,2007-08-28,anirudh30@example.com,8809718614,"H.No. 54, Golla Path",Ahmedabad,MH,VERIFIED,2024-03-16 15:38:19.552067
CUST001118,Ira,Ray,1976-04-27,mtandon@example.net,1379830457,"H.No. 11, Acharya Marg",Chennai,WB,VERIFIED,2022-10-23 06:29:38.323221
CUST001119,Ishanvi,Wali,1983-09-19,chopraijaya@example.net,2133689600,"12, Varty Circle",Kolkata,MH,PENDING,2024-10-13 21:34:32.524564
CUST001120,Utkarsh,Amble,1990-06-21,ymand@example.org,3997992715,"78/85, Varghese Street",Delhi,MH,VERIFIED,2024-12-06 03:47:55.983110
CUST001121,Yauvani,Ranganathan,1980-05-10,kuruvillawahab@example.net,6309007379,"H.No. 57, Mukherjee Road",Ahmedabad,TN,VERIFIED,2024-01-24 14:33:14.815427
CUST001122,Caleb,Seth,1974-01-02,poojadeshmukh@example.com,4347591604,"85/90, Sanghvi Chowk",Mumbai,DL,VERIFIED,2023-09-20 02:55:36.634305
CUST001123,Dipta,Seshadri,1980-01-22,watikanarayan@example.com,6784340730,"13, Bal Path",Chennai,TN,PENDING,2024-01-22 06:53:20.726641
CUST001124,Aarnav,Swamy,1980-02-02,lipikadugar@example.org,3854033699,"02/312, Murty Marg",Bangalore,MH,VERIFIED,2025-02-23 03:46:39.455275
CUST001125,Tara,Khanna,1968-10-25,jagat49@example.com,4903223477,"H.No. 935, Pillai Path",Chennai,GJ,VERIFIED,2023-05-26 10:43:15.208030
CUST001126,Siya,Barman,2003-08-08,balhaarbaria@example.com,7413644594,"H.No. 893, Chander",Chennai,WB,REJECTED,2023-12-25 19:34:43.905556
CUST001127,Manbir,Sridhar,1989-11-24,sahotaekta@example.org,6122283056,"045, Naik Path",Bangalore,MH,PENDING,2026-05-19 09:14:24.657739
CUST001128,Harini,Natarajan,1953-08-04,tkala@example.com,0777894332,"H.No. 60, Venkatesh Nagar",Pune,WB,PENDING,2025-10-23 12:06:39.660870
CUST001129,Yash,Ratta,1983-06-08,paninibadal@example.org,2097550617,"H.No. 151, Barad Street",Delhi,MH,REJECTED,2023-05-01 05:27:06.033318
CUST001130,Sathvik,Krishnan,1968-07-28,shankarrajata@example.net,2162183339,"92/105, Bakshi Ganj",Hyderabad,KA,VERIFIED,2022-11-07 11:15:49.639961
CUST001131,Nathaniel,Ghose,2003-12-21,bhaktajeremiah@example.org,7742705498,"820, Hari Marg",Kolkata,TS,REJECTED,2024-07-07 00:11:07.603811
CUST001132,Zarna,Bal,2006-04-24,oviyabera@example.com,6658952476,"64/724, Goel Path",Mumbai,TS,VERIFIED,2023-03-23 06:43:33.570277
CUST001133,Teerth,Sethi,1982-07-16,upasna78@example.net,0709465777,"88/97, Mohan Street",Pune,MH,VERIFIED,2024-01-19 07:12:42.027630
CUST001134,Darsh,Deshpande,1980-05-13,nandinibobal@example.net,4170053718,"68/803, Ratti Zila",Mumbai,GJ,VERIFIED,2023-03-29 11:40:56.968209
CUST001135,Urmi,Pillai,1987-07-09,unnativiswanathan@example.org,2428535416,"84/80, Sarraf Circle",Delhi,MH,VERIFIED,2024-02-11 11:58:17.692360
CUST001136,Jagat,Sinha,1950-09-12,gsunder@example.com,0771074043,"79/672, Sachar Road",Delhi,GJ,REJECTED,2022-08-23 13:13:58.882813
CUST001137,Chatresh,Narang,2007-02-24,banerjeeaadi@example.org,0178502050,"392, Bumb Nagar",Kolkata,KA,VERIFIED,2022-12-16 16:58:09.223132
CUST001138,Orinder,Singhal,1971-10-09,pluthra@example.com,3965974425,"20/416, Chowdhury Road",Pune,DL,PENDING,2022-09-05 16:55:03.910626
CUST001139,Siddharth,Sastry,1967-07-21,girik33@example.com,7669976816,"17, Batra Road",Ahmedabad,TS,PENDING,2024-01-01 07:40:58.622591
CUST001140,Chanchal,Raman,1980-07-27,maharajanjali@example.net,8035862405,"H.No. 999, Sarkar Circle",Delhi,DL,VERIFIED,2025-10-07 06:39:44.424583
CUST001141,Aarna,Prakash,1994-12-29,maanav79@example.org,1108518466,"32/13, Sabharwal Path",Chennai,KA,VERIFIED,2023-06-14 19:27:38.945297
CUST001142,Shaurya,Ben,1998-02-12,pissac@example.com,0226425972,"29/87, Chaudry Circle",Mumbai,WB,VERIFIED,2023-02-04 03:25:00.089245
CUST001143,Lohit,Bhatt,2000-02-27,upma49@example.net,7460429371,"146, Shanker Zila",Hyderabad,MH,VERIFIED,2025-06-12 09:37:43.804006
CUST001144,Gayathri,Wason,1953-05-19,hemangini29@example.org,7698897988,"H.No. 58, Seth Road",Pune,MH,VERIFIED,2023-05-08 16:39:51.583201
CUST001145,Ekapad,Keer,1966-09-25,deshpandetanay@example.com,5962751934,"H.No. 248, Menon Road",Kolkata,MH,VERIFIED,2025-08-08 23:15:04.498449
CUST001146,Xavier,Sami,1992-04-27,niharika11@example.com,8622307065,"H.No. 31, Banerjee Marg",Ahmedabad,TS,VERIFIED,2024-07-04 08:04:10.390709
CUST001147,Kalpit,Sengupta,1987-07-02,wyatt30@example.org,2718624475,"138, Swamy Nagar",Mumbai,MH,VERIFIED,2023-02-23 12:15:26.007347
CUST001148,Quincy,Sura,1981-12-05,ranaomaja@example.org,4598586635,"02/88, Nigam Street",Chennai,TN,PENDING,2024-10-06 19:10:59.163804
CUST001149,Onveer,Virk,1991-07-08,lsant@example.org,9469984288,"H.No. 520, Buch Ganj",Kolkata,DL,PENDING,2023-03-07 05:31:55.706087
CUST001150,Oliver,Zachariah,1982-11-07,ychand@example.net,3203668642,"685, Sinha Street",Chennai,MH,PENDING,2025-04-04 02:59:09.648673
CUST001151,Turvi,Radhakrishnan,2007-07-25,masonahuja@example.net,7834710628,"57/356, Hans Street",Chennai,WB,REJECTED,2023-03-13 16:36:06.545448
CUST001152,Kai,Sethi,1979-08-13,bhallaaachal@example.com,5859730273,"04, Kumar Street",Bangalore,MH,REJECTED,2026-05-15 18:58:05.340365
CUST001153,Michael,Narula,1970-06-24,nirja89@example.net,9770411678,"46/738, Oza Marg",Delhi,TN,VERIFIED,2022-10-18 08:27:55.205423
CUST001154,Advaith,Mishra,2006-07-16,yutika46@example.com,3229124895,"H.No. 062, Lala Ganj",Bangalore,GJ,VERIFIED,2024-02-14 12:35:54.103244
CUST001155,Arya,Dutta,1975-02-03,suranitara@example.org,3012033980,"H.No. 628, Kota Ganj",Delhi,TN,VERIFIED,2026-04-25 17:22:26.866765
CUST001156,Chatresh,Nagi,2002-04-25,baradanay@example.org,3374356702,"H.No. 565, Sankar",Chennai,TN,VERIFIED,2024-01-10 19:26:19.478314
CUST001157,Jhalak,Shere,1991-01-18,ira75@example.net,9955055362,"H.No. 85, Borde Road",Pune,TS,REJECTED,2025-03-21 02:28:21.419740
CUST001158,Hemani,Dyal,1990-08-19,jeevikadhar@example.org,8821651192,"H.No. 45, Bhasin Street",Pune,MH,REJECTED,2024-10-27 17:16:40.380986
CUST001159,Banjeet,Deshmukh,1978-02-05,dlala@example.org,8824035321,"29/363, Bains Road",Kolkata,DL,VERIFIED,2025-10-12 20:20:29.147020
CUST001160,Gautam,Goda,1996-11-14,baradjanaki@example.net,5795990047,"32/546, Chadha Nagar",Mumbai,GJ,VERIFIED,2024-11-20 15:37:19.628706
CUST001161,Gagan,Comar,1962-06-17,viraj48@example.net,7133996276,"34, D’Alia Street",Chennai,WB,PENDING,2024-10-19 21:40:31.617063
CUST001162,Matthew,Bal,1995-06-25,janiyadavi@example.org,0149480298,"66/45, Guha Street",Kolkata,MH,REJECTED,2025-08-22 13:54:28.310442
CUST001163,Hritik,Banik,1980-05-23,kallarehaan@example.com,8317236670,"H.No. 389, Contractor Zila",Pune,DL,VERIFIED,2023-02-03 01:04:02.906754
CUST001164,Varenya,Mannan,1952-09-14,choudhurywilliam@example.net,2034495607,"50, Setty Chowk",Ahmedabad,DL,REJECTED,2026-02-10 02:01:57.684576
CUST001165,Mitesh,Parmar,1991-09-01,odoshi@example.org,3160378110,"96/30, Rastogi Marg",Chennai,TS,REJECTED,2023-12-28 18:52:24.571154
CUST001166,Arin,Arya,1970-08-30,neha96@example.com,2337007158,"H.No. 408, Hora Marg",Hyderabad,TN,VERIFIED,2026-01-15 00:38:22.125053
CUST001167,Tarak,Misra,1963-02-17,ravigeetika@example.net,4488839237,"285, Dhaliwal Circle",Ahmedabad,TS,VERIFIED,2023-08-11 19:59:00.088656
CUST001168,Geetika,Mahal,1971-04-14,kakarishwar@example.net,0348236788,"93, Khosla Street",Hyderabad,DL,VERIFIED,2025-04-27 02:07:11.305368
CUST001169,Bachittar,Kuruvilla,1990-12-07,ckumer@example.com,6648674163,"31, Natarajan Chowk",Pune,DL,VERIFIED,2024-09-18 17:01:42.759459
CUST001170,Om,Sathe,1978-07-08,daraabha@example.com,0811441572,"61/168, Dani Marg",Chennai,WB,VERIFIED,2023-12-26 13:48:17.750692
CUST001171,Libni,Balasubramanian,2000-06-30,fborra@example.net,6055546542,"43/77, Loke Zila",Delhi,TN,REJECTED,2023-01-12 12:33:25.692058
CUST001172,Rushil,Mannan,2001-07-07,divya45@example.net,6600301196,"869, Loke Chowk",Chennai,GJ,VERIFIED,2025-10-17 07:37:14.904073
CUST001173,Hardik,Saxena,1993-10-08,madhaviwali@example.org,0957093409,"H.No. 811, Sabharwal Ganj",Ahmedabad,MH,REJECTED,2025-04-28 15:37:54.740302
CUST001174,Aashi,Bahl,1964-08-01,anita37@example.com,0627959514,"H.No. 96, Narayan Marg",Bangalore,GJ,VERIFIED,2025-10-12 09:56:28.448292
CUST001175,Frado,Soni,1999-07-02,radhika27@example.com,8001617344,"23/51, Kala Marg",Bangalore,WB,REJECTED,2023-10-13 20:19:51.199627
CUST001176,Nicholas,Sami,1966-10-13,rchand@example.net,0170781294,"30/494, Manda Circle",Chennai,WB,VERIFIED,2024-10-15 18:35:00.103048
CUST001177,Bhavya,Ghose,1986-11-29,dhritipanchal@example.org,3728756798,"56, Shan Road",Hyderabad,TS,VERIFIED,2022-12-26 04:28:52.574080
CUST001178,Urmi,Char,1998-08-26,zarna82@example.net,8708941079,"H.No. 464, Raj Road",Delhi,WB,REJECTED,2026-05-10 20:20:16.246933
CUST001179,Finn,Chauhan,2008-08-05,darpanshankar@example.com,2473885237,"00, Dara Chowk",Ahmedabad,TS,VERIFIED,2025-06-04 05:57:14.868546
CUST001180,Harini,Kibe,1960-08-22,dugargabriel@example.net,8226799096,"65/38, Patel Ganj",Hyderabad,KA,PENDING,2025-02-09 17:06:13.691167
CUST001181,Nimrat,Mohanty,1973-12-23,ikbalagarwal@example.org,7090703780,"32/07, Varma Nagar",Delhi,TS,VERIFIED,2024-06-06 22:38:51.000302
CUST001182,Yamini,Madan,1985-01-28,uswamy@example.com,6296507445,"76, Majumdar Path",Mumbai,MH,PENDING,2023-07-21 06:28:30.019567
CUST001183,Yashvi,Dyal,1979-10-03,fmadan@example.com,0034522026,"H.No. 326, Pai Road",Chennai,MH,VERIFIED,2022-12-26 02:45:59.081290
CUST001184,Kamya,Savant,1963-07-19,balitriya@example.com,6351685224,"H.No. 258, Subramaniam Ganj",Hyderabad,GJ,VERIFIED,2023-04-22 11:31:19.915152
CUST001185,Aryan,Bhatia,1992-05-25,shaurya66@example.net,3276334228,"23, Goda Chowk",Hyderabad,WB,PENDING,2025-08-11 04:59:07.675042
CUST001186,Sarthak,Chaudry,1952-09-05,urishillabera@example.org,2340370433,"45/61, Parsa Street",Kolkata,WB,PENDING,2023-05-13 02:20:17.124725
CUST001187,Advik,Luthra,1977-08-02,lchaudhuri@example.net,1769680645,"H.No. 578, Sheth Ganj",Kolkata,MH,VERIFIED,2025-02-28 12:36:03.491629
CUST001188,Nakul,Saran,1967-06-01,samuel27@example.org,8859342883,"97/83, Buch Ganj",Pune,DL,VERIFIED,2025-01-23 19:53:30.048050
CUST001189,Arin,Khanna,1960-03-14,osha55@example.org,2506668606,"71, Wali Road",Delhi,MH,VERIFIED,2025-05-07 19:18:54.721426
CUST001190,Lucky,Parmar,1992-08-19,acharyavihaan@example.net,2427622155,"H.No. 39, Kari Marg",Mumbai,MH,VERIFIED,2024-04-23 20:28:02.648282
CUST001191,Aarini,Nayar,2003-10-25,abhimanyu38@example.net,5465653170,"H.No. 210, Sibal Street",Delhi,TN,VERIFIED,2024-12-20 06:23:46.431413
CUST001192,Lajita,Puri,1963-06-23,indaliramakrishnan@example.net,3223487493,"H.No. 191, Anne Nagar",Bangalore,WB,REJECTED,2026-04-25 17:18:02.395922
CUST001193,Zilmil,Sankar,1973-08-14,sathesarthak@example.net,6447893785,"60, Bajaj",Chennai,TS,VERIFIED,2023-10-26 06:25:44.845432
CUST001194,Warhi,Chatterjee,2003-11-26,jasmit81@example.org,5734669447,"05/28, Balan",Mumbai,TN,VERIFIED,2024-12-24 09:58:00.428050
CUST001195,Lopa,Sarkar,1970-08-17,haldersaanvi@example.net,7719888374,"68/59, Thakur Ganj",Ahmedabad,DL,PENDING,2025-03-19 20:36:59.282239
CUST001196,Nakul,Naik,1953-12-24,chakradevvaidya@example.net,4692434354,"121, Ramachandran Path",Hyderabad,DL,PENDING,2022-10-16 15:52:15.925507
CUST001197,Wahab,Thaman,1976-11-02,vermachakradev@example.org,4694660490,"47, Das Marg",Delhi,MH,VERIFIED,2022-10-04 15:57:59.909580
CUST001198,Finn,Sandhu,1955-05-02,jacknigam@example.org,9655868190,"93/33, Deep Path",Kolkata,MH,VERIFIED,2025-03-16 20:14:22.572629
CUST001199,Ojasvi,Rattan,1950-09-14,yutikamurthy@example.com,0295738010,"18, Prasad Zila",Pune,TS,VERIFIED,2025-12-10 21:23:00.925530
CUST001200,Lekha,Chana,1985-04-20,guptanandini@example.net,0551919396,"71/708, Mukhopadhyay Nagar",Mumbai,TS,VERIFIED,2024-10-27 09:55:18.022740
CUST001201,Manbir,Jani,1991-08-24,anay71@example.net,1293321349,"40/03, Bora Chowk",Delhi,MH,PENDING,2025-01-08 22:34:28.355584
CUST001202,Urishilla,Tandon,1971-09-12,lekha27@example.com,6611262030,"57, Ganguly Zila",Chennai,MH,REJECTED,2026-04-19 10:50:55.752789
CUST001203,Raagini,Bava,1998-11-09,bumbjairaj@example.net,3993302559,"H.No. 623, Mane Zila",Mumbai,KA,VERIFIED,2023-01-24 05:49:29.084066
CUST001204,Harita,Sani,1982-10-27,bahrilila@example.net,9680450521,"08, Ravel Zila",Mumbai,KA,PENDING,2025-10-30 06:03:33.160107
CUST001205,Harshil,Arya,1965-04-25,ibasak@example.net,9714083469,"H.No. 609, Thaker Path",Ahmedabad,WB,VERIFIED,2025-09-17 08:46:21.699059
CUST001206,Karan,Shan,1965-11-04,msankaran@example.net,9859074294,"H.No. 95, Savant Chowk",Chennai,GJ,VERIFIED,2022-10-08 07:07:34.341566
CUST001207,Praneel,Mutti,1999-10-25,suhani66@example.net,9530164728,"68/590, Ram Street",Pune,MH,VERIFIED,2026-03-10 11:33:15.219524
CUST001208,Sanaya,Rama,1955-07-20,iram@example.net,6034982468,"H.No. 656, Tank Street",Kolkata,KA,REJECTED,2023-02-20 20:58:53.289618
CUST001209,Chakrika,Basu,1959-10-21,widisha23@example.org,5242352560,"61/72, Pathak Zila",Chennai,TS,PENDING,2025-07-22 02:38:38.696460
CUST001210,Daksh,Nori,1995-06-13,parsavedant@example.com,1318456059,"221, Chada Nagar",Bangalore,KA,VERIFIED,2026-05-18 07:04:22.313015
CUST001211,Anika,Kuruvilla,2002-03-14,ikbalmalhotra@example.net,4087834377,"H.No. 211, Wali Marg",Bangalore,KA,PENDING,2026-02-03 09:49:24.670299
CUST001212,George,Kalla,1979-03-04,thakkarikbal@example.net,0962426578,"H.No. 87, Mandal Chowk",Pune,MH,VERIFIED,2023-03-18 08:07:24.890444
CUST001213,Idika,Datta,1974-10-26,yadavi88@example.org,7254422535,"05/03, Nayar Road",Pune,DL,PENDING,2025-09-03 10:54:26.721428
CUST001214,Rachit,Vaidya,2006-06-09,abhimanyulala@example.com,7666082887,"H.No. 207, Johal Path",Chennai,TS,VERIFIED,2024-01-24 15:31:27.360466
CUST001215,Tanveer,Ramakrishnan,1982-11-06,harshilprabhu@example.net,6210741443,"H.No. 445, Raja Street",Ahmedabad,MH,PENDING,2022-11-30 23:48:14.438272
CUST001216,Indira,Shenoy,1968-09-20,tanaybiswas@example.net,1153334972,"H.No. 100, Mittal Ganj",Delhi,MH,VERIFIED,2026-04-13 08:32:36.980344
CUST001217,Charvi,Taneja,1971-10-05,odika18@example.net,7860215992,"63, Datta Circle",Mumbai,KA,VERIFIED,2023-07-09 09:42:38.929611
CUST001218,Bhavya,Bath,2005-11-18,tanishdalal@example.org,2395480704,"83/687, Sharaf Road",Ahmedabad,TS,VERIFIED,2024-07-22 06:17:29.118642
CUST001219,Watika,Kumer,1951-01-01,kantneha@example.com,5600762282,"H.No. 938, Yogi Marg",Bangalore,KA,VERIFIED,2024-06-24 10:28:18.123340
CUST001220,Advika,Sarraf,1958-05-20,tanveer93@example.org,4596920666,"123, Lalla Road",Pune,GJ,VERIFIED,2023-04-12 18:04:36.480793
CUST001221,Harini,Verma,1997-09-09,gavin18@example.net,6512421063,"04/836, Wadhwa Road",Chennai,GJ,VERIFIED,2023-06-09 18:43:09.200288
CUST001222,Nirja,Nigam,1984-03-27,kashish94@example.org,9379313636,"67, Venkatesh Marg",Bangalore,TS,VERIFIED,2023-01-02 07:41:27.783126
CUST001223,Vinaya,Pau,1983-07-29,pavani13@example.com,7491953808,"23, Arya Ganj",Chennai,DL,VERIFIED,2024-07-24 03:51:14.597998
CUST001224,Vrishti,Ravi,1957-04-19,baligirindra@example.org,3915480442,"21/49, Arya",Kolkata,KA,VERIFIED,2025-04-18 01:04:31.796223
CUST001225,Meera,Chatterjee,1997-01-16,dkrishna@example.net,4991573806,"36, Golla Chowk",Mumbai,MH,VERIFIED,2022-12-22 03:14:46.759801
CUST001226,Meera,Dani,1953-03-30,rishishanker@example.org,4320586997,"H.No. 557, Hayre",Hyderabad,DL,VERIFIED,2026-06-18 19:14:58.194204
CUST001227,Vrinda,Sibal,1951-01-16,nayakdarika@example.net,7732609685,"H.No. 085, Som",Ahmedabad,TN,VERIFIED,2023-04-01 04:40:47.447490
CUST001228,Idika,Tella,1972-08-01,nmemon@example.net,6447026327,"64/58, Ram Chowk",Delhi,DL,VERIFIED,2023-06-02 10:58:17.660250
CUST001229,Aashi,Lanka,2007-01-13,pallairya@example.net,4745024053,"48/96, Karan Path",Bangalore,WB,PENDING,2024-02-21 12:47:03.713225
CUST001230,Aarna,Natarajan,2001-07-12,ridhipalla@example.com,7805383385,"91/369, Mitter Marg",Ahmedabad,TN,PENDING,2025-02-22 19:40:38.540310
CUST001231,Brijesh,Malhotra,1997-09-10,somantimothy@example.com,0415063240,"58, Walia Ganj",Ahmedabad,WB,VERIFIED,2026-06-16 05:45:41.383514
CUST001232,Rachana,Jha,1962-05-09,megha74@example.net,4660332739,"H.No. 92, Mander Nagar",Bangalore,TS,VERIFIED,2024-05-27 07:52:15.757408
CUST001233,Ekaraj,Bera,2001-07-03,golavrinda@example.com,7819516484,"833, Sane Nagar",Hyderabad,KA,PENDING,2025-11-02 08:30:09.612704
CUST001234,Zayan,Kale,2002-03-21,rprabhu@example.net,8935052602,"H.No. 67, Srivastava Nagar",Ahmedabad,GJ,VERIFIED,2022-12-22 08:53:01.823663
CUST001235,Jagdish,Dutta,1985-05-31,mohinichandran@example.org,2377459984,"87, Natt Nagar",Kolkata,DL,REJECTED,2022-12-19 12:14:43.112368
CUST001236,Yashasvi,Apte,1979-01-04,basunidhi@example.net,1064070783,"30/34, Panchal Circle",Mumbai,TS,PENDING,2026-03-23 07:27:05.170222
CUST001237,Rachita,Narasimhan,1988-11-27,manneadweta@example.net,7280903178,"167, Nanda Circle",Ahmedabad,KA,PENDING,2024-06-11 07:56:26.154794
CUST001238,Yadavi,Loke,2005-08-16,benjamin88@example.net,9303207560,"H.No. 523, De Nagar",Ahmedabad,MH,VERIFIED,2025-07-22 06:07:00.695571
CUST001239,Neelima,Raj,1961-12-27,gandhiyatan@example.com,5403079915,"201, Parikh Street",Chennai,DL,VERIFIED,2025-01-04 06:20:29.851191
CUST001240,Eta,Agrawal,1951-11-27,saibrar@example.net,0682048109,"47/38, Sawhney Path",Pune,DL,REJECTED,2023-06-23 06:09:26.091625
CUST001241,Vedika,Sekhon,2001-12-17,anikanarayan@example.net,3815182723,"951, Oza Circle",Bangalore,WB,VERIFIED,2025-08-06 02:24:35.457891
CUST001242,Janani,Patla,1988-02-17,ywable@example.net,5590308196,"87/615, Menon Nagar",Ahmedabad,DL,PENDING,2023-05-10 20:19:44.512642
CUST001243,Baghyawati,Contractor,2001-12-12,azaan89@example.org,4640350769,"H.No. 58, Brahmbhatt Circle",Hyderabad,MH,VERIFIED,2024-08-21 23:06:20.925598
CUST001244,Yashica,Desai,1989-02-22,xsarna@example.com,7777459254,"493, Singhal Chowk",Hyderabad,GJ,PENDING,2025-12-30 12:14:32.628518
CUST001245,Anay,Tak,1954-03-27,ganga59@example.com,9674166239,"559, Oza Ganj",Hyderabad,KA,PENDING,2025-01-16 15:10:37.316936
CUST001246,Om,Seshadri,1975-08-17,ansh64@example.org,2727653145,"00, Mandal Path",Delhi,MH,VERIFIED,2026-03-01 19:19:35.076154
CUST001247,Gayathri,Khosla,1996-06-20,ishani95@example.com,2168335766,"H.No. 491, Thakkar Nagar",Chennai,MH,REJECTED,2026-05-24 20:47:15.159042
CUST001248,Charan,Memon,1962-04-14,xchakrabarti@example.com,8521979336,"H.No. 608, Vasa",Pune,WB,PENDING,2024-04-07 20:16:22.431437
CUST001249,Inaya,Bakshi,2007-06-12,pillaykamya@example.net,9111532026,"33/963, Basak Chowk",Pune,KA,PENDING,2026-06-26 16:40:42.275859
CUST001250,Aarnav,Keer,1982-02-22,kvenkataraman@example.net,8893844781,"420, Kaul Circle",Ahmedabad,GJ,VERIFIED,2023-05-11 05:46:32.563334
CUST001251,George,Grewal,1967-09-06,ssaran@example.com,2644047832,"795, Chander Circle",Ahmedabad,GJ,VERIFIED,2023-10-21 10:08:30.652735
CUST001252,Urvi,Sawhney,1998-06-21,anjali99@example.org,6871446939,"H.No. 56, Mukhopadhyay Marg",Bangalore,GJ,VERIFIED,2025-04-23 02:02:57.668676
CUST001253,Rohan,Mallick,1951-03-23,kritikaapte@example.net,4966681182,"24/687, Grewal Street",Bangalore,WB,PENDING,2025-03-11 20:45:42.938328
CUST001254,Upkaar,Sibal,1962-09-07,dmadan@example.com,3867485783,"65/76, Sharma Path",Mumbai,MH,VERIFIED,2026-03-04 04:57:17.897417
CUST001255,Aarnav,Bhagat,2002-01-22,ekalinga26@example.net,6449436327,"H.No. 65, Krishnamurthy Ganj",Chennai,MH,PENDING,2024-08-07 12:49:21.662887
CUST001256,Peter,Basak,1954-03-12,gaganuppal@example.com,4715203519,"05/651, Kapur Ganj",Delhi,DL,VERIFIED,2025-10-06 20:16:32.916632
CUST001257,Ekaja,Bawa,1982-02-24,raghav22@example.net,6632790423,"08, Brahmbhatt",Pune,GJ,VERIFIED,2023-11-15 15:18:26.670824
CUST001258,Vritti,Bassi,1952-11-04,jonathanbumb@example.net,5749659905,"H.No. 99, Chandran Marg",Ahmedabad,DL,PENDING,2025-07-08 18:07:18.727115
CUST001259,Bimala,Kale,1968-12-27,chaitanyamuni@example.org,7513061092,"H.No. 53, Choudhary Chowk",Bangalore,KA,VERIFIED,2026-05-20 17:03:29.442563
CUST001260,Sanya,Khare,2006-09-07,calebmander@example.org,9274312666,"361, Parekh Marg",Mumbai,DL,VERIFIED,2023-09-27 20:48:24.721547
CUST001261,Anthony,Sahota,1994-11-16,sudiksha55@example.com,6720367027,"H.No. 68, Barman Chowk",Chennai,DL,VERIFIED,2023-12-18 18:28:37.331535
CUST001262,Aarnav,Nagar,1977-06-13,bobalpranav@example.org,6793235393,"49/51, Narayanan Marg",Mumbai,TS,PENDING,2024-04-20 13:36:32.163071
CUST001263,Daksh,Sathe,1984-05-14,maanavchokshi@example.net,0242646855,"04/115, Thaman Road",Hyderabad,WB,VERIFIED,2024-06-26 13:21:28.652756
CUST001264,Diya,Chaudhari,1953-07-11,ranveermane@example.com,3363305754,"84/16, Kaul Road",Chennai,MH,VERIFIED,2022-10-05 12:00:27.266615
CUST001265,Saumya,Bali,1987-09-27,gopalshere@example.org,7012592833,"85/681, Radhakrishnan Chowk",Bangalore,WB,VERIFIED,2024-05-25 17:27:39.123973
CUST001266,Kavya,Bansal,1971-03-14,takwarjas@example.net,0105591698,"36/47, Venkataraman Nagar",Ahmedabad,MH,VERIFIED,2025-01-01 12:20:55.045785
CUST001267,Aarini,Mital,1953-02-18,chaman52@example.net,9357076509,"85, Din Marg",Bangalore,WB,VERIFIED,2024-12-28 06:16:56.926418
CUST001268,Qabil,Sengupta,1957-01-18,nirjabal@example.org,1186801093,"49/08, Sibal Zila",Bangalore,GJ,PENDING,2025-03-10 08:59:34.897767
CUST001269,Ronith,Deshpande,1979-08-10,hganguly@example.org,8777701497,"H.No. 195, Rattan Marg",Hyderabad,GJ,VERIFIED,2022-10-28 15:43:44.366723
CUST001270,Ayaan,Swaminathan,1976-09-15,janaki69@example.net,9220513563,"H.No. 00, Parikh Chowk",Mumbai,WB,REJECTED,2023-10-31 08:10:28.916028
CUST001271,Unni,Lata,2001-08-18,msolanki@example.com,8217748747,"95/84, Yadav Ganj",Ahmedabad,TS,REJECTED,2023-01-18 01:13:48.698765
CUST001272,Libni,Singh,1994-03-26,indalidhillon@example.org,9306469126,"69/93, Pingle Ganj",Hyderabad,TS,VERIFIED,2023-07-22 03:42:20.866000
CUST001273,Baljiwan,Kala,1987-01-02,vanyakalita@example.org,6828753355,"948, Kulkarni Chowk",Kolkata,DL,REJECTED,2023-07-27 13:29:07.657677
CUST001274,Jatin,Comar,1961-06-08,nehahegde@example.com,1739222931,"H.No. 03, Malhotra",Kolkata,WB,REJECTED,2024-07-06 12:52:15.564536
CUST001275,Reva,Prakash,1999-02-24,muttieshana@example.com,7917431243,"811, Talwar Path",Pune,TN,PENDING,2025-04-26 17:59:33.070740
CUST001276,Lohit,Sharaf,1959-10-16,yutika03@example.com,7562943391,"H.No. 885, Babu Path",Delhi,TN,PENDING,2024-01-04 21:25:10.216013
CUST001277,Anita,Kari,1995-07-11,amaira10@example.net,0427974935,"H.No. 181, Sagar Circle",Hyderabad,TS,PENDING,2024-03-13 14:28:49.756582
CUST001278,Ishaan,Kala,2006-04-11,kalasen@example.com,8481115703,"H.No. 164, Rajagopalan Street",Chennai,DL,REJECTED,2025-01-10 08:05:27.257663
CUST001279,Gaurika,Naik,1967-02-03,aarushgokhale@example.org,5469223940,"43/466, Oak Nagar",Pune,MH,VERIFIED,2023-05-14 17:24:59.127955
CUST001280,Aashi,Sodhi,1990-05-16,sahnichandresh@example.org,0795163521,"241, Nigam Chowk",Chennai,DL,VERIFIED,2025-11-23 20:58:08.014217
CUST001281,Leela,Varkey,1953-01-16,rajata41@example.net,4133366502,"H.No. 65, Dada Circle",Hyderabad,DL,VERIFIED,2024-03-13 01:34:40.195774
CUST001282,Hardik,Prakash,1992-10-19,danielnarayan@example.org,9221911429,"H.No. 14, Chad Nagar",Delhi,GJ,REJECTED,2024-05-09 03:20:31.840363
CUST001283,Yochana,Pathak,1990-11-05,lgupta@example.org,2652012017,"84/46, Thakur",Kolkata,TN,PENDING,2023-06-25 06:08:37.782153
CUST001284,Mahika,Rau,1971-09-29,ethan82@example.com,9136759164,"218, Chandran Nagar",Mumbai,KA,VERIFIED,2024-08-23 09:08:24.663491
CUST001285,David,Varughese,1968-11-17,teerthchaudry@example.com,8234284022,"13, Anne Street",Kolkata,TS,VERIFIED,2023-01-07 08:48:02.995422
CUST001286,Dhriti,Koshy,2004-12-29,nathan38@example.com,0776042939,"40, Tata Circle",Mumbai,MH,VERIFIED,2026-07-13 09:21:28.773139
CUST001287,Krish,Borde,1952-12-07,pranav40@example.org,3051097247,"54, Sarkar Zila",Hyderabad,TN,VERIFIED,2024-07-16 04:21:21.027124
CUST001288,Sarthak,Gokhale,1978-10-14,lkaur@example.net,2381828936,"07/04, Kata Street",Hyderabad,MH,VERIFIED,2025-07-20 13:53:33.912741
CUST001289,Tanmayi,Kashyap,1955-03-21,wahab11@example.net,9921353470,"75, Mishra Nagar",Pune,MH,VERIFIED,2024-01-05 16:46:03.936543
CUST001290,Mugdha,Hora,1996-01-01,gpurohit@example.com,2138059519,"H.No. 22, Natarajan Path",Ahmedabad,KA,REJECTED,2024-11-07 00:15:34.223193
CUST001291,Rohan,Gulati,1991-09-11,ekalinga54@example.org,3511096745,"59, Nayak Nagar",Pune,WB,VERIFIED,2023-12-14 07:49:10.354946
CUST001292,Zayan,Bhattacharyya,1979-02-14,jdhar@example.org,2678703238,"18, Karpe",Chennai,MH,PENDING,2025-07-04 21:15:44.524907
CUST001293,Damyanti,Savant,1993-08-26,liam11@example.org,5963731149,"86/23, Sankaran Nagar",Kolkata,WB,VERIFIED,2024-01-07 03:54:01.844057
CUST001294,Gaurika,Lad,1989-09-07,balawahab@example.net,8036485100,"H.No. 14, Chahal Nagar",Mumbai,MH,VERIFIED,2025-07-02 01:33:32.038266
CUST001295,Krish,Vasa,1965-10-25,bbhatnagar@example.net,8732149997,"H.No. 34, Kumer Chowk",Pune,GJ,VERIFIED,2024-05-21 07:04:17.078022
CUST001296,Samarth,Mohanty,1968-05-06,bassinisha@example.com,0046010413,"H.No. 79, Deol Road",Delhi,MH,VERIFIED,2023-06-20 10:57:31.861995
CUST001297,Urmi,Din,1990-05-04,vincentparikh@example.com,2176189898,"77, Bhatt Path",Chennai,GJ,VERIFIED,2022-10-26 07:37:45.147789
CUST001298,Varsha,Shetty,1988-09-11,tanayyadav@example.org,9720487304,"H.No. 58, Uppal Marg",Bangalore,TS,VERIFIED,2023-06-27 04:06:38.784388
CUST001299,Frado,Shan,1998-09-03,avnicomar@example.net,7964031575,"18/53, Dey Marg",Bangalore,WB,VERIFIED,2025-10-19 12:16:11.901747
CUST001300,Arya,Mohan,1985-06-27,qadimsem@example.org,4063856702,"784, Bhakta Street",Kolkata,TN,REJECTED,2022-10-05 18:34:06.143540
CUST001301,Hiral,Parmer,1990-03-19,gayathri35@example.com,0789677888,"H.No. 072, Malhotra Nagar",Chennai,TS,VERIFIED,2025-04-28 08:33:28.356719
CUST001302,Dayita,Talwar,1994-09-13,dashoscar@example.com,1757804104,"H.No. 864, Dixit Road",Chennai,MH,VERIFIED,2022-09-19 14:21:10.845468
CUST001303,Jonathan,Master,1968-01-25,sbhargava@example.com,7110187703,"H.No. 443, Sheth Nagar",Ahmedabad,TS,VERIFIED,2026-05-24 05:13:15.091266
CUST001304,Darika,Puri,1988-11-16,mkunda@example.net,3043817799,"H.No. 69, Mander Street",Hyderabad,DL,REJECTED,2023-08-04 03:27:00.798782
CUST001305,Barkha,Wable,1957-08-29,danielchander@example.net,4323145651,"H.No. 91, Bhandari Chowk",Mumbai,TN,PENDING,2024-06-18 00:31:30.913715
CUST001306,Anika,Khurana,2003-01-14,mmadan@example.net,5674053625,"H.No. 541, Comar Zila",Delhi,KA,VERIFIED,2022-09-19 11:15:19.817080
CUST001307,Avi,Devan,1952-03-29,sureshharsh@example.org,9300522144,"53/842, Samra Path",Pune,TS,REJECTED,2024-12-13 13:02:45.623605
CUST001308,Nimrat,Chopra,2006-07-03,deepa42@example.com,8455375826,"H.No. 814, Mukhopadhyay",Bangalore,TS,PENDING,2023-02-07 04:43:38.113815
CUST001309,Qadim,Handa,1958-05-18,kamala93@example.com,3528805075,"73/54, Deep Road",Kolkata,KA,VERIFIED,2026-06-04 00:47:10.770476
CUST001310,Avni,Solanki,1979-03-10,skulkarni@example.com,4930464006,"48, Dass Marg",Pune,MH,VERIFIED,2024-01-14 01:33:47.260062
CUST001311,Tanvi,Patla,1997-05-23,watikashere@example.net,8546091210,"H.No. 45, Saran Ganj",Delhi,DL,VERIFIED,2026-05-24 17:20:46.010536
CUST001312,Radha,Bhasin,1983-11-23,lohitkrishnan@example.com,7926251743,"503, Mishra",Pune,GJ,REJECTED,2022-10-20 21:04:02.096776
CUST001313,Yashoda,Wali,1965-08-19,mohammed78@example.net,2361794964,"95/781, Sen Street",Mumbai,KA,VERIFIED,2023-08-07 08:46:05.830185
CUST001314,Ikbal,Tailor,1991-10-16,maanas71@example.net,2240239362,"40, Baria Road",Ahmedabad,MH,REJECTED,2025-06-22 05:44:03.638016
CUST001315,Lopa,Nayar,1989-02-17,buchnihal@example.net,3811050228,"45/952, Deshmukh Circle",Pune,MH,VERIFIED,2023-09-21 15:22:13.214765
CUST001316,Osha,Swaminathan,1978-07-23,qabil39@example.org,4337327839,"H.No. 10, Devi Nagar",Kolkata,KA,PENDING,2024-05-13 14:06:02.417501
CUST001317,Vrishti,Sastry,1994-07-07,kurianrishi@example.net,8696537155,"H.No. 20, Hayer Circle",Chennai,TN,VERIFIED,2024-02-13 10:33:33.420005
CUST001318,Sudiksha,Kapadia,1952-05-22,charan79@example.org,7731297341,"759, Vora Nagar",Delhi,GJ,PENDING,2022-11-21 07:34:51.664783
CUST001319,Andrew,Acharya,1985-11-12,ldora@example.org,1218945239,"331, Varty Path",Mumbai,TN,VERIFIED,2023-03-21 08:25:20.274498
CUST001320,Indali,Contractor,1977-04-29,mbalan@example.org,0888060941,"41/300, Varghese Chowk",Delhi,KA,VERIFIED,2025-06-17 03:37:57.468123
CUST001321,Pallavi,Tak,1988-04-23,vnair@example.net,0959145049,"94, Dave Marg",Hyderabad,MH,VERIFIED,2025-01-30 08:07:53.706956
CUST001322,Yachana,Sanghvi,2006-01-17,zachariahjeet@example.com,0438450462,"34/939, Chhabra Road",Pune,MH,PENDING,2024-05-17 19:44:37.565748
CUST001323,Krishna,Sen,1965-07-03,satheoni@example.net,8574911066,"H.No. 879, Sengupta Ganj",Bangalore,MH,REJECTED,2024-04-19 19:42:46.973053
CUST001324,Edhitha,Kalita,1976-12-28,boranathaniel@example.com,1645982437,"H.No. 407, Iyer",Kolkata,KA,VERIFIED,2024-09-27 10:02:22.727189
CUST001325,Ekansh,Upadhyay,1999-03-28,meera92@example.com,0327357125,"300, Om Circle",Mumbai,GJ,VERIFIED,2024-02-27 05:02:12.355812
CUST001326,Yashawini,Palla,1996-04-25,pillaivivaan@example.org,2566009805,"90/303, Bora Road",Mumbai,KA,VERIFIED,2024-06-04 17:46:46.784454
CUST001327,Yatan,Ravi,1970-04-04,jeremiahvarma@example.com,8499770706,"14, Kota Ganj",Mumbai,TS,VERIFIED,2025-11-06 15:15:12.148759
CUST001328,Azad,Behl,1996-02-06,suradayamai@example.com,6871638762,"H.No. 05, Prasad Road",Bangalore,MH,VERIFIED,2026-01-18 05:20:00.875532
CUST001329,Rajeshri,Sanghvi,1957-09-14,binazacharia@example.net,4142785314,"634, Gera",Kolkata,WB,PENDING,2025-11-24 01:46:16.727150
CUST001330,Naveen,Deshpande,1962-07-08,nathanieldas@example.com,0713204484,"H.No. 541, Raghavan Chowk",Kolkata,WB,VERIFIED,2022-12-15 03:53:14.903689
CUST001331,Chaman,Mutti,1974-11-09,fradochaudhary@example.com,5767765766,"H.No. 852, Tella Nagar",Mumbai,WB,VERIFIED,2024-02-29 12:18:43.930543
CUST001332,Hema,Dey,1984-08-16,forum52@example.org,5049988782,"754, Dhar Road",Mumbai,KA,REJECTED,2025-04-06 01:52:45.067400
CUST001333,Raagini,Bose,1990-06-22,banjeet69@example.org,3864006724,"214, Bhakta Ganj",Mumbai,KA,VERIFIED,2023-04-15 00:16:41.852684
CUST001334,Ranveer,Khare,1964-08-27,brarikbal@example.org,0654885587,"H.No. 29, Chawla Marg",Bangalore,TN,VERIFIED,2023-05-24 04:13:32.772198
CUST001335,Aradhana,Hans,1974-07-13,wkulkarni@example.com,5179838713,"63/38, Pant",Bangalore,TN,PENDING,2023-12-24 06:42:19.787739
CUST001336,Rajeshri,Krishna,1954-08-04,etaram@example.org,9991624694,"84, Sankar Street",Kolkata,WB,VERIFIED,2025-06-01 10:11:24.528675
CUST001337,Janaki,Dada,1978-10-10,bhalder@example.com,1027190952,"121, Borra Path",Ahmedabad,TS,REJECTED,2024-09-09 03:40:21.468622
CUST001338,Anusha,Pandey,1993-01-11,tgarg@example.net,6220165663,"H.No. 824, Deep Ganj",Pune,TS,PENDING,2024-11-15 07:03:53.269435
CUST001339,Ekantika,Khosla,1989-09-13,malhotraakshay@example.org,7559841420,"507, Pillay Road",Chennai,TS,VERIFIED,2024-02-19 00:41:00.288933
CUST001340,Simon,Koshy,2005-04-01,shroffaryan@example.org,4043109077,"53/277, Suri Ganj",Delhi,MH,REJECTED,2022-09-09 07:43:08.894337
CUST001341,Hemal,Kurian,1976-03-14,sarmajoshua@example.com,7355481471,"H.No. 539, Datta Ganj",Hyderabad,KA,VERIFIED,2024-05-04 17:34:42.556044
CUST001342,Praneel,Shere,1991-09-07,ekapadpal@example.org,3433906279,"H.No. 77, Kale Ganj",Mumbai,WB,REJECTED,2025-01-04 12:00:00.502607
CUST001343,Ekaraj,Deep,1985-08-10,kantshivani@example.org,2759395571,"22, Raman Nagar",Bangalore,TN,VERIFIED,2025-05-24 05:14:02.426081
CUST001344,Eshana,Chakrabarti,1953-04-16,zayan36@example.com,6444329691,"07/227, Tella Marg",Delhi,MH,PENDING,2025-12-27 00:51:31.806741
CUST001345,Naksh,Shenoy,1980-02-17,qnagarajan@example.com,0933853000,"258, Soni Marg",Hyderabad,TS,VERIFIED,2023-07-27 13:31:12.603575
CUST001346,Ganga,Mander,1973-12-22,edara@example.org,7034463324,"H.No. 546, Natarajan Ganj",Pune,TN,VERIFIED,2026-04-14 00:07:13.165499
CUST001347,Dhriti,Talwar,1962-06-19,varmajeevika@example.org,6965959656,"52, Rana Street",Bangalore,TS,REJECTED,2023-02-08 20:51:05.212991
CUST001348,Zaitra,Kunda,1987-08-08,anandnathaniel@example.org,5145579537,"04, Mane Zila",Mumbai,GJ,REJECTED,2025-07-08 21:02:14.747517
CUST001349,Pushti,Mohanty,1963-01-16,urmibatra@example.net,3722982109,"39/229, Bali Path",Bangalore,TN,VERIFIED,2023-03-13 13:03:12.382395
CUST001350,Dalaja,Ramesh,2002-09-14,atharv76@example.net,3908783476,"82, Mitter Road",Chennai,KA,VERIFIED,2022-12-22 00:26:27.905499
CUST001351,Manya,Purohit,1985-11-14,raaginiagrawal@example.net,3868250855,"972, Rai Marg",Ahmedabad,DL,VERIFIED,2024-03-12 21:24:26.672353
CUST001352,Madhav,Kade,1997-06-13,falaksem@example.net,7346892704,"H.No. 46, Rao Marg",Hyderabad,MH,VERIFIED,2024-11-05 21:34:36.911964
CUST001353,Ira,Chaudhry,2004-12-30,libni18@example.org,8628868879,"H.No. 395, Venkatesh Zila",Chennai,KA,VERIFIED,2023-01-17 08:33:25.157205
CUST001354,Ekiya,Sahni,1997-01-12,chandanimahajan@example.org,3183801693,"377, Kota",Delhi,GJ,PENDING,2026-05-20 03:15:11.733069
CUST001355,Aarnav,Chand,1995-08-20,nathanielbala@example.org,3185200239,"H.No. 336, Bhavsar Ganj",Delhi,TN,REJECTED,2025-02-08 10:42:07.760471
CUST001356,Aayush,Goel,1955-03-31,lbath@example.org,8967201295,"77/569, Amble Nagar",Hyderabad,DL,VERIFIED,2023-10-10 03:12:51.078930
CUST001357,Henry,Buch,2005-10-20,noommen@example.org,4834387151,"91, Shroff Zila",Kolkata,TS,VERIFIED,2025-05-16 01:29:29.460162
CUST001358,Dalbir,Sethi,1951-04-04,idhaliwal@example.org,4009380834,"160, Prasad Nagar",Delhi,MH,VERIFIED,2026-06-16 17:48:34.647005
CUST001359,Tanish,Gokhale,1966-01-07,kaurliam@example.net,2762520213,"54/28, Ganesh Ganj",Kolkata,TN,VERIFIED,2026-01-02 19:51:14.866482
CUST001360,Wakeeta,Bala,1956-07-08,rattansanaya@example.net,1678629025,"H.No. 26, Kaur Chowk",Hyderabad,DL,PENDING,2026-02-13 22:06:04.685800
CUST001361,Onkar,Garg,1952-12-30,fiyaz75@example.org,4053198410,"H.No. 08, Thaker Road",Ahmedabad,GJ,VERIFIED,2025-09-08 08:04:38.921501
CUST001362,Bishakha,Sachar,2004-07-08,obhatia@example.com,6797008307,"H.No. 83, Narang Path",Chennai,GJ,REJECTED,2023-11-20 09:01:23.513655
CUST001363,Abhimanyu,Chad,1979-06-28,riyaganesh@example.com,3282901832,"134, Sane Nagar",Bangalore,TS,REJECTED,2025-06-11 20:44:02.606664
CUST001364,Leela,Walla,1952-06-06,patlaayushman@example.org,0651174711,"57/96, Ravi Circle",Bangalore,TN,VERIFIED,2026-02-20 20:47:41.030222
CUST001365,Gaurav,Gade,2002-07-01,daksh79@example.org,4813881901,"67, Saha Chowk",Pune,TN,VERIFIED,2026-05-13 01:19:47.296006
CUST001366,Hamsini,Dayal,1966-03-05,gbalakrishnan@example.com,9217645177,"04/53, Seth Road",Bangalore,MH,REJECTED,2026-03-02 11:51:22.462021
CUST001367,Nicholas,Sarraf,1977-05-03,ekantikagupta@example.net,0959284898,"729, Gupta",Mumbai,WB,REJECTED,2024-08-10 22:45:40.812404
CUST001368,Harinakshi,Sodhi,2002-05-09,gadeaadhya@example.org,9866398464,"73/983, Ramaswamy Path",Pune,MH,REJECTED,2023-06-23 04:43:53.003892
CUST001369,Idika,Deep,1991-10-26,sahasudiksha@example.com,2735334062,"340, Lala Zila",Chennai,GJ,VERIFIED,2025-10-01 17:36:40.352402
CUST001370,Kiaan,Chanda,1972-05-06,aadhyaoza@example.org,3628862335,"H.No. 55, Mohan Zila",Delhi,WB,VERIFIED,2025-05-04 14:45:22.789446
CUST001371,Bina,Din,1955-07-04,sibalharinakshi@example.com,4957421884,"15/12, Choudhry",Chennai,TS,PENDING,2023-06-06 15:13:34.573556
CUST001372,Nikita,Mahajan,1994-04-10,zayanram@example.com,9987247353,"H.No. 91, Khatri Path",Bangalore,WB,VERIFIED,2023-02-11 15:05:51.047080
CUST001373,Darsh,Shetty,1968-12-18,laljyoti@example.net,8347923057,"31/081, Krishnamurthy Street",Mumbai,MH,REJECTED,2025-12-23 17:36:08.944933
CUST001374,Charita,Khare,1993-09-17,tganguly@example.org,1460669610,"74/912, Venkataraman Zila",Hyderabad,TS,PENDING,2024-03-20 10:10:03.114407
CUST001375,Balhaar,Raju,1970-03-31,xbrahmbhatt@example.com,1590112502,"H.No. 402, Gandhi Chowk",Hyderabad,TS,REJECTED,2026-03-17 20:47:03.917945
CUST001376,Ojasvi,Vaidya,2006-06-04,isaiahgera@example.org,1498425079,"42/00, Mangal Zila",Hyderabad,GJ,VERIFIED,2024-10-25 23:04:21.593982
CUST001377,Anamika,Deshpande,1965-07-23,soniudant@example.com,3861595285,"H.No. 76, Suri Ganj",Mumbai,MH,PENDING,2022-12-18 21:51:04.291301
CUST001378,Yahvi,Garde,1985-01-10,oakdipta@example.com,9798367607,"39/48, Nadig Zila",Pune,KA,VERIFIED,2025-05-20 14:24:24.084092
CUST001379,Avni,Karpe,1983-09-06,haritasaraf@example.net,2858696609,"76/075, Garg Zila",Delhi,MH,VERIFIED,2022-08-25 22:53:20.100014
CUST001380,Gaurang,Tella,1967-07-05,qgandhi@example.org,4418024594,"H.No. 65, Nayar Ganj",Pune,DL,PENDING,2022-12-22 04:40:37.892543
CUST001381,Aradhana,Konda,1977-12-05,cnarayanan@example.com,5573748525,"84/679, Butala Nagar",Ahmedabad,GJ,VERIFIED,2023-04-01 22:35:56.681536
CUST001382,Ekta,Gara,2000-01-20,ngill@example.com,5239674999,"85/407, Bhargava Nagar",Mumbai,DL,VERIFIED,2025-03-20 13:28:11.113687
CUST001383,Gaurav,Oommen,1983-09-17,davebarkha@example.org,9575385139,"946, Muni Zila",Chennai,TN,REJECTED,2024-10-29 07:44:16.026893
CUST001384,Radha,Ganesh,1951-11-23,vaidyairya@example.org,6334611897,"826, Gulati Path",Hyderabad,WB,PENDING,2023-02-22 19:49:04.762588
CUST001385,Yashica,Barman,1967-04-09,srivastavafrederick@example.com,3330854418,"H.No. 209, Chahal Ganj",Delhi,KA,REJECTED,2025-03-19 14:48:18.892245
CUST001386,Chanakya,Dutt,1990-04-24,balaywridesh@example.com,6777736576,"H.No. 90, Krishna Ganj",Chennai,WB,VERIFIED,2023-07-04 00:17:21.273861
CUST001387,Yamini,Choudhry,1986-03-17,saksham51@example.org,2693955330,"33/135, Mukhopadhyay Zila",Kolkata,DL,VERIFIED,2026-02-26 18:23:52.844295
CUST001388,Zinal,Murty,1970-02-20,shettyarin@example.org,4062606741,"76/21, Mangal Marg",Ahmedabad,GJ,REJECTED,2026-06-13 01:45:16.753636
CUST001389,Yash,Kumer,1988-12-18,psetty@example.org,9406957252,"93/77, Dyal Zila",Mumbai,TS,PENDING,2024-11-01 11:51:23.786407
CUST001390,Pratyush,Yadav,1965-12-20,mitalishita@example.org,5991945644,"900, Bora Road",Hyderabad,MH,VERIFIED,2024-02-06 02:51:40.216398
CUST001391,Omkaar,Mitter,2001-04-07,itandon@example.com,4701897795,"09, Sampath Ganj",Chennai,MH,VERIFIED,2026-06-05 12:46:06.256597
CUST001392,Hemal,Basu,1993-09-20,bhandaridayita@example.net,7707346031,"H.No. 799, Chahal Street",Hyderabad,TS,VERIFIED,2024-07-20 21:36:30.580299
CUST001393,Amrita,Palla,1978-07-22,vinayapai@example.com,8328678515,"H.No. 57, Nair Zila",Bangalore,MH,PENDING,2024-02-22 00:07:41.395164
CUST001394,Ojasvi,Saha,1955-04-29,jsachdeva@example.net,0936364605,"61/133, Natt",Delhi,KA,PENDING,2024-01-23 14:52:34.256104
CUST001395,Raghav,Grover,1958-04-09,falan82@example.com,9619212697,"48/79, Rege Circle",Ahmedabad,GJ,VERIFIED,2024-04-04 21:54:06.462934
CUST001396,Frederick,Sandal,2004-07-21,palanneel@example.com,4369225916,"H.No. 274, Anne Marg",Hyderabad,WB,VERIFIED,2025-07-12 19:54:15.510685
CUST001397,Madhavi,Jani,2007-01-25,thakkarpavani@example.org,0855360622,"H.No. 67, Pandit Ganj",Pune,MH,VERIFIED,2023-01-24 20:33:08.177147
CUST001398,Kashvi,Raman,1986-08-11,ojas98@example.com,0400327303,"74/635, Karnik Street",Hyderabad,TS,REJECTED,2024-07-21 05:50:07.750054
CUST001399,Odika,Buch,1957-05-10,agastyakibe@example.net,6958621853,"17/79, Kadakia Nagar",Mumbai,TS,VERIFIED,2025-09-18 19:54:39.896522
CUST001400,Panini,Rajan,1973-06-09,emodi@example.org,3265984503,"29/403, Patel Chowk",Hyderabad,TN,VERIFIED,2025-02-16 21:40:21.010100
CUST001401,Rudra,Chokshi,1988-12-02,zashiloza@example.org,5671950305,"12, Narayan Marg",Kolkata,MH,VERIFIED,2023-06-28 13:25:33.568058
CUST001402,Brinda,Bora,1979-08-30,yashasvikhanna@example.net,0151497776,"16, Sastry Path",Bangalore,MH,PENDING,2023-03-24 18:20:03.056269
CUST001403,Hiral,Devan,1980-02-08,krishram@example.org,4902948494,"66, Khanna Zila",Ahmedabad,GJ,VERIFIED,2024-04-02 21:59:14.147784
CUST001404,Rajeshri,Oza,1986-11-25,bandigautam@example.net,9567832395,"H.No. 941, Sharaf Street",Pune,WB,REJECTED,2026-03-26 00:22:44.616735
CUST001405,Leela,Cherian,1983-03-23,victor60@example.net,8072020338,"H.No. 996, Sood Marg",Hyderabad,TS,REJECTED,2022-10-02 12:21:40.654554
CUST001406,Thomas,Savant,1960-02-20,iyengarsachi@example.org,4836567071,"57/439, Suresh Marg",Chennai,TS,VERIFIED,2024-04-23 22:07:25.018950
CUST001407,Eesha,Lad,1973-04-25,mjaggi@example.org,6490954688,"86/81, Dyal Nagar",Ahmedabad,KA,VERIFIED,2024-07-04 01:10:22.973783
CUST001408,Girindra,Deshpande,2006-10-02,pahalsaini@example.org,4780095804,"H.No. 597, Baria Nagar",Kolkata,WB,VERIFIED,2023-12-05 13:15:35.303503
CUST001409,Christopher,Banerjee,1976-10-10,aarini67@example.net,4743693908,"H.No. 985, Radhakrishnan",Bangalore,MH,VERIFIED,2022-09-25 04:40:38.216090
CUST001410,Theodore,Dhar,1956-12-18,pallachaaya@example.org,2511190359,"941, Murthy Street",Kolkata,TS,REJECTED,2024-07-31 22:40:41.463348
CUST001411,Balhaar,Kari,1994-09-24,yatinsem@example.net,7660628951,"97/83, Shenoy Circle",Bangalore,TS,PENDING,2024-11-04 16:26:25.042180
CUST001412,Robert,Bail,1981-04-04,nikitakhare@example.org,9702663820,"18/51, Kapoor Ganj",Mumbai,KA,VERIFIED,2023-10-03 22:53:53.105765
CUST001413,Henry,Brahmbhatt,1997-10-08,vbhalla@example.com,6771928892,"75/74, Parmar Nagar",Ahmedabad,TS,REJECTED,2025-11-12 00:01:25.595479
CUST001414,Quincy,Khanna,1990-01-17,kadakiaomisha@example.org,7787192497,"13, Manda Marg",Mumbai,WB,REJECTED,2024-08-09 01:25:26.244892
CUST001415,Oeshi,Sood,2005-08-13,girish45@example.org,5257448825,"18/511, Murty Zila",Kolkata,DL,VERIFIED,2024-11-21 02:22:28.827289
CUST001416,Vamakshi,Krish,1996-04-18,falan57@example.com,6705068098,"34/65, Goel Nagar",Kolkata,MH,PENDING,2025-07-07 12:24:27.735584
CUST001417,Ekaja,Upadhyay,2005-11-28,kotharichandani@example.net,6333892349,"05, Nadig Zila",Kolkata,DL,REJECTED,2025-08-10 06:31:10.383018
CUST001418,Geetika,Singhal,2000-02-13,nehahanda@example.net,3242716186,"47/623, Bakshi Chowk",Bangalore,WB,VERIFIED,2026-01-06 08:08:44.738995
CUST001419,Hemangini,Mallick,1977-11-13,agoyal@example.net,9319229412,"25, Krishna Ganj",Chennai,GJ,VERIFIED,2023-06-14 20:04:49.516869
CUST001420,Girish,Thaker,1971-07-17,jhalak41@example.net,5883140035,"826, Halder Chowk",Bangalore,TN,REJECTED,2026-01-12 00:21:02.163513
CUST001421,Chavvi,Andra,1968-07-07,xrai@example.com,6896213250,"56/43, Sarma Road",Kolkata,TN,VERIFIED,2023-11-29 15:20:29.756303
CUST001422,Parth,Kade,1951-10-22,janakisarna@example.org,6736316330,"H.No. 726, Varkey Street",Mumbai,MH,REJECTED,2024-02-23 19:24:25.216136
CUST001423,Warinder,Johal,1991-04-16,mmuni@example.org,7491163430,"63, Sankar Marg",Bangalore,MH,PENDING,2025-08-24 16:53:21.327109
CUST001424,Maanas,Viswanathan,1966-07-13,damini14@example.org,7962295110,"H.No. 066, Bhasin Nagar",Pune,DL,PENDING,2023-05-02 15:07:28.076881
CUST001425,Lopa,Ahuja,1967-10-23,chawlariya@example.com,3891624410,"H.No. 73, Borra Street",Delhi,KA,VERIFIED,2023-05-07 23:18:24.646647
CUST001426,Daksh,Goel,2003-06-25,michael38@example.net,5440711072,"305, Sandal Nagar",Kolkata,TN,VERIFIED,2024-04-26 17:32:33.283052
CUST001427,Girindra,Krishnan,1982-01-01,tristanissac@example.org,1479554129,"028, Bora Circle",Kolkata,DL,REJECTED,2024-05-01 05:38:30.662558
CUST001428,Pratyush,Batta,1980-02-26,liam17@example.com,1269625050,"91/394, Bhagat Ganj",Chennai,WB,VERIFIED,2024-01-11 18:56:11.052637
CUST001429,Om,Pau,1953-04-15,vidhikrishna@example.net,2383844037,"99/42, Parekh Circle",Kolkata,GJ,VERIFIED,2023-08-08 03:17:55.799311
CUST001430,Anirudh,Halder,1963-09-01,virknirja@example.net,1486329085,"87/159, Murty Nagar",Delhi,GJ,VERIFIED,2025-07-09 18:07:10.545154
CUST001431,Jeremiah,Kakar,1977-09-11,henrybhargava@example.net,7444793911,"00/345, Wable Marg",Chennai,DL,PENDING,2023-02-04 08:01:06.141397
CUST001432,Yamini,Malhotra,2003-09-21,rnarayan@example.com,7449666072,"H.No. 74, Divan Zila",Hyderabad,KA,VERIFIED,2025-04-18 01:54:38.508809
CUST001433,Hitesh,Agarwal,1961-10-27,yachanadube@example.com,8940439351,"57/75, Sani Street",Ahmedabad,TS,VERIFIED,2022-08-29 03:45:12.156302
CUST001434,Bimala,Behl,1963-03-21,saneronith@example.com,8175248135,"983, Kannan",Pune,WB,VERIFIED,2024-04-09 18:59:50.151682
CUST001435,Ishita,Khosla,1985-05-25,mekhalabarman@example.net,3298734011,"47/547, Sengupta Ganj",Mumbai,TS,PENDING,2022-09-04 22:40:38.863099
CUST001436,Balhaar,Majumdar,1994-10-05,sahnitara@example.net,9456597739,"40/573, Char Marg",Mumbai,KA,VERIFIED,2025-12-26 19:19:33.559328
CUST001437,Zilmil,Bahri,1967-08-24,tanejadipta@example.com,3072188771,"58, Golla Chowk",Ahmedabad,WB,VERIFIED,2026-03-31 16:14:24.618131
CUST001438,Yug,Morar,1994-11-24,balayaishani@example.net,7867126572,"12/78, Walla",Bangalore,TN,VERIFIED,2023-07-17 00:09:43.788227
CUST001439,Nitesh,Kuruvilla,1984-02-15,ravelatharv@example.net,1585537304,"H.No. 855, Raval",Delhi,KA,REJECTED,2024-08-16 19:12:38.898978
CUST001440,Anthony,Tailor,1998-04-14,qkumer@example.net,4400040756,"H.No. 640, Sunder Chowk",Mumbai,WB,PENDING,2026-06-08 23:28:07.339754
CUST001441,Nirja,Viswanathan,1993-08-02,yahvinarayanan@example.net,2734497992,"36/654, Peri Chowk",Chennai,MH,VERIFIED,2023-04-03 23:41:13.067011
CUST001442,Triya,Kohli,2006-01-03,dbhavsar@example.net,3925906771,"H.No. 174, Bahri Ganj",Ahmedabad,GJ,VERIFIED,2024-08-16 13:38:44.332655
CUST001443,Nakul,Palla,1972-07-01,batrachaaya@example.org,1667752707,"H.No. 763, Andra Path",Pune,TN,VERIFIED,2023-08-22 14:51:19.704170
CUST001444,Chakrika,Gokhale,2008-08-10,kdugar@example.net,4388176762,"54/316, Bhavsar Ganj",Mumbai,MH,REJECTED,2024-03-28 21:55:13.682059
CUST001445,Dayamai,Sama,1966-06-13,vdate@example.com,4678203690,"H.No. 261, Kurian Ganj",Hyderabad,MH,VERIFIED,2023-11-18 10:54:39.325567
CUST001446,Urishilla,Kara,1956-01-22,mohammedbhakta@example.net,6766540532,"43/53, Tella Street",Pune,MH,VERIFIED,2022-09-30 19:51:44.646334
CUST001447,Ethan,Shukla,1982-07-16,pauekansh@example.org,5732136788,"H.No. 26, Murty Zila",Bangalore,TN,PENDING,2025-07-21 06:07:34.219563
CUST001448,Ridhi,Apte,2008-03-21,jasmit70@example.com,9508687441,"25/869, Rastogi Street",Delhi,WB,PENDING,2023-02-06 02:03:28.185039
CUST001449,Raagini,Bakshi,1952-08-29,gaurikapal@example.org,1797519378,"H.No. 273, Krishnamurthy Road",Pune,MH,VERIFIED,2023-08-07 08:12:53.967380
CUST001450,Gaurika,Wagle,1988-02-14,tailorpallavi@example.net,1346164615,"224, Baral Chowk",Bangalore,TN,REJECTED,2025-10-17 17:14:03.363550
CUST001451,Yashvi,Chandran,2007-06-27,chhabraanamika@example.net,2971988408,"H.No. 81, Ratti Street",Delhi,DL,VERIFIED,2025-07-15 14:24:01.278286
CUST001452,Vinaya,Krish,1951-02-10,vermaandrew@example.com,5808140334,"05/635, Sankaran Circle",Pune,MH,PENDING,2024-08-26 00:12:59.851444
CUST001453,Baljiwan,Gour,2006-05-24,ekapadchatterjee@example.com,9460212467,"598, Ranganathan Ganj",Kolkata,MH,VERIFIED,2025-10-22 04:31:22.384419
CUST001454,Charan,Shankar,1998-02-02,yashodhara84@example.net,9126092033,"57, Saini Zila",Hyderabad,WB,REJECTED,2025-09-04 22:04:07.036910
CUST001455,Vritti,Vala,1987-04-09,arinmangal@example.net,0438964164,"953, Datta Street",Bangalore,KA,REJECTED,2024-02-29 17:38:49.350954
CUST001456,Arin,Sodhi,2008-05-29,vrinda64@example.org,6139557458,"58/393, Bansal Road",Chennai,DL,VERIFIED,2025-12-13 15:34:40.842694
CUST001457,Jyoti,Madan,1987-05-17,lohit78@example.net,9881920696,"596, Shanker Street",Chennai,TN,PENDING,2024-08-29 22:43:11.826150
CUST001458,Nihal,Dewan,1964-07-20,fitanghosh@example.com,3418399557,"01/77, Bala Zila",Kolkata,GJ,VERIFIED,2024-05-03 21:51:44.408411
CUST001459,Chaman,Patil,2000-12-12,deollibni@example.net,4735341439,"186, Sidhu Marg",Delhi,GJ,PENDING,2024-04-12 07:24:33.769267
CUST001460,Chandresh,Samra,1975-02-09,ekurian@example.com,0110408384,"01, Sekhon Circle",Mumbai,GJ,VERIFIED,2025-12-27 13:34:13.648663
CUST001461,Vamakshi,Pal,1988-01-02,barkhadhar@example.org,3939224257,"45, Nori Chowk",Chennai,KA,PENDING,2024-06-20 09:31:00.680305
CUST001462,Hredhaan,Verma,1981-02-10,rachit11@example.com,6036383968,"047, Koshy Path",Pune,MH,VERIFIED,2022-10-27 03:25:22.199874
CUST001463,Yahvi,Mukhopadhyay,1976-07-24,ybhalla@example.net,9285320254,"46/77, Bir Circle",Kolkata,DL,REJECTED,2024-01-28 21:57:51.008499
CUST001464,Zansi,Saraf,1963-02-12,obrar@example.net,9459211857,"H.No. 947, Talwar Ganj",Mumbai,TN,VERIFIED,2024-09-01 10:27:10.894961
CUST001465,Pahal,Devan,1973-11-21,yashasviraghavan@example.com,9977917822,"H.No. 014, Thaman Street",Chennai,KA,PENDING,2024-07-17 01:40:40.363593
CUST001466,Omaja,Bhardwaj,1973-07-19,frederick57@example.com,1490967108,"72/42, Sule Street",Delhi,KA,REJECTED,2025-10-31 16:30:34.082549
CUST001467,Chaaya,Ramesh,1975-03-13,chamelivarty@example.org,5171972512,"H.No. 36, Prakash Chowk",Hyderabad,GJ,VERIFIED,2025-12-29 02:04:42.803623
CUST001468,Veda,Tank,1976-05-26,kalpit65@example.net,5031049791,"H.No. 280, Chada Marg",Delhi,MH,REJECTED,2025-04-12 05:31:04.964879
CUST001469,Balendra,Srivastava,1999-06-28,tramaswamy@example.com,4721712435,"03/253, Prabhu Marg",Chennai,TS,VERIFIED,2026-04-26 05:31:44.675848
CUST001470,Janani,Nanda,1981-06-27,nsuri@example.com,7810728394,"12/614, Jayaraman",Ahmedabad,MH,VERIFIED,2025-06-07 22:01:46.936069
CUST001471,Warjas,Chhabra,1995-05-07,cgoda@example.com,4439095195,"H.No. 636, Dalal Street",Pune,TN,VERIFIED,2025-03-15 16:19:54.043526
CUST001472,Chatura,Parmer,1990-01-01,dlad@example.com,0481135373,"29, Ramanathan Path",Pune,MH,VERIFIED,2025-09-26 16:38:56.111605
CUST001473,Upasna,Bhat,1970-01-15,zansi99@example.net,7129969915,"H.No. 029, Kalla Ganj",Delhi,TS,VERIFIED,2024-05-11 04:10:35.392468
CUST001474,Henry,Kala,2007-07-05,kupadhyay@example.org,4602136884,"H.No. 291, Lata Circle",Bangalore,KA,PENDING,2025-09-02 22:08:48.636327
CUST001475,Kavya,Bhatnagar,1992-07-13,odika17@example.com,5892235528,"30, Divan Street",Mumbai,MH,PENDING,2023-04-23 20:11:14.882563
CUST001476,Peter,Kapoor,1996-11-17,maanas87@example.net,1535964726,"45, Bandi Path",Delhi,DL,PENDING,2024-10-10 05:51:12.294563
CUST001477,Matthew,Venkatesh,1964-11-11,dasira@example.net,8808756450,"H.No. 80, Agarwal Zila",Chennai,GJ,VERIFIED,2024-05-31 11:23:25.946153
CUST001478,Osha,Sur,1985-02-11,zehaan76@example.org,7886636465,"74, Rege",Chennai,WB,VERIFIED,2024-10-31 19:32:28.290792
CUST001479,Rushil,Srinivasan,1984-02-09,nachiketsani@example.org,9150237438,"H.No. 521, Mann",Hyderabad,MH,REJECTED,2026-06-13 10:45:27.098429
CUST001480,Aarush,Krishnan,1978-01-29,nbala@example.com,2914597736,"19/81, Misra Chowk",Kolkata,GJ,REJECTED,2022-09-01 00:12:11.180849
CUST001481,Vincent,Ramachandran,1975-11-29,ridhiwadhwa@example.net,8748955713,"H.No. 49, Bhattacharyya Marg",Mumbai,DL,PENDING,2024-07-13 04:02:51.834589
CUST001482,Xavier,Nagarajan,1961-02-18,ekrishna@example.com,4372123848,"H.No. 918, Venkataraman",Hyderabad,GJ,VERIFIED,2026-03-26 09:22:39.595571
CUST001483,Kashvi,Tailor,1985-01-01,jonathangrover@example.net,0059054517,"H.No. 05, Bhavsar",Ahmedabad,DL,VERIFIED,2024-06-20 19:47:59.591958
CUST001484,Aradhana,Mitter,2004-04-24,nilima27@example.org,3933065335,"H.No. 98, Randhawa Nagar",Mumbai,MH,PENDING,2024-11-14 14:37:42.310435
CUST001485,Naksh,Thakur,1961-05-31,ravalaadi@example.net,8757882737,"39, Kota Circle",Bangalore,DL,VERIFIED,2026-07-17 00:37:49.506612
CUST001486,Lekha,Sabharwal,1952-03-17,gtara@example.com,0044507296,"H.No. 793, Divan Street",Chennai,TS,REJECTED,2026-01-12 03:42:50.436324
CUST001487,Manbir,Sen,1980-08-09,bimala63@example.org,9415671177,"458, Sharma Zila",Chennai,MH,VERIFIED,2024-03-20 19:04:45.346617
CUST001488,Yashawini,Tella,1968-04-09,tnarayan@example.com,8053659726,"H.No. 705, Gupta Zila",Ahmedabad,DL,VERIFIED,2025-04-05 04:38:59.192230
CUST001489,Nilima,Sagar,1976-08-22,davehredhaan@example.com,8387027853,"H.No. 492, Chad Road",Hyderabad,GJ,PENDING,2025-12-20 20:30:51.465779
CUST001490,Harshil,Srinivas,1964-08-17,khanda@example.org,8306848368,"866, Sachdev Path",Pune,WB,VERIFIED,2023-07-04 06:21:30.082631
CUST001491,Mohini,Soman,1978-07-07,ishani73@example.net,4105772504,"H.No. 855, Sem Circle",Delhi,WB,VERIFIED,2022-10-24 07:38:38.924949
CUST001492,Hema,Sundaram,1979-11-09,urmi20@example.net,2410415074,"08, Sangha Zila",Ahmedabad,TS,REJECTED,2023-03-24 00:40:44.414428
CUST001493,Ishwar,Chadha,1970-07-17,lavanya61@example.org,0475000458,"706, Barad",Hyderabad,MH,VERIFIED,2025-08-20 11:11:56.746183
CUST001494,Leena,Mukherjee,1985-11-01,wyatt56@example.net,8036383647,"H.No. 81, Barad Chowk",Chennai,MH,REJECTED,2026-04-06 21:17:02.460119
CUST001495,Timothy,Keer,1970-11-25,qarin44@example.net,6390004539,"25, Mitra Zila",Kolkata,WB,VERIFIED,2024-09-07 09:19:28.831137
CUST001496,Krisha,Choudhary,1993-06-24,thakkarsara@example.org,7098166881,"91, Char Street",Hyderabad,TS,PENDING,2022-09-03 06:12:17.910158
CUST001497,Harrison,Raj,1965-04-08,nilima62@example.com,3125361276,"295, More Chowk",Mumbai,TS,PENDING,2024-01-23 15:51:46.420206
CUST001498,Januja,Barad,1982-11-04,ddar@example.org,1571604261,"50, Lala Road",Ahmedabad,TS,REJECTED,2024-07-18 07:26:46.932720
CUST001499,Kala,Goyal,1975-07-31,hemani82@example.net,9454191378,"20, Gulati",Delhi,GJ,VERIFIED,2025-08-19 19:12:50.000917
CUST001500,Rehaan,Sawhney,1964-12-05,vnanda@example.org,2760741464,"13/534, Nanda Street",Chennai,MH,PENDING,2025-10-22 12:16:37.664890
CUST001501,Lekha,Chadha,1982-12-08,qushidua@example.org,8415510954,"H.No. 05, Thakur Marg",Bangalore,TS,VERIFIED,2024-01-07 01:02:56.890542
CUST001502,Yashvi,Mahal,1988-03-03,agastyasarna@example.org,1263340293,"672, Kota Chowk",Pune,TN,PENDING,2025-02-18 10:14:29.924489
CUST001503,Nimrat,Dass,1976-08-30,ssarna@example.com,8819468774,"H.No. 99, Bora Ganj",Bangalore,GJ,VERIFIED,2023-08-03 12:38:32.823209
CUST001504,Vrinda,Pal,1987-08-04,udugar@example.com,8490536678,"H.No. 613, Sule Zila",Chennai,DL,VERIFIED,2023-06-03 14:00:47.295893
CUST001505,Alexander,Om,1964-09-28,johaltimothy@example.org,1518016648,"801, Kapadia",Chennai,DL,VERIFIED,2024-05-24 19:02:44.050396
CUST001506,Jasmit,Hari,1954-10-21,anya39@example.com,5734159106,"365, Mann Nagar",Kolkata,KA,VERIFIED,2024-08-05 03:02:17.091481
CUST001507,Lohit,Roy,2003-07-30,lukemukhopadhyay@example.com,2518261350,"40/15, Taneja Chowk",Pune,TS,VERIFIED,2024-03-09 22:38:35.244846
CUST001508,Andrew,Rana,1958-07-08,baradvanya@example.net,2686650836,"H.No. 407, Sinha Ganj",Delhi,DL,REJECTED,2026-04-01 16:50:32.104761
CUST001509,Chatura,Vora,1990-05-31,rbutala@example.org,3909200562,"24/748, Sen Path",Ahmedabad,GJ,VERIFIED,2026-06-30 00:09:56.973434
CUST001510,Onveer,Bhatnagar,1964-01-12,ikari@example.org,2293229725,"38/47, Manne Path",Kolkata,TN,PENDING,2025-01-28 02:08:24.141630
CUST001511,Frederick,Toor,1981-10-11,jalsa94@example.com,0792463669,"H.No. 50, Nayar Road",Hyderabad,TS,VERIFIED,2023-07-21 11:29:31.387995
CUST001512,Waida,Patel,1952-11-15,cshetty@example.net,3172113598,"156, Salvi",Kolkata,WB,VERIFIED,2024-10-06 06:15:45.953067
CUST001513,Jack,Bava,1955-06-20,fbalasubramanian@example.net,3520622609,"663, Dada Ganj",Bangalore,TS,VERIFIED,2023-09-02 06:57:13.181879
CUST001514,Brinda,Ben,2003-01-27,ranveercheema@example.org,7171994574,"H.No. 819, Ahluwalia Nagar",Pune,DL,VERIFIED,2024-02-13 03:09:59.578839
CUST001515,Gaurangi,Sachar,1995-05-16,ishitadugar@example.com,5951763524,"28/671, Ranganathan Nagar",Chennai,TN,REJECTED,2025-12-05 18:11:03.947780
CUST001516,Pallavi,Bains,1960-05-28,reyanshperi@example.com,7414905717,"79/975, Ramesh Street",Kolkata,TN,PENDING,2024-04-03 07:40:51.523462
CUST001517,Diya,Vyas,1977-07-30,rattanzaid@example.org,1511142412,"H.No. 67, Borde Ganj",Delhi,GJ,PENDING,2026-06-29 03:14:00.214261
CUST001518,Samar,Sawhney,1954-12-11,flalla@example.net,6695450857,"H.No. 176, Shenoy Zila",Hyderabad,TS,VERIFIED,2026-03-21 08:45:36.076755
CUST001519,Hemang,Jhaveri,1988-05-06,comarhemang@example.net,7383181720,"H.No. 64, Balasubramanian Nagar",Hyderabad,MH,VERIFIED,2022-09-29 23:47:09.840438
CUST001520,Devansh,Nadig,1967-06-30,mohinibhandari@example.net,8241164342,"54, Sarin Marg",Bangalore,MH,VERIFIED,2022-11-18 16:19:17.082277
CUST001521,Madhav,Date,1963-11-26,sandalchaaya@example.org,1684603895,"466, Din Path",Kolkata,KA,VERIFIED,2023-03-14 08:41:56.911775
CUST001522,Warhi,Mangat,1975-04-07,raghav31@example.com,9506054113,"63/107, Bath Circle",Bangalore,GJ,REJECTED,2022-11-20 01:55:04.608980
CUST001523,Priya,Nagi,1976-11-24,hbera@example.net,0415447473,"97/369, Banerjee Chowk",Mumbai,MH,PENDING,2025-02-18 22:39:55.011638
CUST001524,Pooja,Thakkar,1995-05-24,jananikhurana@example.org,5040937011,"97/40, Parmer",Bangalore,KA,VERIFIED,2022-12-31 19:00:13.528722
CUST001525,Ansh,Narang,1992-08-21,bachittar95@example.com,8184726680,"H.No. 16, Chana Zila",Hyderabad,KA,PENDING,2023-04-18 15:32:02.608651
CUST001526,Amruta,Banik,1997-10-03,vgoel@example.com,8806831121,"22/33, Goyal Zila",Chennai,MH,VERIFIED,2024-12-20 15:11:46.457854
CUST001527,Vedika,Tara,1958-07-30,kalazilmil@example.com,1627141342,"573, Kumar Chowk",Chennai,GJ,VERIFIED,2023-12-03 20:19:00.996258
CUST001528,Harrison,More,1992-07-13,krishnanqasim@example.org,9374158719,"H.No. 592, Kara Path",Hyderabad,TS,VERIFIED,2023-05-04 00:35:26.412640
CUST001529,Aarnav,Patla,1971-06-13,mtalwar@example.net,6427379572,"12/921, Nagi Ganj",Mumbai,DL,VERIFIED,2026-05-13 08:00:28.145365
CUST001530,Ethan,Khatri,1988-08-27,chhabraayushman@example.com,3502469484,"22/320, Sule Circle",Ahmedabad,GJ,REJECTED,2023-01-14 22:38:26.112201
CUST001531,Ekanta,Som,1954-01-24,sarthak91@example.org,0858783792,"82/260, Ahuja Circle",Chennai,GJ,VERIFIED,2025-09-16 09:43:14.161021
CUST001532,Shaurya,Sekhon,1954-07-21,katafalan@example.com,4988380374,"H.No. 337, Krishna Nagar",Hyderabad,GJ,REJECTED,2025-01-18 21:18:04.899554
CUST001533,Meghana,Gara,1968-05-22,dhriti40@example.com,0053558823,"08/29, Varughese Ganj",Kolkata,TN,VERIFIED,2024-11-19 04:52:48.372806
CUST001534,Dalbir,Deshpande,1992-12-03,vyanjana79@example.net,5875371564,"07/066, Tak Marg",Ahmedabad,MH,VERIFIED,2026-07-09 17:29:10.566637
CUST001535,Neelima,Kala,1995-01-13,gautamchaudhry@example.net,6119553093,"H.No. 03, Tailor Chowk",Ahmedabad,TN,VERIFIED,2022-11-14 16:15:00.457066
CUST001536,Unnati,Anand,1995-07-10,vedikakakar@example.org,1892004582,"24, Misra Chowk",Kolkata,TN,VERIFIED,2025-01-26 18:07:14.439509
CUST001537,Raagini,Madan,2004-09-01,mananparsa@example.com,6529905367,"20, Pai",Chennai,MH,VERIFIED,2023-02-17 07:10:45.828658
CUST001538,Arin,Kaur,1968-10-30,advay81@example.net,8445657817,"H.No. 40, Chad Path",Hyderabad,DL,VERIFIED,2024-07-01 17:11:04.311402
CUST001539,Kala,Nanda,1974-12-25,aditya92@example.org,6759930013,"H.No. 80, Srinivas Marg",Ahmedabad,MH,PENDING,2026-06-12 23:42:06.570120
CUST001540,Ekbal,Kumar,1996-01-26,rachita54@example.net,0000400464,"83, Wason Road",Ahmedabad,TN,VERIFIED,2022-09-15 22:27:33.990362
CUST001541,Indali,Garde,1971-08-02,mandalucky@example.com,6257601380,"H.No. 812, Rajagopalan Zila",Kolkata,TN,REJECTED,2025-10-21 06:53:07.586476
CUST001542,Kashish,Bhasin,1982-12-06,pillaiforum@example.net,4315071741,"63/103, Kota Street",Pune,MH,REJECTED,2024-01-06 14:08:08.680066
CUST001543,Tara,Ratti,1977-12-30,janakimohanty@example.com,6844469645,"41/832, Bhavsar Circle",Delhi,MH,PENDING,2023-02-09 15:49:05.722569
CUST001544,Wyatt,Sawhney,1987-05-01,arya79@example.net,9759144894,"58, Ravel Road",Kolkata,WB,VERIFIED,2026-01-10 23:16:24.056973
CUST001545,Mohammed,Mann,1983-02-18,pbadami@example.com,7676497378,"519, Yogi Zila",Hyderabad,WB,PENDING,2023-07-21 08:09:47.421057
CUST001546,Pallavi,Date,1999-09-27,cmohan@example.com,6660919193,"599, Chowdhury Ganj",Pune,TN,VERIFIED,2024-05-31 01:56:49.388672
CUST001547,Watika,Aurora,1981-06-05,osha75@example.net,0563967044,"H.No. 05, Sidhu Chowk",Kolkata,MH,REJECTED,2024-05-22 03:09:54.591412
CUST001548,Christopher,Deshmukh,2006-11-06,chadajagvi@example.com,4940998575,"44, Luthra Circle",Chennai,TN,REJECTED,2026-05-02 08:09:15.479680
CUST001549,Gayathri,Solanki,1973-04-10,pkade@example.com,2050953072,"69, Tripathi Path",Chennai,WB,VERIFIED,2024-01-12 08:37:45.172848
CUST001550,Widisha,Bhasin,2005-07-18,nakul66@example.org,6698027644,"500, Rao Chowk",Bangalore,TS,VERIFIED,2026-01-30 21:23:20.509122
CUST001551,Rachana,Pant,1963-08-15,rsibal@example.net,2471649191,"H.No. 725, Goda",Chennai,KA,PENDING,2025-10-10 04:21:25.755311
CUST001552,Hardik,Rama,1985-10-21,prisha97@example.net,7982307008,"90/237, Kata Road",Ahmedabad,TN,REJECTED,2023-12-25 05:34:00.087752
CUST001553,Rachana,Gill,1994-08-03,baghyawati18@example.org,6959911294,"H.No. 182, Shere Circle",Ahmedabad,MH,VERIFIED,2023-05-01 02:14:57.019574
CUST001554,Girindra,Lall,1975-11-03,ikshita11@example.net,0339059666,"43/83, Parikh Chowk",Mumbai,TS,VERIFIED,2026-07-11 06:01:56.215405
CUST001555,Bhavini,Dutt,1981-05-13,lekha37@example.net,3485030277,"H.No. 625, Narayan Nagar",Mumbai,TS,VERIFIED,2026-01-30 14:34:13.007795
CUST001556,Nakul,Samra,1976-05-09,arunimamody@example.net,7268779388,"867, Toor Street",Chennai,TN,VERIFIED,2024-01-06 00:16:27.125877
CUST001557,Aarini,Tank,1996-05-12,dchacko@example.com,7629696524,"H.No. 802, Mangal Nagar",Ahmedabad,MH,VERIFIED,2024-07-17 07:45:50.804138
CUST001558,Faras,Anand,1977-04-28,biswaskrish@example.net,3370265781,"H.No. 50, Kadakia Zila",Bangalore,TS,VERIFIED,2022-09-17 11:38:53.034756
CUST001559,Dev,Buch,1952-05-22,naikyasti@example.com,6731370017,"56, Tata Nagar",Ahmedabad,MH,VERIFIED,2024-01-31 02:20:56.220137
CUST001560,Abeer,Goyal,2005-05-14,dkala@example.org,9701014926,"400, Brahmbhatt Marg",Kolkata,TN,PENDING,2026-07-19 00:29:35.083645
CUST001561,Lakshmi,Natt,1966-04-15,drau@example.org,1435804711,"H.No. 01, Kibe Path",Delhi,GJ,VERIFIED,2023-06-14 06:17:08.216380
CUST001562,Isaiah,Narang,1986-01-31,jbhardwaj@example.com,9347796605,"575, Mahajan Nagar",Delhi,KA,VERIFIED,2026-03-31 23:29:10.742258
CUST001563,Dayita,Rattan,2000-10-18,ramadya@example.net,1754182771,"05, Bail Circle",Mumbai,TN,PENDING,2023-04-18 15:09:22.633305
CUST001564,Xalak,Narayanan,1971-03-04,jbasak@example.org,7865044414,"670, Yohannan Circle",Bangalore,GJ,VERIFIED,2026-05-06 01:47:40.075166
CUST001565,Hiral,Bassi,1954-05-22,karanraksha@example.net,2684970424,"H.No. 20, Raja Chowk",Pune,TN,PENDING,2022-11-14 07:00:59.812831
CUST001566,Farhan,Sarna,1988-07-11,sanghvifaras@example.com,6597239766,"H.No. 715, Balakrishnan Nagar",Mumbai,KA,VERIFIED,2025-03-20 06:23:17.351234
CUST001567,Rachana,Atwal,1955-04-16,wpall@example.org,0778428455,"70, Sangha Marg",Kolkata,GJ,VERIFIED,2025-10-02 09:43:52.767325
CUST001568,George,Dutta,1996-12-08,virajmistry@example.net,4309215272,"674, Viswanathan Nagar",Mumbai,MH,PENDING,2024-07-18 01:19:00.596676
CUST001569,Harsh,Garde,1990-06-23,paiamrita@example.com,6988012256,"10, Zacharia Circle",Bangalore,MH,PENDING,2025-04-15 14:28:01.687678
CUST001570,Ishita,Swaminathan,1998-05-31,boasenetra@example.net,0637035595,"76, Sarin Zila",Kolkata,TN,VERIFIED,2022-10-13 09:44:24.663763
CUST001571,Max,Ravi,2001-06-09,mekhala36@example.org,5368732092,"H.No. 806, Loyal",Hyderabad,MH,REJECTED,2025-05-24 19:52:03.602621
CUST001572,Reva,Sheth,1998-02-26,ichatterjee@example.org,1000665848,"H.No. 046, Kar Nagar",Bangalore,TN,PENDING,2022-09-14 20:14:15.281121
CUST001573,Dhriti,Sachdeva,1950-09-15,ybarad@example.com,7590447905,"02, Wagle Chowk",Chennai,MH,VERIFIED,2025-05-19 12:08:27.862833
CUST001574,Nathaniel,Shah,1975-04-23,ishaan30@example.net,5019857547,"42/74, Raja Nagar",Mumbai,MH,VERIFIED,2024-11-22 04:33:10.225574
CUST001575,Nitesh,Thaker,1969-07-05,saxenanihal@example.com,3205285155,"471, Sarma Zila",Pune,WB,VERIFIED,2023-04-05 10:15:24.334365
CUST001576,Urvi,Pai,1951-05-31,jason39@example.net,8418051412,"04/515, Kala Marg",Mumbai,TS,VERIFIED,2024-10-18 17:09:21.485487
CUST001577,Mitesh,Solanki,1974-03-31,lavanyalanka@example.com,8793092523,"H.No. 63, Bath Marg",Bangalore,WB,VERIFIED,2023-06-25 01:41:26.959601
CUST001578,Manthan,Mitra,1998-09-27,janivansha@example.org,9125819366,"H.No. 36, Hayer Path",Mumbai,MH,REJECTED,2024-05-08 16:48:33.013478
CUST001579,Damini,Murty,1990-10-28,kashish68@example.org,0895146318,"33, Dave Nagar",Ahmedabad,TS,VERIFIED,2022-12-17 20:27:49.770366
CUST001580,Avni,Dugal,1997-08-21,wrideshkapadia@example.net,1960250927,"H.No. 38, Raghavan Marg",Bangalore,MH,VERIFIED,2023-05-30 14:35:34.556846
CUST001581,Chavvi,Sibal,1952-12-15,ydua@example.org,7578966368,"808, Din Circle",Ahmedabad,KA,REJECTED,2024-04-24 02:37:22.130872
CUST001582,Caleb,Sharma,1952-05-05,chaitalyshetty@example.com,7518621098,"28/16, Ram Circle",Delhi,MH,VERIFIED,2023-06-03 13:47:15.551618
CUST001583,Kritika,Rastogi,2000-02-19,duttavidhi@example.net,4252846580,"22/41, Shan",Delhi,TS,REJECTED,2022-09-04 17:30:00.091194
CUST001584,Saanvi,Anand,1963-03-19,bhatiasimon@example.com,9854487890,"H.No. 65, Purohit Circle",Bangalore,TS,PENDING,2026-07-11 02:51:02.614570
CUST001585,Tanvi,Deshmukh,1973-01-26,harishkalita@example.org,6664059974,"80/378, Natt Street",Pune,DL,REJECTED,2026-03-25 03:06:48.723534
CUST001586,Wridesh,Sarna,1956-10-31,hvora@example.com,4155781373,"56, Madan Street",Delhi,GJ,VERIFIED,2025-05-25 21:51:23.649137
CUST001587,Anya,Krishnan,1964-11-29,tanejanathan@example.com,0597662084,"64/015, Sen Chowk",Mumbai,WB,VERIFIED,2024-07-07 03:16:13.482722
CUST001588,Libni,Dewan,1957-05-29,qvaidya@example.com,5255424586,"90/72, Salvi Street",Hyderabad,TN,VERIFIED,2023-10-14 17:34:58.656635
CUST001589,Anika,Bassi,1975-10-09,chaudharydipta@example.com,3827386883,"98/62, Parmar Street",Ahmedabad,GJ,REJECTED,2024-06-25 06:24:14.853220
CUST001590,Zayyan,Sampath,1988-04-13,kgrover@example.com,1035657480,"14/926, Srivastava Street",Chennai,GJ,VERIFIED,2025-03-02 06:49:15.796103
CUST001591,Jasmit,Agrawal,1988-03-09,benfaras@example.org,6460961490,"16/65, Naidu",Hyderabad,DL,VERIFIED,2023-07-17 07:33:14.230150
CUST001592,Deepa,Kothari,1952-11-16,somzilmil@example.com,2742052258,"H.No. 732, Sabharwal Zila",Ahmedabad,TN,REJECTED,2023-11-04 15:05:56.740553
CUST001593,Kashvi,Ratta,1983-08-31,bathsara@example.org,1171340250,"764, Mukherjee Ganj",Hyderabad,KA,REJECTED,2026-07-08 21:38:41.737120
CUST001594,Damini,Sachdev,1970-04-05,dparekh@example.com,4774116028,"88/755, Tak",Hyderabad,GJ,VERIFIED,2025-11-22 05:25:26.395112
CUST001595,Rachit,Bhargava,1965-09-24,padmanabhanekantika@example.org,3016430329,"43/329, Pai Road",Chennai,DL,PENDING,2026-04-01 10:17:22.932648
CUST001596,Priya,Tara,1990-11-03,chatura47@example.com,4649728341,"10/099, Manne Chowk",Mumbai,WB,VERIFIED,2025-04-17 08:52:46.225079
CUST001597,Oscar,Trivedi,1960-03-15,dominicraghavan@example.net,2128265859,"91/05, Singh Path",Mumbai,DL,REJECTED,2023-10-10 19:38:41.218899
CUST001598,Gaurang,Pathak,1995-02-13,veer45@example.com,1234344070,"H.No. 395, Master",Pune,DL,VERIFIED,2024-11-03 07:21:21.109559
CUST001599,Shivani,Zacharia,1994-02-07,eshana90@example.net,3128211126,"H.No. 44, Tiwari Chowk",Kolkata,MH,REJECTED,2023-07-27 02:18:24.957705
CUST001600,Ucchal,Shah,1953-08-21,pingleayaan@example.com,9506263276,"57, Aggarwal Street",Ahmedabad,TS,REJECTED,2024-12-01 17:46:03.995513
CUST001601,Warhi,Vohra,1953-09-05,ebaria@example.net,7987752399,"18/45, Loyal Road",Chennai,DL,PENDING,2026-05-21 03:28:31.991675
CUST001602,Udarsh,Tripathi,2003-09-03,hdube@example.org,2901651599,"87, Patel Zila",Delhi,KA,VERIFIED,2023-01-20 14:39:30.094085
CUST001603,Udarsh,Hans,2006-05-19,sehgalvedant@example.org,4756196176,"H.No. 002, Wadhwa Chowk",Bangalore,MH,VERIFIED,2025-02-24 09:22:45.429468
CUST001604,Ishanvi,Vig,1989-07-05,xbhalla@example.org,1253806319,"93, Sibal Street",Hyderabad,MH,VERIFIED,2024-04-17 12:57:44.852723
CUST001605,Oliver,Tank,1967-04-11,lgrover@example.com,5311524387,"93, Mukherjee Zila",Bangalore,GJ,VERIFIED,2025-02-11 09:25:15.418873
CUST001606,Chandani,Krishnamurthy,1988-07-27,ishwar99@example.com,5962438409,"H.No. 73, Wable Marg",Bangalore,MH,REJECTED,2026-01-02 19:39:35.758732
CUST001607,Sai,Bhargava,1969-03-21,dugalikshita@example.org,0318672075,"56/619, Rau Marg",Kolkata,GJ,REJECTED,2023-12-06 20:04:44.200630
CUST001608,Krisha,Andra,2006-10-24,chatura43@example.com,1026557647,"73/297, Mitra Chowk",Chennai,MH,VERIFIED,2025-06-26 14:52:31.735175
CUST001609,Daniel,Nazareth,1950-10-15,ansh23@example.org,9462147061,"053, Gala Road",Pune,KA,VERIFIED,2022-12-17 05:02:39.399932
CUST001610,Aadi,Swaminathan,1991-10-10,sahnimanthan@example.net,0961507106,"670, Bhargava Path",Pune,GJ,VERIFIED,2024-10-04 20:31:46.188620
CUST001611,Jagdish,Sharma,1988-09-24,msavant@example.com,1994670996,"61/22, Vaidya",Ahmedabad,MH,VERIFIED,2023-09-08 19:17:20.635465
CUST001612,Yochana,Suri,1982-01-05,upasna79@example.net,4375968686,"30/097, Nair Zila",Kolkata,DL,VERIFIED,2023-06-28 23:03:06.088584
CUST001613,Gaurangi,Pant,1951-07-23,tarakrajagopalan@example.com,1156781408,"49, Khatri Zila",Chennai,MH,VERIFIED,2023-08-22 20:17:52.081704
CUST001614,Osha,Nanda,1953-11-16,oliver31@example.com,3781319151,"00/47, Bava",Chennai,KA,VERIFIED,2024-05-23 15:25:38.099358
CUST001615,Dalaja,Manda,1985-05-04,palandhruv@example.com,9394278911,"H.No. 986, Sami Nagar",Bangalore,KA,VERIFIED,2023-10-28 09:56:51.347223
CUST001616,Elijah,Manne,1968-07-06,sanghvipooja@example.net,1177294206,"H.No. 85, Dube Circle",Kolkata,MH,VERIFIED,2025-11-14 19:24:06.184534
CUST001617,Advay,Kumer,1986-10-08,tsundaram@example.net,7240030315,"59, Saran Circle",Pune,TS,REJECTED,2023-09-24 10:52:32.736059
CUST001618,Max,Mukherjee,1986-01-21,qsaini@example.net,9495832519,"633, Desai Road",Kolkata,KA,REJECTED,2023-05-01 09:55:09.421918
CUST001619,Saanvi,Sunder,1991-01-29,ibhakta@example.com,2682395543,"H.No. 380, Dara Zila",Delhi,GJ,PENDING,2026-06-26 16:12:51.894301
CUST001620,Harinakshi,Sood,1974-02-22,harish51@example.org,5323750839,"H.No. 25, Kannan Street",Bangalore,TS,VERIFIED,2023-11-10 23:42:56.361001
CUST001621,Wahab,Krishnamurthy,1991-02-26,jayaramanikshita@example.net,9656280733,"45/580, Vasa Road",Kolkata,DL,VERIFIED,2023-03-18 05:53:07.619573
CUST001622,Brinda,Barman,1978-03-26,zilmilraghavan@example.org,5872937062,"08, Pillai Nagar",Ahmedabad,DL,VERIFIED,2023-04-20 20:23:24.124489
CUST001623,Kiaan,Deshpande,1974-11-17,fitanrege@example.com,0115327034,"H.No. 68, Sama Circle",Delhi,DL,PENDING,2024-01-05 09:09:29.457306
CUST001624,Vinaya,Chakraborty,1964-05-04,eyogi@example.org,5382898122,"53, Ramachandran Chowk",Kolkata,DL,REJECTED,2023-06-18 07:24:15.381372
CUST001625,Bhavya,Natarajan,1957-03-25,leela22@example.org,8346442996,"18, Basu Marg",Pune,MH,PENDING,2023-09-09 17:05:46.458228
CUST001626,Rachana,Jain,1985-09-25,harini10@example.com,8292162986,"57/10, Sama Ganj",Chennai,DL,PENDING,2026-03-22 02:39:55.589971
CUST001627,Advik,Parsa,1972-06-22,ojasvi25@example.net,9694123528,"88/860, Biswas Circle",Ahmedabad,WB,VERIFIED,2025-03-08 01:12:08.041030
CUST001628,Aarush,Sharma,1956-05-26,samarthratta@example.org,6808588444,"267, Saha Chowk",Mumbai,TN,REJECTED,2022-12-28 21:43:52.061199
CUST001629,Udarsh,Bora,1992-02-09,thamanchristopher@example.com,8430979756,"18/01, Sodhi Circle",Mumbai,TS,VERIFIED,2023-06-19 13:16:44.614341
CUST001630,Ojas,Chand,1992-01-04,henrydas@example.org,5974603023,"17/04, Konda Street",Mumbai,TN,VERIFIED,2023-09-23 05:26:31.193141
CUST001631,Wakeeta,Murty,1981-02-17,bucheesha@example.net,0630416527,"H.No. 953, Basak Zila",Pune,DL,VERIFIED,2026-01-13 14:51:39.617435
CUST001632,Ekaraj,Sharaf,1985-07-18,ekiyabhatt@example.org,2238013702,"40/14, Ram Marg",Chennai,TS,VERIFIED,2022-09-15 05:12:53.314493
CUST001633,Warinder,Rau,1952-09-16,jtandon@example.com,0450980635,"H.No. 162, Deo Marg",Mumbai,GJ,VERIFIED,2022-12-15 11:00:49.204084
CUST001634,Ekansh,Banik,1968-09-29,krishna17@example.org,5151332096,"H.No. 07, Chander Road",Hyderabad,TS,VERIFIED,2023-11-28 07:34:41.899609
CUST001635,Saksham,Nigam,1983-07-10,vsachdeva@example.org,9036385743,"00/08, Chaudry Road",Delhi,MH,VERIFIED,2025-02-17 03:45:57.742160
CUST001636,Krishna,Sura,1971-07-18,mukherjeequshi@example.net,1465003945,"42/018, Bail Zila",Chennai,TN,VERIFIED,2024-03-02 07:36:09.175035
CUST001637,Omkaar,Agate,1956-02-19,henry98@example.net,6091750751,"50, Rattan Road",Kolkata,MH,VERIFIED,2023-03-08 13:38:09.104065
CUST001638,Mahika,Dutta,1989-01-07,rohan96@example.com,8872020487,"53/476, Chakrabarti Road",Delhi,GJ,VERIFIED,2023-01-01 07:31:25.704856
CUST001639,Luke,Singh,1957-04-20,vmerchant@example.org,4595508002,"H.No. 73, Samra Path",Ahmedabad,KA,REJECTED,2023-08-15 22:41:35.803746
CUST001640,Aachal,Deshmukh,1997-09-11,aachaljani@example.com,0909824508,"02, Sahota Ganj",Chennai,MH,REJECTED,2026-03-15 14:09:59.785958
CUST001641,Chakrika,Chowdhury,1979-03-02,karya@example.org,2553134176,"54/17, Lata Path",Kolkata,KA,VERIFIED,2022-08-28 05:27:00.744078
CUST001642,Gopal,Rama,1964-12-22,wbansal@example.net,8281739339,"29/65, Chopra Marg",Delhi,DL,PENDING,2025-04-17 04:08:37.150275
CUST001643,Darsh,Raja,1967-02-26,nilima76@example.com,8562508450,"H.No. 70, Garde",Kolkata,KA,VERIFIED,2023-03-03 02:12:58.560033
CUST001644,Jagdish,Anand,1958-12-31,gaurika14@example.org,5520328659,"H.No. 28, Basak Ganj",Mumbai,WB,VERIFIED,2024-08-25 00:41:34.949493
CUST001645,Hamsini,Hayer,1951-07-05,osuresh@example.org,0388401677,"10/50, Chaudhuri Chowk",Chennai,MH,VERIFIED,2025-12-18 04:49:37.455521
CUST001646,Bakhshi,Pandya,2007-05-16,damini54@example.org,9143876738,"56/769, Shenoy Path",Hyderabad,DL,REJECTED,2024-11-24 14:34:49.502515
CUST001647,Krishna,Gole,1993-05-15,niteshsoni@example.org,4370391905,"H.No. 13, Halder Road",Pune,TS,VERIFIED,2025-01-29 20:23:45.633779
CUST001648,Saumya,Ranganathan,1980-09-11,masontripathi@example.com,8160519170,"37, Kale Road",Kolkata,GJ,REJECTED,2022-09-18 17:30:32.987035
CUST001649,Chakradev,Bhavsar,1963-04-08,voraadya@example.org,1357168261,"20, Jayaraman Chowk",Bangalore,MH,PENDING,2024-06-11 09:52:31.940540
CUST001650,Vasatika,Karnik,1993-02-22,jai45@example.com,4731168859,"00, Virk Circle",Chennai,WB,VERIFIED,2023-08-19 23:26:24.495935
CUST001651,Amrita,Kapoor,1982-06-18,dashchanchal@example.net,7816560880,"24/462, Vyas Circle",Hyderabad,DL,VERIFIED,2026-02-10 07:19:41.018088
CUST001652,Rachana,Bhatti,1977-09-25,krishna08@example.com,6314931813,"04/50, Aggarwal Ganj",Ahmedabad,MH,REJECTED,2025-09-11 05:57:45.971950
CUST001653,Victor,Malhotra,1983-07-23,rattibhavini@example.com,4927386813,"78/181, Pai Path",Kolkata,TN,VERIFIED,2025-09-03 08:28:47.708886
CUST001654,Qasim,Patla,1990-07-23,bahadurjitgill@example.org,6716033841,"H.No. 287, Atwal Road",Kolkata,WB,VERIFIED,2026-02-24 16:53:59.877784
CUST001655,Odika,Krishna,1981-06-01,aggarwalhamsini@example.net,3916781288,"85/93, Dubey Nagar",Hyderabad,GJ,REJECTED,2024-06-25 02:53:49.122263
CUST001656,Qarin,Sem,1988-02-11,mahalpavani@example.net,3953698232,"61/15, Dutta Marg",Pune,GJ,PENDING,2026-06-01 05:58:55.389476
CUST001657,Charles,Ramachandran,1979-07-14,bhattacharyyaati@example.com,0141280447,"24, Sekhon Circle",Pune,MH,VERIFIED,2023-07-16 10:24:53.585785
CUST001658,Forum,Rau,1961-05-29,ssandal@example.org,3277606395,"57, Borde Road",Bangalore,TN,PENDING,2023-11-02 17:15:01.171046
CUST001659,Zayan,Kanda,2006-03-14,travel@example.org,7561845357,"29/45, Kaur Circle",Delhi,KA,VERIFIED,2025-05-14 11:05:15.956622
CUST001660,Yochana,Handa,1976-02-21,ojas39@example.com,4244502567,"29/59, Bora Circle",Kolkata,WB,VERIFIED,2024-04-03 00:18:28.292384
CUST001661,Ikbal,Aggarwal,2006-06-17,nroy@example.org,0380437412,"65/51, Viswanathan Nagar",Delhi,MH,VERIFIED,2026-03-18 06:17:49.504341
CUST001662,Harsh,Shere,2003-11-15,tandonyadavi@example.org,1329402759,"H.No. 657, Patla Path",Delhi,MH,VERIFIED,2024-04-01 21:00:43.195786
CUST001663,Charvi,Verma,1972-07-22,ekavirapte@example.net,0560557384,"H.No. 066, Reddy Zila",Hyderabad,DL,REJECTED,2023-11-19 13:33:21.626047
CUST001664,Ekalinga,Oza,1961-11-12,sastrykritika@example.com,2445697918,"69/757, Pathak Path",Ahmedabad,TS,PENDING,2026-01-27 20:15:48.515379
CUST001665,Anay,Rajagopalan,1982-11-30,pranit60@example.com,3882499696,"75/88, Mani Nagar",Mumbai,MH,VERIFIED,2023-08-30 17:39:27.853413
CUST001666,Anmol,Hans,1974-12-08,daminivyas@example.com,5126193790,"H.No. 944, Boase Ganj",Delhi,TS,VERIFIED,2023-01-21 02:41:21.213648
CUST001667,Frado,Hora,1966-07-25,ganga79@example.net,0725668723,"H.No. 78, Sathe Ganj",Bangalore,MH,VERIFIED,2025-04-27 23:05:28.738792
CUST001668,Kamala,Chopra,2006-08-06,manehardik@example.org,7776795932,"37, Sama Zila",Hyderabad,TN,VERIFIED,2025-05-14 02:36:58.139963
CUST001669,Falguni,Seth,1984-06-03,deoayushman@example.net,5402894438,"94, Keer Zila",Delhi,KA,VERIFIED,2024-06-24 12:19:42.547072
CUST001670,Lila,Sur,1966-04-07,mtoor@example.net,9087863914,"09/49, Manda Nagar",Ahmedabad,GJ,VERIFIED,2025-04-11 15:01:08.747239
CUST001671,Abha,Shukla,1966-10-21,cbera@example.org,4452786109,"74/07, Chana Path",Delhi,MH,REJECTED,2025-09-22 23:44:56.824478
CUST001672,Yatan,Dasgupta,2004-08-30,pamble@example.com,8035689910,"70, Parmar Chowk",Pune,MH,REJECTED,2026-01-18 12:21:14.681325
CUST001673,Rayaan,Kale,1999-03-28,ekantikaramesh@example.com,4631771862,"H.No. 633, Ramanathan Circle",Chennai,GJ,REJECTED,2022-09-30 16:07:40.804045
CUST001674,Jagdish,Khurana,1951-03-26,luckyrout@example.org,9864094665,"H.No. 536, Luthra Road",Hyderabad,MH,PENDING,2023-06-12 16:58:38.035825
CUST001675,Yuvraj,Kunda,2006-08-25,bhavna12@example.org,6208012893,"H.No. 920, Koshy Path",Mumbai,TN,VERIFIED,2026-05-29 17:34:27.951640
CUST001676,Ekanta,Bal,1967-05-20,mohini86@example.net,9001923315,"H.No. 575, Loke Circle",Mumbai,TN,VERIFIED,2025-12-30 01:34:19.040849
CUST001677,Maanav,Shere,1975-03-05,pchander@example.org,7933335694,"H.No. 57, Radhakrishnan Marg",Chennai,MH,PENDING,2025-05-10 09:18:30.008898
CUST001678,Parth,Patla,1953-09-15,emanda@example.org,1841732652,"54/612, Kannan Nagar",Mumbai,KA,PENDING,2022-12-17 18:16:07.903115
CUST001679,Avni,Sabharwal,1977-01-07,rajatalad@example.com,1989289143,"562, Sami Circle",Chennai,DL,VERIFIED,2025-08-12 08:01:33.304700
CUST001680,Aarnav,Taneja,1990-11-10,kothariyashawini@example.com,5134074918,"40/554, Panchal Marg",Mumbai,TN,PENDING,2025-10-16 02:23:22.229140
CUST001681,Daniel,Ratti,1986-05-29,gchopra@example.net,9737253031,"H.No. 39, Madan Road",Pune,WB,REJECTED,2022-12-09 07:50:24.860136
CUST001682,Joshua,Babu,1990-07-14,anay09@example.org,1950787305,"432, Dutt",Bangalore,DL,PENDING,2026-02-16 01:37:27.366847
CUST001683,Lucky,Bakshi,2002-06-18,jhalak56@example.org,9756578339,"109, Buch Path",Bangalore,TS,VERIFIED,2026-01-29 17:52:03.996402
CUST001684,Yamini,Trivedi,1971-02-18,hsarraf@example.org,9572839783,"H.No. 98, Raval Road",Ahmedabad,MH,VERIFIED,2026-06-09 04:36:39.775698
CUST001685,Andrew,Seshadri,1994-05-06,oni25@example.net,7032718875,"80/20, Om Chowk",Pune,TN,VERIFIED,2025-08-05 05:17:23.533696
CUST001686,Jonathan,Bath,1965-04-02,sherebhavna@example.org,6484773920,"H.No. 731, Sule",Ahmedabad,WB,VERIFIED,2026-02-07 12:39:46.235744
CUST001687,Aadi,Dara,1954-07-20,hayremitali@example.com,9169426166,"H.No. 793, Goswami Path",Mumbai,DL,VERIFIED,2022-12-13 02:02:56.833539
CUST001688,Osha,Peri,1958-06-21,kotahitesh@example.net,0016183215,"41, Purohit Marg",Delhi,TN,VERIFIED,2024-05-14 11:11:41.794209
CUST001689,Amrita,Kade,2005-09-12,zbajwa@example.com,8316723246,"H.No. 606, Sani Nagar",Chennai,MH,VERIFIED,2025-06-02 11:59:12.146888
CUST001690,Warjas,Swamy,2003-04-16,elijahkumer@example.org,0072908479,"05, Madan Marg",Kolkata,MH,REJECTED,2024-05-30 13:40:40.915558
CUST001691,Priya,Narayanan,1981-11-30,suhani57@example.net,3367594791,"78/486, Gaba Path",Chennai,MH,VERIFIED,2024-06-14 22:09:29.672219
CUST001692,Caleb,Yogi,1950-11-21,tanish34@example.org,4982070002,"H.No. 75, Saraf Ganj",Delhi,WB,VERIFIED,2023-06-26 10:04:16.888597
CUST001693,Gaurav,Samra,1962-11-10,haritabuch@example.org,2303582172,"04/80, Varma Circle",Bangalore,WB,REJECTED,2025-10-14 10:32:44.606302
CUST001694,Farhan,Chhabra,1960-04-10,yadavi04@example.com,0657721127,"H.No. 981, Sagar Chowk",Pune,WB,VERIFIED,2025-06-05 13:27:14.017779
CUST001695,Viraj,Pillai,1958-02-04,max67@example.org,1107068686,"H.No. 73, Mukhopadhyay Path",Hyderabad,WB,VERIFIED,2026-02-27 21:24:36.539020
CUST001696,Gautami,Handa,1987-07-05,quincy52@example.com,7689977395,"237, Chaudhry Nagar",Delhi,GJ,REJECTED,2024-04-22 15:56:08.018190
CUST001697,Anay,Pandit,1991-12-15,sarraffaraj@example.com,9963230477,"H.No. 159, Karpe Path",Hyderabad,MH,VERIFIED,2023-09-02 20:34:00.922781
CUST001698,Yashasvi,Manne,1955-12-12,anaysaraf@example.org,5660309805,"493, Krish Marg",Pune,TS,VERIFIED,2023-07-14 20:48:32.606473
CUST001699,Darsh,Vig,1979-07-24,bhavanisur@example.org,4167621874,"H.No. 74, Iyer Street",Hyderabad,WB,VERIFIED,2023-11-22 23:34:56.244129
CUST001700,Warinder,Mittal,1980-12-07,geragautami@example.org,2890845482,"312, Verma Path",Hyderabad,DL,VERIFIED,2023-03-08 00:23:35.039617
CUST001701,Udyati,Ramaswamy,2007-08-20,amairaamble@example.com,9744765224,"H.No. 692, Sood Zila",Bangalore,TS,VERIFIED,2023-01-04 05:21:19.396730
CUST001702,Triya,Chawla,1964-12-27,chamelinarang@example.com,0500574580,"78/41, Krish Ganj",Hyderabad,MH,VERIFIED,2024-02-01 01:32:03.529485
CUST001703,Tanmayi,Sarin,1953-04-29,ronithpalla@example.net,8224524881,"417, Pandit Marg",Kolkata,WB,VERIFIED,2023-02-05 19:12:52.108636
CUST001704,Hredhaan,Lala,1956-05-10,baliharish@example.com,3912983584,"771, Savant Street",Ahmedabad,TN,VERIFIED,2023-11-08 04:52:26.335889
CUST001705,Henry,Nagy,1972-12-20,robert90@example.net,7447940803,"906, Chatterjee Road",Pune,KA,VERIFIED,2026-06-21 10:22:28.680776
CUST001706,Lopa,Nanda,1982-11-14,bachittar29@example.org,6452658728,"H.No. 62, Bassi Marg",Hyderabad,MH,REJECTED,2025-01-01 08:37:52.707468
CUST001707,Abhiram,Patla,1984-04-01,darayasti@example.org,3005378286,"H.No. 307, Bhat Zila",Chennai,MH,REJECTED,2026-07-02 17:44:01.113528
CUST001708,Dev,Samra,1983-10-03,ojasjayaraman@example.net,6621541519,"27/292, Morar",Pune,MH,VERIFIED,2026-06-29 03:49:05.725440
CUST001709,Mohammed,Rege,1963-03-13,daminiganesh@example.net,3898749559,"33/558, Pall Circle",Delhi,KA,PENDING,2025-12-16 07:35:57.334893
CUST001710,Manthan,Varma,1988-04-19,mugdha38@example.net,6190558753,"H.No. 499, Mishra Nagar",Hyderabad,GJ,VERIFIED,2024-06-01 10:56:37.225281
CUST001711,Upadhriti,Narang,1987-01-04,brijeshgrover@example.com,4548118917,"48/74, Kurian",Hyderabad,WB,PENDING,2022-11-19 20:55:35.310642
CUST001712,Chaitanya,Ghosh,1975-01-16,vpal@example.net,7200805701,"57/529, Narayanan Street",Ahmedabad,TS,VERIFIED,2022-10-20 00:34:20.344702
CUST001713,Kashvi,Sama,1979-08-24,panini90@example.org,5812362424,"H.No. 251, Baral",Pune,MH,VERIFIED,2023-12-24 14:58:06.478959
CUST001714,Saumya,Dewan,1968-07-05,pavani09@example.com,7248774763,"28, Balan",Kolkata,MH,VERIFIED,2024-03-04 04:11:08.651232
CUST001715,Girindra,Bhandari,1952-10-09,rkrish@example.net,4180420223,"H.No. 73, Sant Ganj",Kolkata,MH,VERIFIED,2026-05-02 10:58:25.371794
CUST001716,Rachit,Thaker,1999-11-15,cpadmanabhan@example.com,5258685685,"78/26, Uppal Road",Pune,KA,VERIFIED,2026-07-10 01:09:33.369969
CUST001717,Udarsh,Bath,1953-08-09,hemalpandey@example.com,4533479852,"H.No. 70, Dani Road",Ahmedabad,GJ,VERIFIED,2024-06-26 09:44:03.567202
CUST001718,Deepa,Prabhu,1952-09-03,wkala@example.org,0695118196,"H.No. 95, Mammen Path",Ahmedabad,MH,PENDING,2025-05-02 03:35:54.098480
CUST001719,Harshil,Halder,1964-11-27,bhavyabose@example.net,7118016774,"90/98, Dubey Path",Kolkata,MH,REJECTED,2023-04-10 14:31:39.975842
CUST001720,Aarna,Kapoor,1990-05-01,upma49@example.org,7688938616,"45, Bhalla Circle",Kolkata,DL,PENDING,2024-05-08 01:23:46.511644
CUST001721,Ranbir,Bumb,1996-06-01,knadkarni@example.net,7900531260,"H.No. 284, Pillai Path",Mumbai,KA,PENDING,2024-09-29 20:08:31.208225
CUST001722,Riya,Sampath,1983-11-17,girindra26@example.net,3078373183,"345, Gera",Ahmedabad,MH,VERIFIED,2024-09-27 02:23:23.181843
CUST001723,Kala,Varty,1953-11-13,bhavyapalan@example.com,1162743514,"270, Jha Street",Kolkata,MH,REJECTED,2023-06-04 09:28:40.957909
CUST001724,Aahana,Bandi,1958-02-25,basulajita@example.org,6344334602,"41, Gola Marg",Kolkata,MH,VERIFIED,2023-01-09 04:04:47.837663
CUST001725,Warhi,Barad,1997-09-13,matthew15@example.net,4351723685,"602, Nath Ganj",Chennai,GJ,PENDING,2024-12-14 07:47:15.381449
CUST001726,Upma,Dube,2001-07-06,balendra55@example.org,6113900458,"23/408, Banik Chowk",Chennai,TN,PENDING,2023-10-04 17:15:30.711934
CUST001727,Omya,Kar,1963-05-01,ishita63@example.net,9818284399,"80/05, Suresh Path",Hyderabad,WB,VERIFIED,2025-07-30 16:38:02.887216
CUST001728,Sathvik,Jain,2003-04-07,sharmajeremiah@example.com,0940447501,"65, Varty Path",Mumbai,TS,PENDING,2025-06-02 15:19:22.370676
CUST001729,Balvan,Rao,1969-05-15,ytaneja@example.net,2324204300,"H.No. 697, Koshy Zila",Ahmedabad,KA,REJECTED,2024-12-18 09:08:47.276832
CUST001730,Wyatt,Oak,1984-12-13,mitramanan@example.org,8612232861,"H.No. 42, Lal Street",Bangalore,TS,REJECTED,2024-02-16 22:33:54.805048
CUST001731,Nachiket,Garde,1967-04-17,dixitvihaan@example.net,0001327892,"H.No. 09, Char Chowk",Hyderabad,WB,PENDING,2025-07-10 23:51:58.227666
CUST001732,Viraj,Nayak,1963-12-26,ekantikarai@example.org,6294846764,"95, Prashad Ganj",Delhi,GJ,VERIFIED,2025-06-06 12:17:54.020582
CUST001733,Anvi,Aggarwal,1982-08-21,shroffbalveer@example.net,6336027315,"H.No. 736, Dhingra Street",Hyderabad,GJ,REJECTED,2022-11-26 11:57:07.183210
CUST001734,Upma,Seshadri,2000-10-19,qabilmital@example.org,1462922228,"852, Kalla Street",Pune,GJ,VERIFIED,2023-10-10 16:36:46.797880
CUST001735,Ayaan,Rajan,1959-01-06,mannebrijesh@example.net,4412452292,"08/939, Pall Ganj",Chennai,DL,VERIFIED,2023-12-16 01:10:58.740020
CUST001736,Oeshi,Dugar,1990-11-22,ronithsharaf@example.com,5358338789,"H.No. 30, Loyal",Bangalore,KA,VERIFIED,2022-10-08 02:48:04.904691
CUST001737,Vasatika,Pathak,1983-09-18,trivediqasim@example.com,2323007086,"46/74, Palla Chowk",Ahmedabad,DL,VERIFIED,2023-12-19 12:30:38.337450
CUST001738,Guneet,Luthra,1982-05-26,lajita50@example.net,9227025254,"H.No. 62, Bora Road",Kolkata,TS,PENDING,2023-04-17 06:24:53.449085
CUST001739,Nikita,Sehgal,1975-01-16,lankachandran@example.net,9647033642,"H.No. 654, Dey Ganj",Kolkata,MH,VERIFIED,2023-03-11 23:43:05.683710
CUST001740,Ekalinga,Merchant,2007-12-20,daniel37@example.org,2431091568,"122, Gade Path",Delhi,TS,VERIFIED,2026-06-19 12:43:59.018031
CUST001741,Neelima,Majumdar,1984-08-24,raksha87@example.org,7644286307,"01/012, Mann Road",Hyderabad,TS,VERIFIED,2025-07-10 02:42:52.353614
CUST001742,Aditya,Prabhu,1973-05-08,kabir11@example.net,4900449100,"49/204, Johal",Kolkata,TN,VERIFIED,2024-09-07 00:10:53.341141
CUST001743,Oeshi,Mann,1953-11-30,frederick21@example.org,0431055031,"50/66, Sani Nagar",Ahmedabad,TN,VERIFIED,2022-09-11 21:19:03.326544
CUST001744,Ishita,D’Alia,1966-02-18,vedant51@example.com,0951427702,"H.No. 151, Buch Zila",Bangalore,TS,VERIFIED,2024-05-17 04:36:16.485066
CUST001745,Radha,Ghosh,2000-10-20,qchar@example.org,9341061650,"H.No. 31, Taneja Nagar",Mumbai,TN,VERIFIED,2026-03-09 18:51:58.856078
CUST001746,Falan,Grover,1959-01-29,udhillon@example.net,8452408860,"H.No. 33, Barad Marg",Ahmedabad,GJ,PENDING,2023-06-01 21:17:35.224034
CUST001747,Alexander,Khanna,1995-12-30,luthradaniel@example.org,2971922887,"25/43, Narayanan Road",Mumbai,GJ,VERIFIED,2023-01-08 10:55:08.198745
CUST001748,Manthan,Ravel,1975-05-12,varenyakibe@example.net,9664811051,"430, Tailor Marg",Pune,GJ,PENDING,2025-11-06 04:04:47.401399
CUST001749,Zansi,Kaur,1989-02-05,gshanker@example.org,7082408935,"H.No. 79, Bhakta Street",Kolkata,GJ,VERIFIED,2024-06-23 05:11:48.902277
CUST001750,Yuvraj,Sankaran,1972-12-24,bgade@example.org,2951266086,"H.No. 840, Bala Ganj",Mumbai,MH,REJECTED,2024-10-31 16:37:09.908856
CUST001751,Pranit,Sood,1973-04-25,wkalita@example.com,8633399506,"H.No. 550, Bala Circle",Chennai,MH,VERIFIED,2025-07-16 18:38:18.604565
CUST001752,Harinakshi,Bava,1989-12-31,kamdarcaleb@example.com,5098055644,"H.No. 243, Bhatti Marg",Hyderabad,TS,VERIFIED,2025-03-04 17:25:24.644980
CUST001753,Kamya,Arya,1991-03-08,sarrafmohini@example.org,8149836784,"H.No. 774, Chander",Delhi,MH,VERIFIED,2024-03-03 03:51:28.411527
CUST001754,Vanya,Saran,1976-02-01,arin04@example.org,5315752295,"H.No. 390, Samra Ganj",Mumbai,TN,VERIFIED,2026-06-13 11:19:14.452933
CUST001755,Pushti,Sathe,1999-12-14,xsodhi@example.org,1534743927,"H.No. 780, Johal Nagar",Bangalore,MH,VERIFIED,2024-07-28 22:15:34.434176
CUST001756,Gaurav,Agate,1957-05-04,lukeahluwalia@example.net,3416099097,"H.No. 661, Badami",Kolkata,TS,VERIFIED,2024-07-24 11:00:59.546520
CUST001757,Meghana,Lad,1968-10-01,mandudant@example.net,6162227726,"02/602, Mittal Circle",Chennai,TS,PENDING,2024-08-02 04:37:10.826382
CUST001758,Nitara,Parekh,1992-06-14,gavinwali@example.net,6886499339,"18/02, Menon Ganj",Delhi,MH,VERIFIED,2025-12-19 22:53:05.325848
CUST001759,Nirja,Chad,1996-02-27,chavvi43@example.net,7360908575,"63, Wadhwa Zila",Chennai,DL,VERIFIED,2024-10-23 20:48:26.338903
CUST001760,Aadhya,Gole,1991-11-03,aryanathan@example.com,7852346151,"08, Rege",Kolkata,KA,PENDING,2025-06-08 04:49:39.251925
CUST001761,Anmol,Radhakrishnan,2005-06-19,gnadig@example.net,8242565829,"04/450, Rastogi Ganj",Bangalore,TN,PENDING,2022-10-21 21:09:00.009032
CUST001762,Rushil,Kulkarni,1972-06-30,hbajaj@example.org,4986029653,"H.No. 30, Badal Chowk",Hyderabad,KA,VERIFIED,2023-05-23 16:28:37.555196
CUST001763,Hemang,Basak,1996-10-17,bvarty@example.org,5083345129,"H.No. 41, Joshi Circle",Delhi,WB,REJECTED,2024-06-16 20:20:57.207406
CUST001764,Watika,Verma,1956-11-24,jmohanty@example.com,7438203950,"75, Acharya Path",Pune,MH,REJECTED,2023-05-31 18:57:57.219224
CUST001765,Ekani,Gupta,2006-12-30,veda60@example.net,6733614247,"32, Mutti",Mumbai,KA,REJECTED,2022-10-08 01:27:30.235752
CUST001766,Devansh,Maharaj,1980-02-11,aishanikhurana@example.com,8517827577,"H.No. 60, Tailor Zila",Bangalore,GJ,REJECTED,2024-05-05 13:11:06.814321
CUST001767,Gabriel,Purohit,1968-05-30,bhatmohammed@example.com,8359627838,"H.No. 40, Kapur Street",Chennai,WB,REJECTED,2025-04-03 21:50:12.415475
CUST001768,Urishilla,Dara,1967-01-19,hanssiya@example.com,2826565293,"754, Kuruvilla Path",Delhi,TN,REJECTED,2023-10-19 12:56:14.785985
CUST001769,Dalaja,Uppal,1994-06-24,saumyapatel@example.net,5364220947,"65, Iyer Circle",Delhi,TS,REJECTED,2022-09-08 10:53:05.441529
CUST001770,Advay,Bir,2005-06-07,xrajan@example.net,7043885287,"H.No. 43, Deep Nagar",Ahmedabad,GJ,PENDING,2025-01-08 23:03:53.940414
CUST001771,Unnati,Khatri,1982-06-25,anamika24@example.org,9480468869,"34, Sura Street",Hyderabad,MH,VERIFIED,2025-11-09 05:36:41.223500
CUST001772,Reva,Shroff,1956-08-21,sanaya87@example.org,8156162173,"87/314, Kale Nagar",Pune,MH,VERIFIED,2023-04-13 12:05:52.143346
CUST001773,Jacob,Rao,1975-04-17,samraomkaar@example.com,9889676218,"22/47, Sampath Marg",Mumbai,GJ,VERIFIED,2026-03-07 18:24:07.455765
CUST001774,Tamanna,Chaudry,1973-05-23,ochanda@example.com,7925785235,"H.No. 934, Kapoor Zila",Pune,WB,PENDING,2024-05-10 03:54:49.521226
CUST001775,William,Krishnamurthy,1970-06-01,bhavikasridhar@example.org,5582218195,"06, Sodhi Chowk",Mumbai,DL,VERIFIED,2025-09-04 21:41:26.755723
CUST001776,Rudra,Dada,1962-10-13,umishra@example.org,3642550353,"H.No. 254, Seshadri Marg",Pune,MH,VERIFIED,2025-03-11 05:48:35.675426
CUST001777,Ekapad,Master,1984-03-25,saumya70@example.org,7056825832,"H.No. 45, Hans Marg",Chennai,TN,VERIFIED,2023-12-01 05:52:49.175606
CUST001778,Urishilla,Uppal,1980-07-15,rajeshritella@example.com,6444981063,"20/60, Dey Road",Chennai,TN,REJECTED,2025-09-16 18:19:12.376504
CUST001779,Chaitaly,Din,1986-05-11,farajchakraborty@example.net,4743506978,"72/11, Badami Street",Delhi,MH,VERIFIED,2026-01-12 00:35:25.522457
CUST001780,Matthew,Tiwari,1961-10-06,cheemajyoti@example.org,9547616806,"H.No. 00, Madan Path",Delhi,DL,PENDING,2023-06-24 00:18:50.509755
CUST001781,Anay,Buch,1997-04-03,jagatmahal@example.org,6057432111,"92/91, Chokshi Chowk",Mumbai,TS,VERIFIED,2026-01-15 18:40:07.385873
CUST001782,Champak,Bhavsar,1964-04-04,dominic76@example.com,0594836090,"H.No. 153, Badami Marg",Delhi,DL,PENDING,2024-12-19 21:36:32.939571
CUST001783,Bishakha,Kade,1985-12-03,rohan49@example.com,2009601535,"562, Zacharia Road",Ahmedabad,MH,VERIFIED,2025-01-28 14:43:23.511663
CUST001784,Charita,Tandon,1953-02-19,jmajumdar@example.net,5516932405,"93/539, Agarwal Zila",Ahmedabad,TS,PENDING,2022-09-13 13:16:06.630136
CUST001785,Ethan,Randhawa,1997-11-11,ctank@example.net,9521858680,"900, Wali Circle",Delhi,GJ,PENDING,2023-07-21 01:55:28.471553
CUST001786,Luke,Narain,1995-07-04,veda83@example.net,3703773120,"48/53, Shan Nagar",Mumbai,TN,REJECTED,2024-12-06 12:42:03.205703
CUST001787,Tara,Brahmbhatt,1997-04-02,anthony95@example.net,4050181361,"H.No. 85, Chopra Road",Delhi,MH,VERIFIED,2023-08-15 05:05:38.251106
CUST001788,Krishna,Handa,1989-03-24,anandbhavani@example.net,2553962556,"987, Bhatnagar Nagar",Delhi,DL,VERIFIED,2025-06-20 05:34:08.411677
CUST001789,Dalbir,Halder,1988-12-27,nathmadhav@example.net,1761114832,"52/612, Rama Zila",Hyderabad,TN,VERIFIED,2026-03-15 19:07:48.223714
CUST001790,Nitara,Misra,1980-07-29,agarwalfaraj@example.org,3301679655,"836, Mohanty Circle",Delhi,WB,REJECTED,2025-11-01 20:15:24.168003
CUST001791,Wridesh,Mohanty,1966-12-17,parthtiwari@example.org,4905389059,"816, Kashyap Circle",Hyderabad,WB,VERIFIED,2023-01-08 21:26:29.309456
CUST001792,Garima,Sehgal,1979-02-27,balyachana@example.com,7410591579,"H.No. 18, Parikh Road",Bangalore,TN,VERIFIED,2024-03-10 01:12:41.875276
CUST001793,Jhalak,Ganesh,1986-09-30,yatin52@example.org,7328424872,"H.No. 291, Gera Chowk",Mumbai,TN,PENDING,2025-06-12 06:55:37.694963
CUST001794,Hitesh,Kohli,1992-05-01,bachittarmuni@example.net,7813145625,"413, Aurora Nagar",Bangalore,GJ,VERIFIED,2024-02-20 00:38:39.907881
CUST001795,Shivansh,Bhatti,1966-12-20,damyanti21@example.com,7780559227,"H.No. 497, Solanki Marg",Delhi,GJ,VERIFIED,2023-01-31 23:17:38.820928
CUST001796,Zarna,Sengupta,1990-12-28,neha96@example.net,1135076499,"63/396, Bal Circle",Pune,TN,VERIFIED,2025-01-12 04:02:03.794060
CUST001797,Saanvi,Chowdhury,2003-06-15,xalak50@example.net,2201127042,"238, Modi Zila",Bangalore,DL,VERIFIED,2026-05-03 16:07:25.251831
CUST001798,Isaac,Ray,2002-07-17,sankarnidra@example.net,4469707119,"H.No. 157, Setty Circle",Pune,KA,PENDING,2023-07-18 00:12:09.531654
CUST001799,Darpan,Hegde,1979-04-29,jyoti86@example.org,6423624588,"14, Taneja Chowk",Mumbai,GJ,REJECTED,2023-02-19 07:23:59.654110
CUST001800,Atharv,Venkataraman,1989-06-30,tripti11@example.com,4400274894,"93, Ramakrishnan Marg",Hyderabad,MH,VERIFIED,2023-12-28 06:38:40.973541
CUST001801,Charles,Mangat,1968-08-01,hshanker@example.org,6182773477,"45/27, Kibe Ganj",Ahmedabad,TN,VERIFIED,2024-04-22 17:05:54.108887
CUST001802,Harsh,Varty,1998-09-29,nadkarniojasvi@example.com,4135455797,"70, Prakash Road",Hyderabad,KA,REJECTED,2025-02-23 14:05:02.548302
CUST001803,Shivansh,Bala,2008-02-10,sundaramrohan@example.org,1272592129,"24/055, Gaba Path",Hyderabad,MH,VERIFIED,2023-12-15 09:21:08.318186
CUST001804,Henry,Tara,1977-11-03,raagini52@example.net,4243742822,"H.No. 10, Master Marg",Ahmedabad,WB,REJECTED,2023-11-29 19:52:54.848489
CUST001805,Nidra,Barman,1977-03-04,koak@example.net,1487609673,"H.No. 932, Oommen Zila",Bangalore,MH,VERIFIED,2026-03-05 22:09:51.765331
CUST001806,Robert,Gola,1954-01-24,samiidika@example.org,9615884452,"H.No. 100, Bali Street",Mumbai,KA,VERIFIED,2024-02-28 06:37:26.071451
CUST001807,Keya,Swamy,1974-01-21,mishradalbir@example.com,3215175196,"H.No. 586, Kaur Path",Ahmedabad,MH,VERIFIED,2024-09-27 02:57:30.725405
CUST001808,Anika,Kakar,1966-04-27,praneelbali@example.com,4310772228,"93/67, Gala Road",Chennai,MH,REJECTED,2022-12-12 22:54:25.122778
CUST001809,Mitali,Bali,1955-05-23,qsinha@example.net,3880111305,"35/22, Shroff Ganj",Chennai,MH,VERIFIED,2024-10-01 08:53:50.504197
CUST001810,Chaitanya,Madan,1967-04-02,raowyatt@example.net,4489684604,"55, Dayal Road",Pune,MH,VERIFIED,2024-07-26 04:49:20.875420
CUST001811,Yug,Hegde,1988-11-01,ibhalla@example.org,6169047610,"H.No. 41, Basu",Chennai,DL,PENDING,2024-06-17 23:23:35.334410
CUST001812,Alka,Issac,1979-01-04,ganesanoeshi@example.com,5035623724,"H.No. 485, Chada Zila",Bangalore,TN,VERIFIED,2025-08-07 16:01:26.634965
CUST001813,Azad,Ravel,1969-03-15,lkeer@example.org,7911178512,"916, Manne",Hyderabad,TN,VERIFIED,2024-12-03 22:06:28.770192
CUST001814,Madhav,De,2001-09-09,ijayakoshy@example.net,1875761765,"H.No. 88, Sarin Ganj",Mumbai,KA,VERIFIED,2026-05-01 14:44:35.881498
CUST001815,Xalak,Kalita,1964-04-03,champak83@example.net,7836159266,"07/95, Nayak Marg",Delhi,DL,VERIFIED,2024-04-30 01:04:06.130536
CUST001816,Aryan,Bawa,1961-06-11,vedhikapatla@example.org,6047092803,"137, Sengupta Road",Hyderabad,TN,REJECTED,2023-07-26 23:57:32.215505
CUST001817,Wishi,Kari,1984-03-14,nikitathakur@example.net,9542762933,"407, Varma Street",Pune,TS,VERIFIED,2025-11-10 17:37:17.349672
CUST001818,Hemani,Thakkar,1956-09-16,qborra@example.net,9809880409,"24, Narayan Road",Chennai,DL,REJECTED,2022-12-19 21:43:19.036096
CUST001819,Quincy,Sule,1971-06-23,laban67@example.org,7222155325,"974, Char Path",Ahmedabad,MH,VERIFIED,2025-11-17 22:52:34.927946
CUST001820,Megha,Nigam,1997-11-21,samiaayush@example.net,2495133966,"966, Srinivas Road",Mumbai,GJ,VERIFIED,2022-12-19 17:19:43.704176
CUST001821,Girik,Vala,1955-08-08,aarushsetty@example.org,9191846550,"H.No. 676, Pant Path",Bangalore,WB,VERIFIED,2022-11-21 14:34:57.537035
CUST001822,Faqid,Raghavan,2008-07-11,zsavant@example.org,2364499514,"424, Chawla",Bangalore,WB,PENDING,2025-01-22 20:48:48.529246
CUST001823,Nachiket,Sani,1962-02-01,esidhu@example.com,2221242197,"473, Setty Zila",Hyderabad,GJ,REJECTED,2025-12-20 03:36:45.106098
CUST001824,Azad,Goda,1984-11-26,warjas85@example.org,3271045351,"43/171, Bhattacharyya",Delhi,TN,VERIFIED,2023-11-30 00:56:40.994215
CUST001825,Lajita,Karpe,2004-07-23,ijayalal@example.com,5433825417,"20/682, Kumar",Pune,KA,PENDING,2026-02-18 14:59:48.618029
CUST001826,Benjamin,Ghose,2004-07-12,hiral71@example.net,9198162549,"H.No. 36, Chaudhry Path",Hyderabad,KA,PENDING,2023-12-20 13:02:21.094791
CUST001827,Zansi,Saraf,1957-01-25,oeshishukla@example.net,6161605433,"71, Tara Street",Bangalore,GJ,VERIFIED,2023-06-02 05:32:17.248611
CUST001828,Veda,Agrawal,1974-11-07,wriddhish12@example.org,8940697296,"H.No. 862, Hayre",Ahmedabad,GJ,VERIFIED,2025-05-18 09:46:27.234435
CUST001829,Hitesh,Purohit,2002-03-09,vmurthy@example.net,4740192553,"H.No. 461, Choudhury Marg",Pune,TS,REJECTED,2022-11-20 20:56:47.716773
CUST001830,Vivaan,Magar,1953-06-19,ydass@example.com,4576909414,"36, Kamdar Nagar",Chennai,DL,PENDING,2023-10-15 16:10:03.502989
CUST001831,Ekanta,Dyal,1980-01-16,ranveerdalia@example.org,9967834358,"77/63, Pathak Circle",Hyderabad,DL,VERIFIED,2024-08-17 14:29:47.942151
CUST001832,Manya,Divan,1958-11-08,utkarsh76@example.org,6287117165,"H.No. 39, Pingle Road",Ahmedabad,GJ,VERIFIED,2024-08-20 23:35:37.525974
CUST001833,Pavani,Verma,1986-04-27,adyayohannan@example.com,0997285541,"149, Lall Zila",Bangalore,GJ,VERIFIED,2025-10-17 01:54:57.836422
CUST001834,Ekavir,Parekh,1965-04-09,rattiturvi@example.com,4285740405,"547, Rai Marg",Delhi,GJ,PENDING,2023-04-03 23:03:27.333437
CUST001835,Vincent,Bedi,2006-08-02,usuresh@example.org,9065194072,"H.No. 04, Bhatnagar Zila",Hyderabad,TN,VERIFIED,2026-04-16 23:59:58.950428
CUST001836,Yochana,Dua,1983-04-27,charlesdhar@example.com,3900295011,"990, Prabhakar Path",Hyderabad,KA,PENDING,2024-08-02 16:21:42.653365
CUST001837,Wridesh,Subramaniam,1979-11-12,krishnanwarda@example.com,4568442633,"65/190, Mannan Ganj",Bangalore,DL,REJECTED,2023-11-23 08:51:03.774098
CUST001838,Chatresh,Devi,1967-09-19,benjamindalal@example.com,6449035934,"430, Choudhry Chowk",Bangalore,TN,REJECTED,2024-10-31 00:22:01.107975
CUST001839,Max,Chaudhry,1986-11-30,georgerajagopal@example.net,6392318678,"388, Rastogi Ganj",Ahmedabad,WB,REJECTED,2024-10-10 09:38:11.474657
CUST001840,Varsha,Ahuja,1995-04-24,ishanisengupta@example.net,3564411935,"996, Mohan Street",Kolkata,MH,REJECTED,2026-07-16 14:05:08.612995
CUST001841,Naksh,Kata,1979-10-05,maanas03@example.org,5914509090,"869, Oak Ganj",Pune,TS,PENDING,2025-10-17 17:49:57.154023
CUST001842,Gaurav,Bakshi,1972-11-03,okara@example.org,7653480249,"858, Narula Path",Kolkata,KA,VERIFIED,2023-07-22 16:02:47.298779
CUST001843,Avi,Borah,1950-09-22,patladayita@example.com,8479207405,"221, Shan Chowk",Pune,WB,PENDING,2025-07-12 04:33:05.448107
CUST001844,Chatura,Desai,1970-08-10,wridesh91@example.org,2041037281,"957, Parikh Path",Delhi,MH,VERIFIED,2023-12-02 05:54:19.690493
CUST001845,Ishwar,Dugal,1975-08-25,pbhalla@example.org,9633022517,"H.No. 274, Dyal Marg",Bangalore,GJ,VERIFIED,2026-02-05 10:57:29.662503
CUST001846,Sarthak,Kala,1968-03-13,peter95@example.com,6219295909,"H.No. 75, Sarna Ganj",Ahmedabad,DL,REJECTED,2023-01-07 18:25:03.265703
CUST001847,Rohan,Seth,1994-10-05,ikshitasahni@example.com,8647669557,"65/06, Sachdev Chowk",Bangalore,GJ,VERIFIED,2024-04-22 11:12:36.454252
CUST001848,Geetika,Bhavsar,1956-05-25,munshilaksh@example.com,8704264697,"H.No. 66, Ramakrishnan Nagar",Chennai,WB,VERIFIED,2026-04-01 22:03:08.261860
CUST001849,Qadim,Thaman,1972-03-01,harsh62@example.com,0209225212,"44/62, Radhakrishnan Chowk",Bangalore,WB,VERIFIED,2023-06-30 22:35:12.651849
CUST001850,Gopal,Memon,1980-04-19,urishilla15@example.net,2954589385,"99/91, Palan Marg",Ahmedabad,MH,VERIFIED,2023-08-03 00:12:57.226914
CUST001851,Ijaya,Nori,1958-12-07,fnagy@example.org,9018174973,"63/36, Char Nagar",Pune,TS,REJECTED,2023-07-04 11:22:11.280529
CUST001852,Chatura,Murty,1989-06-17,ekanta96@example.net,9740059758,"42/10, Gaba Road",Mumbai,TS,VERIFIED,2026-04-10 09:59:22.700772
CUST001853,Yashodhara,Menon,1997-10-28,niharikanagi@example.com,7872550541,"37/57, Agate Chowk",Ahmedabad,TN,PENDING,2022-09-12 11:43:00.206542
CUST001854,Saanvi,Raghavan,1988-10-04,rattigeorge@example.net,9413512848,"H.No. 95, Dutta Circle",Ahmedabad,MH,VERIFIED,2026-06-25 05:40:15.153141
CUST001855,David,Rout,1984-06-12,labansagar@example.net,5694906082,"H.No. 235, Devan Zila",Delhi,TN,REJECTED,2024-07-12 17:21:20.098881
CUST001856,Aashi,Pau,2008-03-17,vchoudhary@example.com,4943856337,"13/87, Tank Circle",Chennai,WB,VERIFIED,2022-09-27 09:54:22.591270
CUST001857,Isaiah,Varty,1955-10-08,darvihaan@example.org,9523314324,"H.No. 278, Saha Chowk",Bangalore,MH,REJECTED,2026-01-16 13:04:32.842306
CUST001858,Yashvi,Sundaram,1994-09-06,valaekapad@example.org,2082204484,"81/64, Pandit",Kolkata,TS,VERIFIED,2023-07-29 00:18:08.427495
CUST001859,Bakhshi,Mannan,2007-01-12,anay02@example.net,2241701831,"403, Om Nagar",Mumbai,DL,REJECTED,2024-06-30 11:08:03.804190
CUST001860,Urvashi,Garde,1969-11-22,tankudant@example.org,5813682201,"68/54, Gill Marg",Mumbai,MH,REJECTED,2025-07-11 21:01:09.940199
CUST001861,Lekha,Seth,1951-02-19,sahninitesh@example.org,1240766453,"H.No. 350, Cheema Zila",Delhi,KA,VERIFIED,2022-12-13 23:34:08.658876
CUST001862,Aahana,Purohit,1982-01-20,avi92@example.net,8489945494,"H.No. 72, Mani Nagar",Mumbai,MH,PENDING,2023-07-28 18:32:25.947365
CUST001863,Damini,Dass,1990-01-03,apatel@example.org,9046514444,"14/52, Desai Path",Kolkata,DL,PENDING,2024-07-20 01:06:51.000640
CUST001864,Yasti,Vaidya,1981-08-11,ymisra@example.com,8930431784,"699, Oak Chowk",Kolkata,WB,PENDING,2025-05-22 00:11:45.097152
CUST001865,Theodore,Kala,1978-12-01,vdeo@example.com,5422412503,"472, Karpe Street",Pune,TS,PENDING,2023-08-27 13:15:13.797408
CUST001866,Tamanna,Dhingra,1953-02-26,ekapad97@example.com,7006323998,"521, Wali Nagar",Hyderabad,MH,REJECTED,2026-06-14 07:01:01.745354
CUST001867,Ranbir,Sharma,1971-11-04,ojasvikara@example.org,8945108858,"11/99, Golla Road",Kolkata,DL,PENDING,2023-12-21 05:29:51.573375
CUST001868,Watika,Keer,1967-03-07,sabharwalaadhya@example.org,9553433497,"04/093, Manne Street",Hyderabad,TN,VERIFIED,2024-10-30 21:12:37.702047
CUST001869,Rohan,Balay,2000-11-08,sharafumang@example.org,3324308724,"07/12, Ganesh Zila",Hyderabad,MH,VERIFIED,2023-03-19 19:59:20.985166
CUST001870,Rachana,Brahmbhatt,1953-07-10,isaac98@example.net,7244952076,"831, Sheth Zila",Mumbai,TS,PENDING,2024-01-25 01:10:22.408848
CUST001871,Ishanvi,Chhabra,1975-05-09,daksh18@example.org,5440277601,"575, Bakshi Zila",Kolkata,TS,VERIFIED,2024-07-25 01:35:31.104003
CUST001872,Anirudh,Kale,1973-01-06,wyogi@example.com,3973847184,"021, Brahmbhatt Street",Hyderabad,WB,PENDING,2026-06-26 02:38:36.647067
CUST001873,Rehaan,Ray,1961-11-12,vdesai@example.org,2980310262,"H.No. 674, Ghosh Circle",Kolkata,TS,PENDING,2024-09-24 12:38:45.857079
CUST001874,Nathaniel,Dua,1984-01-10,baghyawati65@example.net,7631691455,"H.No. 35, Dutt Road",Kolkata,GJ,PENDING,2025-04-13 15:01:38.035281
CUST001875,Samar,Sastry,1959-11-12,rajeshri67@example.com,2676174790,"420, Sane Path",Delhi,MH,VERIFIED,2025-11-23 14:27:05.353415
CUST001876,Manan,Peri,1967-05-23,dwalia@example.com,3719603489,"01, Rai Path",Kolkata,MH,REJECTED,2023-08-27 16:24:33.853502
CUST001877,Wahab,Prabhakar,1961-05-14,chareesha@example.com,4015043790,"83/58, Pandey Path",Ahmedabad,MH,REJECTED,2025-12-12 00:07:16.531004
CUST001878,Udarsh,Sane,1965-10-05,saumya59@example.com,4254290436,"84, Talwar",Chennai,WB,REJECTED,2026-06-30 13:49:53.226942
CUST001879,Falak,Bhatia,1997-06-05,pvirk@example.com,2530815808,"H.No. 11, Kapadia",Delhi,MH,VERIFIED,2026-02-07 17:15:43.659804
CUST001880,Nathan,Mander,1974-07-27,dubeyucchal@example.com,3710029596,"H.No. 70, Jani Path",Ahmedabad,DL,VERIFIED,2025-04-17 16:27:55.114323
CUST001881,Benjamin,Korpal,1972-06-15,anmolbhattacharyya@example.com,6419729410,"06/93, Viswanathan Street",Ahmedabad,KA,VERIFIED,2025-10-28 07:51:37.780973
CUST001882,Amaira,Baral,1954-09-27,shanfaras@example.org,3709718467,"37, Cherian Ganj",Chennai,GJ,REJECTED,2026-02-16 16:05:53.033991
CUST001883,Luke,Sem,1970-08-23,vrittimore@example.com,1006977400,"32/56, Bora Marg",Bangalore,KA,VERIFIED,2026-06-14 08:34:49.571362
CUST001884,Krishna,Chandra,1950-10-26,yagnesh70@example.org,0010222126,"H.No. 10, Bose Zila",Ahmedabad,KA,REJECTED,2024-10-06 07:05:21.978782
CUST001885,Ekansh,Radhakrishnan,1983-06-23,isaac06@example.com,9871014941,"22/51, Raj",Chennai,MH,VERIFIED,2025-08-13 02:05:08.363886
CUST001886,Krishna,Narayan,1980-01-12,bdara@example.com,1170254496,"42/182, Lall Path",Mumbai,GJ,PENDING,2023-08-22 18:30:02.171669
CUST001887,Chandresh,Narula,1990-12-17,falguni02@example.com,4263352317,"13, Agate Street",Ahmedabad,DL,PENDING,2025-02-15 10:09:37.194570
CUST001888,Nandini,Chana,1990-08-30,akshaykeer@example.org,7674482287,"00/49, Karpe Marg",Delhi,TN,VERIFIED,2023-03-28 18:47:47.945731
CUST001889,Libni,Sahni,1973-05-01,lsarkar@example.net,0296499104,"54/58, Modi Road",Hyderabad,MH,REJECTED,2022-10-03 08:55:23.777947
CUST001890,Hemangini,Sidhu,1977-06-01,korpalshravya@example.org,3427893287,"65, Warrior Road",Chennai,TN,VERIFIED,2026-03-12 18:00:36.632767
CUST001891,Kabir,Tata,2000-08-01,priya45@example.net,0300214366,"882, Deshpande Ganj",Ahmedabad,TS,REJECTED,2025-02-08 08:32:07.738947
CUST001892,Dalaja,Natarajan,1992-07-30,ikshitaram@example.com,2896575492,"H.No. 337, Bora Marg",Mumbai,TN,REJECTED,2026-06-22 06:04:37.171623
CUST001893,Faras,Pau,1989-08-10,ganand@example.com,1158162315,"11/58, Ravel Chowk",Mumbai,TN,PENDING,2025-09-26 09:37:55.007949
CUST001894,Devansh,Puri,1962-05-07,bpatla@example.com,9215109810,"002, Sura Chowk",Bangalore,TS,REJECTED,2023-12-16 02:06:18.975398
CUST001895,Akshay,Prashad,1970-02-11,madhav76@example.net,8082632676,"107, Karnik Path",Bangalore,TN,VERIFIED,2023-07-07 23:23:15.441070
CUST001896,Yahvi,Soni,2008-03-13,ikbal42@example.com,2930646143,"74, Zachariah Street",Hyderabad,TN,VERIFIED,2025-12-31 13:46:26.600253
CUST001897,Dhriti,Mukhopadhyay,2001-03-18,bhavani74@example.org,7528972459,"455, Bala Road",Chennai,MH,VERIFIED,2025-06-23 20:18:40.585785
CUST001898,Ati,Doshi,1957-09-18,chowdhurycharita@example.net,1177854539,"26, Goda",Hyderabad,TS,PENDING,2025-06-26 10:58:13.288560
CUST001899,Tanveer,Khalsa,1983-06-28,abhirambali@example.net,5539525637,"H.No. 24, Wali Path",Delhi,TS,VERIFIED,2025-12-17 07:45:18.666631
CUST001900,Vrishti,Balay,1957-10-07,dadadev@example.com,1733583624,"H.No. 569, Mukhopadhyay Road",Pune,GJ,VERIFIED,2025-06-14 00:28:05.695860
CUST001901,Warhi,Soni,1954-09-08,kashyapekiya@example.net,5891054825,"64/33, Sani Zila",Mumbai,DL,VERIFIED,2023-06-30 19:22:02.758291
CUST001902,Mitesh,Acharya,1987-12-28,oshawalla@example.net,8427751536,"50/669, Chawla",Hyderabad,TS,PENDING,2022-12-15 13:47:03.348854
CUST001903,Kabir,Murthy,2006-08-25,vvasa@example.net,4164933111,"H.No. 02, Dass Marg",Kolkata,WB,VERIFIED,2025-04-24 11:17:58.843785
CUST001904,Benjamin,Ramaswamy,1992-03-11,korpalnilima@example.org,3518522916,"07/398, Brar Chowk",Ahmedabad,TS,VERIFIED,2023-01-08 19:29:58.892824
CUST001905,Bina,Vaidya,1967-05-27,anika43@example.org,7457774146,"H.No. 633, Peri Street",Delhi,MH,VERIFIED,2025-03-03 20:07:12.866664
CUST001906,Xavier,Sant,1962-01-18,tanmayi57@example.net,6070250766,"H.No. 852, Bumb Marg",Bangalore,MH,VERIFIED,2023-07-02 19:53:05.456276
CUST001907,Osha,Varghese,1986-05-17,hiral32@example.com,7414124043,"35/96, Amble Nagar",Ahmedabad,WB,PENDING,2026-05-07 23:10:52.168849
CUST001908,Ekalinga,Dugal,1951-01-29,ycherian@example.net,8819392719,"19/87, Dave",Chennai,GJ,REJECTED,2022-08-27 05:55:42.400925
CUST001909,Gaurangi,Agate,1956-04-10,shroffjanaki@example.com,0180867522,"H.No. 28, Kar",Pune,WB,PENDING,2023-01-04 10:24:00.171067
CUST001910,Hredhaan,Raval,2001-03-23,faris77@example.org,3197493135,"H.No. 59, Swamy Ganj",Ahmedabad,TN,VERIFIED,2023-04-17 01:52:09.888482
CUST001911,Kala,Bhatnagar,1956-01-06,ekanisarkar@example.com,1639172715,"813, Dara Road",Kolkata,MH,VERIFIED,2024-04-15 23:57:55.792263
CUST001912,Gauri,Bajwa,1961-07-11,neelima07@example.com,8757446544,"982, Datta Zila",Ahmedabad,WB,VERIFIED,2023-07-20 20:00:12.340205
CUST001913,Eshana,Uppal,1982-02-21,rsinha@example.org,0315134650,"96/38, Lata Chowk",Mumbai,KA,REJECTED,2026-02-19 06:53:43.787447
CUST001914,Vyanjana,Brar,1963-11-19,gandhiharinakshi@example.net,8341065729,"H.No. 62, Sama Nagar",Delhi,WB,REJECTED,2023-10-13 02:11:21.828916
CUST001915,Chandran,Keer,2002-05-14,tanishprashad@example.com,7441084397,"00/340, Korpal",Chennai,DL,VERIFIED,2025-11-02 02:43:38.917574
CUST001916,Yasti,Goswami,1978-04-26,sunderrudra@example.net,0310666465,"87/97, Vala Circle",Chennai,KA,VERIFIED,2023-12-12 10:39:26.671593
CUST001917,Inaya,Tella,1986-12-03,dparekh@example.net,1149179461,"951, Yohannan Nagar",Kolkata,GJ,VERIFIED,2026-07-03 10:45:44.976147
CUST001918,Samarth,Deol,1994-10-28,hramanathan@example.com,2003265030,"H.No. 420, Ray Chowk",Pune,DL,VERIFIED,2026-01-01 15:46:24.915069
CUST001919,Girish,Kapoor,1963-02-27,barkhaprakash@example.com,0396108492,"H.No. 38, Sawhney Marg",Delhi,MH,VERIFIED,2024-02-05 15:50:35.680566
CUST001920,Luke,Sen,1974-06-24,hdoshi@example.net,5456143153,"120, Venkatesh Nagar",Bangalore,MH,PENDING,2024-03-11 17:40:12.529338
CUST001921,Brijesh,Muni,1953-05-26,gillati@example.org,0364237331,"H.No. 471, Subramaniam Circle",Bangalore,KA,PENDING,2025-08-19 15:49:21.259871
CUST001922,Maya,Gaba,1999-08-24,msingh@example.net,2921017274,"H.No. 750, Sama Chowk",Delhi,MH,VERIFIED,2026-01-17 03:17:02.414501
CUST001923,Umang,Dhawan,1966-07-07,maharajlopa@example.org,5196627145,"86/862, Sathe Ganj",Chennai,MH,VERIFIED,2023-07-23 05:22:03.863162
CUST001924,Saumya,Shere,1956-03-24,ldas@example.org,9176707002,"445, Savant Street",Mumbai,KA,VERIFIED,2024-08-20 13:27:53.204457
CUST001925,Bina,Hayre,1950-08-20,kandawatika@example.net,6465949186,"49/320, Dhaliwal Ganj",Pune,KA,VERIFIED,2024-08-12 08:05:10.849956
CUST001926,Neha,Thaker,1977-12-09,upmaperi@example.com,8545765309,"081, Dayal Ganj",Bangalore,TS,PENDING,2023-04-15 08:59:37.558588
CUST001927,Hiral,Sharma,1972-02-17,faqid22@example.com,4350945573,"66/224, Sarma Chowk",Hyderabad,KA,VERIFIED,2023-03-22 09:05:28.330040
CUST001928,Saksham,Doshi,1997-05-07,srivastavaekaraj@example.org,2458864179,"79/33, Jain",Chennai,TN,PENDING,2024-04-23 17:19:21.463871
CUST001929,Rohan,Hayre,1981-03-13,nvala@example.net,8982581738,"H.No. 22, Natarajan Ganj",Bangalore,GJ,VERIFIED,2023-08-06 06:52:02.973283
CUST001930,Warinder,Srinivasan,1982-02-24,ukaul@example.net,2199806849,"H.No. 29, Panchal",Kolkata,DL,VERIFIED,2022-10-11 18:00:53.349907
CUST001931,Megha,Sheth,1959-07-24,nilimasaraf@example.org,0767778673,"05/97, Sani Road",Hyderabad,KA,VERIFIED,2022-11-09 21:31:59.312963
CUST001932,Vedant,Kalla,1952-07-18,vedikamand@example.org,2426103324,"51, Yadav Circle",Mumbai,WB,PENDING,2024-08-06 01:09:57.793133
CUST001933,Indrajit,Yadav,1998-05-31,nbumb@example.org,0635724763,"685, Apte Nagar",Delhi,MH,VERIFIED,2023-09-15 07:31:55.149201
CUST001934,Chandani,Karan,1980-02-07,abhiram09@example.net,6924505149,"35/975, Kara Road",Chennai,TS,PENDING,2024-06-15 02:25:00.869426
CUST001935,Ekanta,Keer,2008-02-18,manya10@example.com,9977222264,"002, Apte Chowk",Bangalore,GJ,VERIFIED,2025-11-28 08:56:25.062280
CUST001936,Januja,Bhasin,2000-04-13,zsaini@example.net,6938051453,"H.No. 681, Barad Street",Kolkata,TS,PENDING,2023-03-01 22:30:42.332880
CUST001937,Abeer,Bhagat,1952-02-05,palljasmit@example.net,9392244556,"148, More",Bangalore,TS,REJECTED,2024-08-01 03:46:04.352790
CUST001938,Fiyaz,Gupta,1986-09-13,frederick76@example.net,3038156959,"69/510, Joshi Marg",Kolkata,MH,REJECTED,2023-09-23 18:01:40.182371
CUST001939,Isaac,Bhatt,1997-06-26,cmanne@example.net,1730699382,"78/99, Ranganathan",Bangalore,GJ,VERIFIED,2024-03-30 00:17:10.144858
CUST001940,Wahab,Amble,1995-12-02,bhavinibhalla@example.com,1850560831,"H.No. 485, Sama Circle",Bangalore,MH,VERIFIED,2023-02-28 17:09:23.198045
CUST001941,Ekansh,Magar,1966-06-05,khuranapriya@example.com,7192705487,"H.No. 66, Kar Street",Bangalore,TN,PENDING,2023-11-29 00:25:05.029091
CUST001942,Champak,Prabhu,1973-05-25,moreanita@example.net,1501235066,"H.No. 05, Bail",Mumbai,GJ,VERIFIED,2022-09-27 21:00:57.113925
CUST001943,Jalsa,Pradhan,1991-01-05,fnarayan@example.net,7939194743,"35/219, Badami Marg",Mumbai,MH,PENDING,2025-11-25 15:05:47.958566
CUST001944,Avi,Devi,1977-01-20,widisha14@example.org,3211190266,"813, Amble Ganj",Chennai,TS,VERIFIED,2024-12-14 10:14:24.919292
CUST001945,Yagnesh,Chaudhari,2008-06-10,nicholas37@example.net,3463328742,"66/80, Baria Path",Kolkata,MH,REJECTED,2025-01-11 10:44:07.760136
CUST001946,Jagvi,Palla,2004-01-13,jacknarang@example.com,0154385781,"49/14, Venkatesh Circle",Ahmedabad,GJ,PENDING,2022-10-03 11:50:04.049483
CUST001947,Ishwar,Palan,1989-06-22,merchantanika@example.com,1995417100,"66, Pathak Circle",Kolkata,KA,REJECTED,2026-01-17 10:15:59.716689
CUST001948,Dipta,Natarajan,1964-04-04,fkannan@example.com,6599599023,"16/22, Sanghvi Marg",Pune,MH,PENDING,2023-10-09 06:48:17.304451
CUST001949,Yashvi,Mukherjee,1986-03-28,vyasmanya@example.org,6288363580,"51/313, Sankar Path",Ahmedabad,KA,REJECTED,2026-06-11 04:35:03.573438
CUST001950,Ikbal,Sawhney,2002-08-22,vedhikatoor@example.com,3447937223,"H.No. 968, Garde Street",Delhi,DL,VERIFIED,2023-01-29 06:32:57.584596
CUST001951,Harita,Virk,2008-01-02,ronith13@example.net,7408747407,"61/75, Om Marg",Kolkata,MH,VERIFIED,2023-12-28 01:25:12.574558
CUST001952,Christopher,Rajan,1957-11-11,bimalalala@example.org,1180954551,"H.No. 28, Khalsa Marg",Delhi,DL,VERIFIED,2024-05-09 04:49:55.560184
CUST001953,Zayan,Ahuja,1954-07-01,qchahal@example.com,6491445337,"H.No. 69, Majumdar Zila",Ahmedabad,TN,VERIFIED,2023-11-08 00:31:14.903706
CUST001954,Ikbal,Raghavan,1990-05-10,faraj57@example.org,7684091341,"07/19, Subramaniam Path",Hyderabad,MH,PENDING,2024-05-03 14:36:46.559231
CUST001955,Chandani,Pai,1956-07-11,hardik49@example.net,5838736807,"18/084, Venkatesh Ganj",Pune,TN,PENDING,2025-02-23 18:43:01.359707
CUST001956,Ekapad,Raja,1998-08-23,logan72@example.org,9907046445,"04, Dash Path",Bangalore,DL,PENDING,2024-08-30 15:56:58.216977
CUST001957,Champak,Vaidya,1955-06-25,nkashyap@example.org,2763272237,"H.No. 432, Basu Marg",Bangalore,GJ,VERIFIED,2025-04-10 04:04:32.733910
CUST001958,Chanakya,Lad,1977-07-24,shivansh52@example.org,5493053973,"59/964, Salvi Street",Hyderabad,MH,VERIFIED,2023-12-07 14:31:32.432794
CUST001959,Ladli,Bhatia,1992-02-07,ddugar@example.com,5143164119,"H.No. 64, Dugar Nagar",Mumbai,MH,PENDING,2022-11-12 08:42:00.164937
CUST001960,Bhavya,Ghose,1975-06-16,sacharjoshua@example.net,2384357993,"H.No. 89, Dugal Street",Kolkata,KA,REJECTED,2025-05-14 14:26:31.291631
CUST001961,Vasudha,Mallick,2000-12-05,patrick94@example.net,7565512889,"76, Palan Marg",Chennai,GJ,REJECTED,2023-11-29 03:30:04.728169
CUST001962,Dalbir,Kade,1955-04-15,braroliver@example.org,3387534214,"H.No. 57, Toor Road",Ahmedabad,MH,VERIFIED,2025-08-28 23:31:30.583923
CUST001963,Vihaan,Sandal,2001-12-29,joshuapathak@example.org,4309353521,"46/606, Doshi Circle",Delhi,MH,VERIFIED,2024-09-10 19:44:51.255518
CUST001964,Aadhya,Singhal,1956-07-19,vamakshi56@example.org,8010302212,"H.No. 216, Vala",Mumbai,WB,VERIFIED,2026-06-10 16:01:20.973154
CUST001965,Rayaan,Dua,1982-11-06,hardik42@example.org,3262144537,"H.No. 19, Suresh Marg",Pune,GJ,REJECTED,2023-07-06 18:57:38.202788
CUST001966,Ridhi,Tak,1982-07-23,brarjeet@example.net,9132684232,"H.No. 69, Johal Nagar",Hyderabad,MH,VERIFIED,2024-10-05 09:52:12.540963
CUST001967,Lila,Guha,1955-08-26,sai19@example.com,2381545527,"60/235, Mane Marg",Mumbai,TS,PENDING,2023-05-21 16:56:20.563642
CUST001968,Viraj,Atwal,1986-09-27,mupadhyay@example.org,0786796999,"19/48, Mahajan Chowk",Mumbai,GJ,REJECTED,2022-09-19 22:29:43.949263
CUST001969,Oscar,Keer,2006-07-01,anandbalendra@example.org,1551758637,"702, Ratti Circle",Mumbai,MH,VERIFIED,2024-02-26 22:06:11.687992
CUST001970,Radha,Thaker,1975-09-24,amruta31@example.org,2106514947,"43/105, Sarna Path",Mumbai,TS,VERIFIED,2024-03-26 00:03:59.237095
CUST001971,Chakradev,Jayaraman,1990-02-02,triyanarayanan@example.net,0889586979,"423, Lala Zila",Chennai,KA,PENDING,2024-07-28 07:24:48.060297
CUST001972,Gauri,Ganesh,1993-08-27,hemanisant@example.org,2098180409,"H.No. 414, Parmar Nagar",Hyderabad,KA,VERIFIED,2024-11-08 11:36:59.016885
CUST001973,Ikshita,Atwal,1989-03-19,amairasrinivas@example.net,2963641226,"43/924, Kakar Path",Bangalore,GJ,REJECTED,2025-09-19 13:28:31.202570
CUST001974,Mitali,Arya,1999-10-09,zehaanbal@example.net,7442539685,"H.No. 918, Chaudry Circle",Pune,KA,VERIFIED,2024-12-24 17:55:43.670029
CUST001975,Damyanti,Rajagopalan,1973-03-28,nathaniel80@example.net,0209790963,"H.No. 753, Dalal Ganj",Kolkata,DL,PENDING,2023-04-13 08:50:24.813058
CUST001976,Krishna,Palla,2002-07-24,wishisom@example.org,0437758725,"015, Khatri Ganj",Delhi,KA,REJECTED,2024-05-10 00:31:59.270962
CUST001977,Abhimanyu,Iyengar,2004-04-12,gayathriraja@example.net,4741331151,"48/42, Sachar Street",Hyderabad,DL,VERIFIED,2023-07-10 15:49:14.335159
CUST001978,Rudra,Chadha,1971-12-22,andrewbalan@example.org,9131565366,"H.No. 63, Chacko Path",Mumbai,TS,VERIFIED,2025-03-15 07:37:30.025821
CUST001979,Charvi,Nair,1960-06-02,simondewan@example.com,4852979934,"58, Kant Ganj",Bangalore,KA,VERIFIED,2025-07-23 08:46:27.523719
CUST001980,Jagdish,Taneja,1950-08-21,amenon@example.com,1231540244,"50, Ratta Zila",Hyderabad,WB,VERIFIED,2023-12-28 11:05:27.200060
CUST001981,Widisha,Bail,2006-03-26,ishwar41@example.org,2696364272,"54/367, Upadhyay Marg",Delhi,TS,PENDING,2023-05-28 05:56:11.336614
CUST001982,Vasana,Sant,1978-05-26,madhavi72@example.com,3013332798,"H.No. 267, Rajan Zila",Pune,MH,VERIFIED,2025-03-03 16:16:48.468328
CUST001983,Barkha,Chandra,2000-05-05,jagdish47@example.com,1603849526,"879, Raval Path",Bangalore,WB,VERIFIED,2022-11-28 11:54:15.134780
CUST001984,Frado,Apte,1983-06-09,eraja@example.net,9293257890,"90, Bhakta Ganj",Mumbai,GJ,VERIFIED,2022-11-30 02:22:44.181964
CUST001985,Tristan,Mangal,1993-04-25,fbobal@example.org,2730238595,"H.No. 722, Bath Ganj",Mumbai,MH,VERIFIED,2025-10-27 08:03:12.427039
CUST001986,Xavier,Prabhu,1993-04-26,tristankapur@example.net,1113997738,"76/78, Korpal Street",Bangalore,TN,PENDING,2025-09-22 04:40:21.170139
CUST001987,Chaaya,Gopal,1958-03-09,vreddy@example.org,4486574306,"H.No. 84, Dasgupta",Ahmedabad,TS,VERIFIED,2024-03-01 19:40:16.649707
CUST001988,Reva,Dhaliwal,1953-07-20,bhatnagarsathvik@example.org,8433914198,"305, Sha Nagar",Hyderabad,TN,REJECTED,2024-12-07 10:33:42.314390
CUST001989,Ati,Nori,1953-09-10,barkha32@example.com,9298028441,"62/408, Narayanan Circle",Ahmedabad,WB,VERIFIED,2025-08-01 04:04:59.833501
CUST001990,Ishwar,Sangha,1964-02-15,yashawinichawla@example.org,0574103762,"H.No. 525, Kade Circle",Hyderabad,MH,REJECTED,2026-06-24 10:33:15.904471
CUST001991,Fiyaz,Sankar,1964-03-20,evarughese@example.org,4466847132,"915, Om Circle",Hyderabad,GJ,REJECTED,2024-09-10 20:03:40.254329
CUST001992,Guneet,Pillai,1981-02-12,beragirindra@example.com,0235359682,"H.No. 08, Dey Zila",Bangalore,TN,VERIFIED,2025-04-26 00:15:21.016493
CUST001993,Gayathri,Sanghvi,1963-11-05,rastogiwarhi@example.com,0271689278,"71/81, Issac",Kolkata,MH,REJECTED,2025-05-07 14:38:52.787136
CUST001994,Victor,Mohanty,1979-07-21,wbath@example.org,4730802821,"24/14, Bail Ganj",Pune,MH,VERIFIED,2025-12-08 23:18:29.442384
CUST001995,Chakrika,More,1972-10-10,owalia@example.net,2596349001,"450, Kuruvilla Nagar",Bangalore,DL,REJECTED,2023-09-15 17:21:21.845369
CUST001996,Januja,Chakraborty,1989-04-18,calebkala@example.org,6617061668,"09/872, More Circle",Pune,GJ,VERIFIED,2023-01-15 09:45:39.858869
CUST001997,Ekavir,Vala,1956-10-03,mramaswamy@example.org,4440557247,"63/62, Borde Nagar",Chennai,MH,VERIFIED,2025-08-23 02:36:44.808789
CUST001998,Anjali,Menon,2005-11-08,mdugar@example.org,1706686372,"H.No. 84, Mody Nagar",Bangalore,TS,PENDING,2024-03-25 16:00:05.484869
CUST001999,Jasmit,Shan,1955-10-03,omajanadkarni@example.com,6416566671,"H.No. 207, Cheema Nagar",Ahmedabad,TS,VERIFIED,2024-07-08 11:52:32.622203
CUST002000,Andrew,Nazareth,1986-12-09,jhalaksami@example.com,6255257615,"84/80, Sahni Circle",Mumbai,MH,VERIFIED,2024-09-05 00:01:47.175463
CUST002001,Raagini,Varty,1993-07-29,advaithkrishnan@example.org,2299785321,"89/30, Atwal",Chennai,MH,PENDING,2022-11-21 10:34:37.386873
CUST002002,Champak,Kota,1979-01-19,jpadmanabhan@example.com,1405650257,"59/02, Amble Chowk",Chennai,DL,REJECTED,2023-09-25 01:54:53.459374
CUST002003,Reyansh,Rana,1985-09-13,choudhuryzaitra@example.org,4883626961,"71/775, Roy Street",Ahmedabad,MH,VERIFIED,2023-09-11 17:20:44.045158
CUST002004,Chandani,Gole,1990-08-04,parmaranita@example.net,8814124527,"75/50, Sani Path",Mumbai,TS,VERIFIED,2025-06-08 23:01:11.974511
CUST002005,Chakrika,Warrior,1955-04-17,hsathe@example.net,0139193870,"013, Yogi Road",Mumbai,GJ,REJECTED,2023-04-09 21:31:30.419422
CUST002006,Siddharth,Ghosh,1982-04-16,mukhopadhyayanay@example.com,2478635723,"089, Khurana Nagar",Bangalore,KA,VERIFIED,2025-12-30 00:34:34.768271
CUST002007,Chaman,Mukherjee,1973-08-23,yuvraj21@example.net,9549686177,"91/99, Mallick Circle",Ahmedabad,DL,PENDING,2023-10-31 04:44:47.213593
CUST002008,Oni,Bir,1977-08-15,jacob10@example.org,6257621090,"95, Bajaj Path",Pune,DL,VERIFIED,2024-03-09 09:29:36.692380
CUST002009,Christopher,Kunda,1967-11-27,padmanabhanpooja@example.com,0572756220,"92/83, Bains",Bangalore,DL,VERIFIED,2022-09-22 21:33:50.095713
CUST002010,Tripti,Balakrishnan,1957-06-12,vanyaramanathan@example.net,7203248932,"77, Madan",Bangalore,MH,PENDING,2023-11-21 02:37:29.595334
CUST002011,Lipika,Nair,1962-06-29,aradhanadada@example.com,2689880775,"57/85, Mistry Marg",Pune,WB,VERIFIED,2026-04-19 06:55:56.089099
CUST002012,Praneel,Malhotra,1958-08-10,alkaraju@example.net,9851652287,"77/86, Lad Ganj",Bangalore,GJ,REJECTED,2024-01-26 07:28:41.447200
CUST002013,Ekansh,Mahal,1967-02-21,csundaram@example.com,6397103188,"60/68, Vig Circle",Ahmedabad,MH,PENDING,2026-07-11 18:44:40.920120
CUST002014,Raksha,Mandal,1992-12-30,adityanarayanan@example.net,5784622163,"65/15, Chada Ganj",Hyderabad,MH,REJECTED,2025-04-04 03:57:01.620037
CUST002015,Chaaya,Bora,1989-11-16,jeremiahthaker@example.net,9086865146,"H.No. 593, Sachdeva",Ahmedabad,TS,PENDING,2023-02-25 09:34:22.375859
CUST002016,Hredhaan,Natt,1972-01-25,qarinram@example.com,2465529578,"83, Ahluwalia Street",Delhi,TS,PENDING,2024-06-12 07:03:28.401574
CUST002017,Pranit,Dutt,1996-12-02,fdash@example.org,8002149800,"H.No. 57, Koshy Chowk",Pune,DL,VERIFIED,2026-04-26 16:24:15.626611
CUST002018,Tarak,Doctor,1983-02-19,ekanshguha@example.org,8366949835,"98, Jhaveri Chowk",Pune,DL,VERIFIED,2023-10-08 17:42:11.396096
CUST002019,Sudiksha,Mutti,1980-03-28,prisha27@example.org,7024469845,"06/60, Mishra",Mumbai,MH,VERIFIED,2023-03-05 08:52:03.539576
CUST002020,Rushil,Bhagat,1997-12-24,pavanimannan@example.com,8899872444,"84/209, Shanker Street",Hyderabad,KA,PENDING,2024-06-18 09:16:52.280469
CUST002021,Yatan,Basu,1984-10-14,buchluke@example.org,2151285136,"H.No. 16, Gandhi Path",Ahmedabad,WB,VERIFIED,2023-10-31 01:31:50.420133
CUST002022,Vrinda,Anand,1950-09-13,etara@example.com,9003226073,"267, Wali Road",Delhi,MH,VERIFIED,2026-07-15 04:25:02.176690
CUST002023,Anita,Kanda,1955-02-18,joshilogan@example.org,8543767305,"H.No. 964, Saini Path",Hyderabad,TS,REJECTED,2023-11-05 14:09:08.016239
CUST002024,Lakshit,Madan,1962-07-31,fariqdixit@example.com,8898392307,"570, Seshadri Marg",Pune,KA,PENDING,2024-10-08 05:24:19.851902
CUST002025,Tanvi,Tara,1998-11-12,charitakulkarni@example.net,4759711315,"H.No. 024, Ram Street",Ahmedabad,MH,REJECTED,2026-03-03 18:07:48.562762
CUST002026,Edhitha,Sanghvi,2002-01-08,prisha84@example.com,1090358587,"75/027, Dubey Zila",Ahmedabad,GJ,VERIFIED,2025-10-13 13:21:49.796590
CUST002027,Qarin,Choudhry,1993-11-22,wahabsarna@example.org,7366497069,"19/643, Pai Ganj",Mumbai,WB,VERIFIED,2024-02-27 01:17:23.889594
CUST002028,Ranbir,Nath,1996-05-07,elijahbrahmbhatt@example.org,0000822205,"93/95, Bawa Marg",Pune,DL,PENDING,2024-04-03 01:59:27.695325
CUST002029,Azaan,Manne,1975-04-06,sekhonjackson@example.org,4782475991,"65, Rau Nagar",Pune,TS,REJECTED,2024-09-14 18:30:58.234494
CUST002030,Yadavi,Patla,1977-06-06,lbarad@example.com,1603502450,"H.No. 524, Sane Zila",Mumbai,WB,VERIFIED,2024-08-25 09:28:42.798481
CUST002031,Aarini,Murthy,1975-08-24,lakshmi86@example.com,6469142840,"743, Uppal Chowk",Mumbai,GJ,REJECTED,2025-01-06 05:13:33.350974
CUST002032,Gunbir,Badal,1994-08-04,yashicagokhale@example.org,2583376223,"H.No. 541, Tak Chowk",Mumbai,WB,REJECTED,2023-09-11 16:53:27.248301
CUST002033,Triya,Yohannan,2008-08-02,cbrar@example.net,0059118624,"34/891, Bhalla Road",Kolkata,GJ,VERIFIED,2024-03-20 22:46:28.637790
CUST002034,Lopa,Kar,1955-08-19,idika58@example.org,8757575131,"708, Maharaj Road",Ahmedabad,GJ,VERIFIED,2023-02-19 07:48:07.847906
CUST002035,Ekaja,Babu,1956-09-28,gagankonda@example.net,4184293264,"73, Sur Ganj",Bangalore,MH,PENDING,2023-08-21 02:18:18.952594
CUST002036,Ekalinga,Batta,1975-02-14,neelimabasu@example.com,9712793108,"56, Acharya",Pune,TS,VERIFIED,2025-03-22 14:41:44.703021
CUST002037,Anthony,Mital,1957-05-07,arama@example.net,6611828921,"H.No. 35, Khanna Circle",Chennai,MH,VERIFIED,2024-05-02 00:39:33.682106
CUST002038,Waida,Nagy,1963-07-30,krishnahora@example.org,9289691861,"454, Raja",Mumbai,GJ,VERIFIED,2022-09-20 14:17:18.929531
CUST002039,Omkaar,Gera,1952-04-16,hamsinioza@example.net,0035808756,"08/853, Khatri Road",Hyderabad,GJ,REJECTED,2026-04-20 09:25:16.430941
CUST002040,Quincy,Sastry,1992-08-31,snehasavant@example.net,4079328181,"11, Kara Nagar",Mumbai,GJ,PENDING,2026-03-29 22:39:07.033008
CUST002041,Owen,Bera,2006-07-24,bkanda@example.org,4574179184,"H.No. 013, Bhargava Ganj",Hyderabad,WB,VERIFIED,2023-09-30 16:36:04.015941
CUST002042,Om,Dalal,1966-08-28,kumerabhiram@example.org,3921581927,"764, Purohit Path",Delhi,GJ,VERIFIED,2025-11-24 07:47:28.061855
CUST002043,Dayita,Sandhu,1983-03-01,prakashrohan@example.org,5974709148,"90/833, Deep Circle",Bangalore,WB,VERIFIED,2022-12-05 15:14:20.636865
CUST002044,Keya,Palan,1975-02-10,owarrior@example.net,8126669916,"08, Puri Marg",Mumbai,TN,PENDING,2025-12-07 15:15:26.657587
CUST002045,Chaman,Yohannan,1993-03-01,shivani75@example.net,7673800750,"37/339, Mallick Ganj",Chennai,MH,VERIFIED,2024-01-09 17:07:28.223978
CUST002046,Barkha,Chander,2004-05-16,radhatara@example.net,5707385460,"213, Aggarwal Ganj",Delhi,MH,REJECTED,2024-06-18 18:02:41.968729
CUST002047,Yoshita,Sarna,1990-02-05,yashodavohra@example.org,2955769308,"07/991, Anne",Delhi,MH,VERIFIED,2025-02-17 19:40:43.722205
CUST002048,Raghav,Chacko,1970-09-08,umang44@example.net,9747084867,"H.No. 98, Purohit Path",Kolkata,DL,PENDING,2024-04-07 22:13:11.817107
CUST002049,Saksham,Sami,1972-04-20,krishnahemang@example.com,6724089628,"156, Sen Marg",Mumbai,DL,VERIFIED,2023-07-28 11:12:53.348716
CUST002050,Faraj,Vaidya,1977-08-09,achoudhry@example.com,9992071898,"189, Bali Marg",Hyderabad,KA,REJECTED,2022-11-16 02:59:26.586257
CUST002051,Rayaan,Muni,1972-12-12,somwazir@example.com,7414655451,"H.No. 91, Mitra Marg",Pune,TS,VERIFIED,2023-11-10 17:53:34.979955
CUST002052,Gagan,Palla,1988-09-02,bhari@example.net,6338648650,"525, Bhatt Nagar",Pune,KA,PENDING,2025-07-22 02:09:50.733578
CUST002053,Gagan,Sachdev,1971-11-08,dlad@example.org,6967781341,"H.No. 86, Bhattacharyya Road",Pune,MH,VERIFIED,2026-06-25 16:24:39.343842
CUST002054,Diya,Kalita,1970-09-15,badalalka@example.org,1840639294,"710, Mistry Nagar",Delhi,TN,REJECTED,2025-04-25 21:57:59.191944
CUST002055,Hemang,Ghose,1975-07-12,warinder84@example.com,9819205091,"36/259, Desai Ganj",Kolkata,TN,VERIFIED,2025-01-20 06:18:57.159111
CUST002056,Priya,Patel,1979-01-11,choudhryom@example.net,9128300623,"92/451, Tak Marg",Bangalore,DL,VERIFIED,2026-01-17 05:30:29.737472
CUST002057,Wakeeta,Sengupta,1973-10-30,fanand@example.net,1729233591,"H.No. 535, Ganesh Marg",Ahmedabad,GJ,REJECTED,2024-11-12 23:44:07.985922
CUST002058,Triveni,Devan,1992-04-18,anthony40@example.net,1477168289,"H.No. 46, Dyal Circle",Bangalore,GJ,REJECTED,2025-06-03 05:23:16.071644
CUST002059,Gunbir,Ratta,1961-12-01,vinayaagrawal@example.org,4732232242,"81, Oak Street",Chennai,GJ,REJECTED,2025-10-25 15:05:34.593574
CUST002060,Chaaya,Oommen,2008-08-02,emammen@example.com,4474176434,"94, Raju Nagar",Delhi,KA,VERIFIED,2023-08-14 07:16:51.491982
CUST002061,Qabil,Palla,1963-03-19,kabirloyal@example.com,8345199550,"H.No. 47, Dara Street",Ahmedabad,KA,VERIFIED,2025-05-04 23:03:11.555957
CUST002062,Shravya,Bala,2003-07-04,wgokhale@example.net,1622043771,"484, Dayal",Kolkata,TS,VERIFIED,2025-07-19 01:45:06.253373
CUST002063,Ijaya,Gera,2004-04-26,abdulnaidu@example.com,0808207809,"H.No. 925, Contractor Street",Bangalore,KA,VERIFIED,2024-04-25 09:51:01.010706
CUST002064,Anusha,Dhawan,1961-12-21,aashi79@example.org,0279299025,"798, Patel Street",Chennai,KA,VERIFIED,2022-08-25 04:41:07.380986
CUST002065,Yauvani,Vora,1964-12-29,siddharth26@example.org,2240807700,"15, Raghavan Nagar",Ahmedabad,TS,VERIFIED,2025-11-30 01:29:17.437066
CUST002066,Manbir,Memon,1972-09-28,neel08@example.com,5122866009,"41/17, Prakash Zila",Mumbai,TN,PENDING,2024-10-03 07:29:13.512941
CUST002067,David,Keer,1974-03-01,ekothari@example.org,9012599684,"29/786, Borde Chowk",Hyderabad,GJ,VERIFIED,2026-07-09 16:36:51.520370
CUST002068,Qarin,Nori,1989-09-03,vedhika19@example.com,7007191035,"H.No. 92, Singhal Zila",Kolkata,GJ,VERIFIED,2023-12-12 06:29:03.210427
CUST002069,Amaira,Apte,2006-03-06,pradhanekani@example.net,6314387061,"H.No. 188, Nigam",Chennai,MH,VERIFIED,2023-05-03 12:17:50.851062
CUST002070,Ishwar,Divan,1992-09-10,qnanda@example.net,1733666481,"40, Chander Nagar",Mumbai,MH,REJECTED,2025-01-11 02:05:34.328059
CUST002071,Dalbir,Dada,1998-07-12,routyug@example.net,2443265495,"97/855, Sengupta Zila",Delhi,WB,REJECTED,2024-11-07 16:43:15.866779
CUST002072,Hiral,Mane,2001-03-28,pbaria@example.org,5948930494,"H.No. 069, Rattan Path",Delhi,DL,PENDING,2024-12-22 11:24:30.274352
CUST002073,Girik,Wason,1991-04-27,rayaanchada@example.com,9266403075,"64/081, Prashad Nagar",Ahmedabad,GJ,VERIFIED,2025-01-13 02:20:28.874883
CUST002074,Dakshesh,Cheema,1976-03-30,gpingle@example.org,9208653749,"31/85, Rajan Marg",Hyderabad,TN,VERIFIED,2024-05-20 19:57:57.293547
CUST002075,Gaurangi,Kunda,2001-12-04,aadhyashere@example.net,2688810786,"70/30, Vohra Chowk",Chennai,MH,PENDING,2025-07-03 09:10:03.755230
CUST002076,Pallavi,Dave,1965-02-08,etanayak@example.net,1912776151,"H.No. 24, Sidhu Marg",Delhi,TN,VERIFIED,2023-02-08 06:27:05.534222
CUST002077,Anirudh,Bhat,1965-05-12,hemanisawhney@example.com,7125445847,"H.No. 499, Bhavsar Nagar",Hyderabad,DL,VERIFIED,2024-05-02 16:29:34.656038
CUST002078,Aishani,Bala,1990-10-23,nattchavvi@example.net,4962521653,"07/66, Sunder Marg",Ahmedabad,TS,REJECTED,2026-07-01 00:57:10.483902
CUST002079,Max,Kunda,1987-12-31,akshaykhosla@example.org,7997065811,"78, Sarin Ganj",Hyderabad,TN,VERIFIED,2024-01-11 21:54:50.421897
CUST002080,Brijesh,Sama,1993-04-04,chauhanliam@example.org,1662393526,"655, Bhavsar Circle",Hyderabad,TS,VERIFIED,2023-07-05 18:11:38.223132
CUST002081,Samar,Datta,1996-08-15,mchaudhari@example.com,2701823320,"H.No. 467, Badal Road",Pune,KA,VERIFIED,2025-11-30 13:20:30.208307
CUST002082,Girindra,Pradhan,1963-05-25,brahmbhattharini@example.com,8356287531,"649, Choudhry Street",Delhi,TS,PENDING,2025-09-09 23:03:21.189549
CUST002083,Oeshi,Kulkarni,1971-09-26,ybhatnagar@example.com,9303221688,"21/55, Lall Chowk",Chennai,DL,VERIFIED,2023-12-25 17:42:41.756778
CUST002084,Gagan,Desai,2005-08-11,harish21@example.net,3401791944,"69/625, Roy Ganj",Pune,MH,VERIFIED,2026-06-06 01:05:07.242010
CUST002085,Harshil,Chaudry,1978-10-16,calebkari@example.com,7417565923,"H.No. 22, Sengupta Ganj",Delhi,TS,VERIFIED,2024-05-26 09:51:52.255515
CUST002086,Lekha,Mukhopadhyay,1963-11-09,reyanshparekh@example.org,2111529270,"76, Dass Road",Ahmedabad,TS,REJECTED,2022-12-28 14:49:55.513904
CUST002087,Jackson,Chander,1979-07-22,falanbaria@example.org,9104600520,"86, Chakraborty Path",Chennai,KA,VERIFIED,2022-10-26 12:30:23.148685
CUST002088,Ishita,Kade,1978-01-07,krishnasharaf@example.net,9290253244,"69, Parikh Marg",Kolkata,GJ,VERIFIED,2022-09-18 11:02:32.071695
CUST002089,Mohini,Murty,1968-09-19,nitesh89@example.org,6312453474,"H.No. 847, Dara Circle",Ahmedabad,DL,VERIFIED,2024-06-11 15:11:22.633754
CUST002090,Maanav,Gade,1963-01-05,anika94@example.com,4848569445,"57/299, Kunda Zila",Mumbai,DL,VERIFIED,2024-10-26 02:19:18.595197
CUST002091,Christopher,Srinivasan,1954-05-10,frederickmadan@example.org,7646123955,"91/372, Sachdev Nagar",Ahmedabad,TN,REJECTED,2023-02-25 05:02:02.349350
CUST002092,Ridhi,Kalla,1954-02-15,pbala@example.net,4686207539,"28/91, Kade Circle",Hyderabad,GJ,VERIFIED,2025-09-28 17:45:59.990739
CUST002093,Ekani,Arya,1976-04-16,ekanta50@example.com,6815114627,"176, Shere Street",Bangalore,GJ,VERIFIED,2026-02-03 15:23:29.650777
CUST002094,Peter,Mukherjee,1963-12-22,modyamruta@example.com,5149975301,"845, Mander Path",Hyderabad,KA,VERIFIED,2026-01-23 11:13:34.413143
CUST002095,Aarush,Chakraborty,1957-11-20,loganborah@example.net,8131205930,"H.No. 922, Baral Street",Mumbai,WB,REJECTED,2023-12-10 00:40:29.975468
CUST002096,Dayamai,Biswas,1997-07-30,yreddy@example.net,0683828266,"09/773, Memon Path",Pune,GJ,VERIFIED,2023-04-12 14:13:28.753760
CUST002097,Nimrat,Goyal,1971-10-27,andrew12@example.org,5530125343,"37/06, Narasimhan Chowk",Bangalore,DL,VERIFIED,2024-11-27 00:52:29.325383
CUST002098,Chanchal,Mannan,1951-12-16,loyalyutika@example.org,1194572055,"85, Nadig Path",Pune,MH,VERIFIED,2026-03-21 22:43:25.891777
CUST002099,Lila,Mane,1996-12-10,panditsathvik@example.net,0722884993,"89, Atwal Circle",Pune,MH,VERIFIED,2022-08-20 17:44:45.218089
CUST002100,Mugdha,Oak,2005-03-09,hemanginimane@example.com,0523614163,"42, Bath Nagar",Ahmedabad,KA,REJECTED,2023-01-06 18:29:11.756846
CUST002101,Ikshita,Bera,1961-04-04,aayush79@example.net,9778810485,"54/248, Virk Chowk",Kolkata,MH,PENDING,2026-01-22 14:51:33.711128
CUST002102,Chaitanya,Morar,1956-09-15,xalak14@example.org,7951569922,"90/168, Manda Circle",Delhi,MH,VERIFIED,2023-09-27 23:05:53.302184
CUST002103,Darika,Sridhar,1999-09-30,victorapte@example.net,7914159284,"41, Nayar Marg",Kolkata,TS,PENDING,2025-04-10 11:49:16.380189
CUST002104,Sai,Mammen,2003-11-09,jsastry@example.com,3716436111,"417, Sani Zila",Delhi,WB,VERIFIED,2023-07-31 21:45:02.498508
CUST002105,Charvi,Swaminathan,1982-05-24,niharika34@example.net,2510110288,"H.No. 10, Chakraborty Zila",Mumbai,TN,VERIFIED,2024-09-04 18:41:04.128308
CUST002106,Chakradev,Bumb,1988-02-26,unni48@example.org,7961942380,"H.No. 82, Sridhar Road",Delhi,TN,PENDING,2025-07-15 16:39:30.862734
CUST002107,Yashodhara,Bakshi,1994-02-05,goletriya@example.net,7436425424,"15/46, Sarin Marg",Bangalore,MH,PENDING,2025-07-27 03:31:39.988099
CUST002108,Karan,Agarwal,1978-09-10,triptidixit@example.org,1870863344,"H.No. 08, Bahri Street",Kolkata,GJ,VERIFIED,2025-01-03 13:17:23.977897
CUST002109,Yochana,Nagy,1973-03-20,devichavvi@example.com,2783626849,"04/47, Bumb Path",Hyderabad,WB,PENDING,2025-04-30 09:22:23.275428
CUST002110,Vritti,Ganesan,1973-11-16,sankaransh@example.net,3820002978,"46/553, Din Nagar",Hyderabad,KA,VERIFIED,2023-12-28 00:23:37.568314
CUST002111,Onkar,Dara,1958-01-16,rastogiansh@example.org,8322327234,"08, Vohra Ganj",Pune,TN,PENDING,2023-03-21 03:31:32.894849
CUST002112,Finn,Kumar,1994-07-25,ojas23@example.net,2284661999,"63/21, Karan Ganj",Delhi,KA,REJECTED,2026-04-17 06:51:45.936566
CUST002113,Eesha,Gokhale,1955-04-24,hemani54@example.com,2270048997,"59/730, Swamy Ganj",Kolkata,KA,VERIFIED,2024-05-18 22:31:37.098877
CUST002114,Janya,Ben,1981-01-22,oluthra@example.org,0608307736,"87/71, Sidhu Path",Kolkata,TN,PENDING,2023-08-16 17:23:37.490915
CUST002115,Upkaar,Kaul,1969-11-28,yachanakakar@example.com,2389405694,"81, Bassi Street",Hyderabad,GJ,REJECTED,2025-12-04 07:08:42.670767
CUST002116,Nandini,Dubey,1966-11-11,panditnathan@example.org,2756173720,"H.No. 755, Raman Path",Hyderabad,MH,VERIFIED,2024-06-09 20:48:18.513724
CUST002117,Chaitaly,Srinivasan,1965-01-01,bassiomya@example.com,4499890716,"024, Deshmukh",Kolkata,TN,REJECTED,2024-05-31 05:10:12.531143
CUST002118,Aarav,Andra,1983-02-11,chasmumdara@example.net,1550393038,"137, Chopra Ganj",Ahmedabad,MH,VERIFIED,2023-06-29 03:17:00.706639
CUST002119,Kala,Balakrishnan,1996-09-22,yutika81@example.net,5997322927,"39/86, Chandra Ganj",Chennai,GJ,REJECTED,2023-03-23 16:24:10.412931
CUST002120,Oni,Gokhale,1952-06-10,jsharma@example.com,0381691948,"69/864, Mahal Road",Ahmedabad,MH,VERIFIED,2025-02-04 18:40:01.754543
CUST002121,Jagdish,Panchal,1955-05-19,ozaadya@example.net,7255730180,"42/30, Edwin Street",Mumbai,TS,VERIFIED,2024-12-06 00:08:02.732968
CUST002122,Vaishnavi,Gole,1978-10-01,nathan15@example.org,2311434166,"75, Sarna",Chennai,GJ,VERIFIED,2025-02-21 08:15:36.448651
CUST002123,Ridhi,Shukla,1956-12-26,nikita05@example.org,6574096834,"H.No. 646, Dass Street",Chennai,WB,VERIFIED,2023-02-24 06:32:54.343886
CUST002124,Widisha,Srinivasan,1994-03-29,ubahl@example.org,8110007783,"741, Zacharia",Ahmedabad,MH,VERIFIED,2024-11-04 23:08:52.717751
CUST002125,Champak,Johal,2003-07-03,eeshabhalla@example.net,9339227445,"27, Talwar Circle",Bangalore,TN,PENDING,2024-07-13 03:19:20.093729
CUST002126,Owen,Mannan,1967-01-10,esharaf@example.com,0668679942,"69, Gandhi Circle",Bangalore,DL,REJECTED,2025-05-30 03:51:06.560248
CUST002127,Keya,Chada,1998-04-27,edhithajayaraman@example.org,8790912812,"H.No. 81, Saraf Path",Ahmedabad,WB,VERIFIED,2023-05-20 00:19:13.869714
CUST002128,Bahadurjit,Ghose,2006-04-25,kgarg@example.net,1933562844,"40/12, Deo Path",Ahmedabad,KA,VERIFIED,2024-07-03 23:06:32.998588
CUST002129,Alka,Korpal,1961-06-06,zachariahnaksh@example.net,2479666783,"940, Kalita",Mumbai,TN,VERIFIED,2022-11-11 02:56:59.107066
CUST002130,Vaishnavi,Palla,1955-04-17,rsagar@example.net,8141967991,"20/84, Sandhu",Mumbai,TS,VERIFIED,2026-01-23 11:28:47.529562
CUST002131,Yochana,Nayar,1955-12-02,balveer56@example.net,5934010752,"257, Batta Path",Ahmedabad,TS,VERIFIED,2024-01-02 19:50:17.850448
CUST002132,Owen,Nayar,1986-06-02,dugarqasim@example.com,5449550307,"H.No. 46, Sarraf Chowk",Hyderabad,MH,VERIFIED,2023-02-19 20:21:13.596505
CUST002133,Keya,Sathe,1989-04-25,advaysawhney@example.com,6380662679,"37, Gara Street",Delhi,WB,VERIFIED,2023-03-20 02:38:53.011592
CUST002134,Isaac,Tata,1973-04-05,kallamugdha@example.org,5440291956,"41/49, Date Street",Mumbai,TN,VERIFIED,2025-01-18 21:28:52.439398
CUST002135,Falak,Ratti,1952-08-07,krishnakaur@example.com,1748636938,"07, Lall Nagar",Bangalore,MH,VERIFIED,2024-09-27 02:04:09.403266
CUST002136,Henry,Sur,1972-05-10,farissarma@example.org,1084563147,"50, Wason Circle",Bangalore,TS,REJECTED,2023-07-13 02:04:47.142265
CUST002137,Vidhi,Parsa,2008-06-16,robert79@example.net,8816680965,"H.No. 47, Golla Ganj",Delhi,DL,VERIFIED,2025-06-02 16:13:02.395771
CUST002138,Sneha,Upadhyay,1994-12-26,eesha74@example.com,0608558834,"32/754, Bobal Zila",Chennai,DL,VERIFIED,2022-12-17 01:51:40.000674
CUST002139,Ekanta,Sandhu,1971-09-26,dsetty@example.org,6266998180,"H.No. 085, Rao Road",Delhi,TS,VERIFIED,2025-06-23 12:10:51.188543
CUST002140,Harsh,Sami,1992-05-03,nilima06@example.net,4932375583,"149, Dubey Ganj",Hyderabad,TN,VERIFIED,2023-07-26 09:29:47.560880
CUST002141,Bhavika,Vaidya,1969-06-18,yachanaghosh@example.net,6665347971,"810, Bahri Nagar",Ahmedabad,WB,VERIFIED,2024-01-13 09:18:29.846931
CUST002142,Oliver,Sahota,1973-10-13,shuklaagastya@example.net,4499162776,"501, Deol Street",Hyderabad,KA,VERIFIED,2023-06-09 06:23:26.154580
CUST002143,Jackson,Pathak,2006-02-12,samaksh75@example.net,7197661624,"01/07, D’Alia Nagar",Hyderabad,MH,VERIFIED,2025-10-25 22:42:08.698785
CUST002144,Chaaya,Morar,1973-08-12,chamanprashad@example.com,7507831233,"76/21, Mangat Chowk",Bangalore,WB,PENDING,2024-05-08 02:44:04.470297
CUST002145,Ayushman,Kant,1976-11-16,misrahredhaan@example.com,8668982397,"H.No. 284, Sachdev",Bangalore,KA,VERIFIED,2022-11-29 22:07:30.333486
CUST002146,Jagvi,Peri,2004-01-29,birlohit@example.org,4995253595,"H.No. 49, Bhardwaj Chowk",Mumbai,GJ,VERIFIED,2023-06-23 21:28:08.565291
CUST002147,Bimala,Kunda,1971-07-24,laddhriti@example.org,0203887071,"121, Bandi Nagar",Chennai,DL,VERIFIED,2023-12-14 10:53:24.816639
CUST002148,Vedhika,Sinha,1971-02-22,bariadarpan@example.net,8654255686,"54/417, Badami Zila",Ahmedabad,DL,VERIFIED,2023-10-03 06:47:42.347543
CUST002149,Lavanya,Tank,1963-02-02,taraksabharwal@example.net,7064872358,"H.No. 752, Modi Nagar",Chennai,MH,VERIFIED,2023-12-29 09:56:41.547426
CUST002150,Arin,Baral,1968-05-22,abhimanyusekhon@example.com,7325538274,"62/250, Joshi Marg",Pune,TS,VERIFIED,2024-06-14 11:40:02.293105
CUST002151,Shivansh,Shah,1964-04-18,vincentagate@example.org,6467503809,"20/397, Bassi Zila",Pune,TN,VERIFIED,2023-10-28 17:20:54.840608
CUST002152,Jai,Bahri,1966-08-27,tarak30@example.com,9809934096,"84, Ramanathan Circle",Pune,TS,VERIFIED,2025-10-27 12:03:18.507685
CUST002153,Chavvi,Dugal,1960-01-27,ucchalsarraf@example.com,7556442927,"32/52, Sastry Marg",Kolkata,KA,VERIFIED,2024-02-05 02:45:24.722134
CUST002154,Ati,Devan,2000-05-27,gautamsamra@example.com,9523814987,"35/777, Kannan",Mumbai,GJ,PENDING,2023-11-09 06:01:01.692596
CUST002155,Zehaan,Bedi,1967-06-12,zansirajagopal@example.net,6231755337,"63/065, Parekh Circle",Mumbai,MH,VERIFIED,2023-02-07 14:36:11.870927
CUST002156,Sudiksha,Sankar,2008-02-16,lipika99@example.org,8973037858,"83/68, Rout Chowk",Mumbai,MH,PENDING,2024-08-17 08:31:42.817750
CUST002157,Ansh,Sharma,1968-10-19,meghana11@example.net,5510749818,"H.No. 158, Bala Circle",Bangalore,TN,VERIFIED,2023-01-30 09:13:14.620346
CUST002158,Ekbal,Thakkar,1976-01-22,tanmayianand@example.org,6831562420,"H.No. 697, Anne Marg",Bangalore,TN,VERIFIED,2022-11-19 08:52:30.943054
CUST002159,Yatin,Nath,1994-12-07,vdass@example.org,7190232710,"59, Dara Street",Bangalore,KA,REJECTED,2023-12-23 20:11:32.586591
CUST002160,Wriddhish,Banik,1997-06-07,chandanitrivedi@example.net,5643172104,"67/01, Yogi",Pune,MH,VERIFIED,2026-04-23 07:27:34.096790
CUST002161,Shaurya,Palla,1951-10-16,charvi45@example.net,1813125470,"H.No. 13, Bail Path",Delhi,MH,VERIFIED,2024-07-27 19:54:58.363551
CUST002162,Arunima,Ahuja,1976-09-15,wkumar@example.com,8629436813,"48/07, Bajaj Street",Hyderabad,TN,REJECTED,2026-04-14 19:49:41.126810
CUST002163,Ridhi,Wali,1999-12-11,zarna45@example.net,0222776021,"25, Sen Street",Delhi,DL,VERIFIED,2025-11-02 18:27:35.336649
CUST002164,Bhanumati,Kumar,2002-12-18,jason90@example.com,7421083063,"H.No. 084, Narula Street",Pune,KA,VERIFIED,2024-12-11 18:18:07.490728
CUST002165,Hiral,Madan,1961-05-18,trivenikhare@example.com,4972486898,"502, Sem Street",Mumbai,MH,VERIFIED,2024-05-16 11:05:18.011801
CUST002166,Advika,Randhawa,1987-09-25,hansvictor@example.net,7137058775,"20/040, Kala Street",Chennai,TS,REJECTED,2026-04-17 06:29:15.344873
CUST002167,Avni,Deol,2006-08-20,guhaupkaar@example.net,3845350021,"66, Mammen",Mumbai,KA,VERIFIED,2025-03-23 12:07:43.105578
CUST002168,Ranbir,Ray,2001-03-05,nmodi@example.org,8513445532,"759, Dugal Road",Ahmedabad,DL,REJECTED,2025-02-20 07:19:14.537340
CUST002169,Gaurang,Thakur,1988-03-05,zchopra@example.com,3342809115,"H.No. 97, Ahluwalia Chowk",Hyderabad,GJ,VERIFIED,2024-10-02 15:21:58.977993
CUST002170,Aashi,Comar,1954-09-23,azad65@example.net,7651267490,"H.No. 383, Pau Road",Hyderabad,DL,PENDING,2025-08-05 15:39:59.533806
CUST002171,Tarak,Kant,1968-02-23,pahal51@example.com,2309476059,"61/249, Kamdar Circle",Kolkata,MH,REJECTED,2024-04-01 21:54:06.398697
CUST002172,Chanchal,Kuruvilla,1956-04-17,zsunder@example.net,9389252914,"H.No. 29, Venkataraman Nagar",Pune,WB,VERIFIED,2023-07-14 22:10:14.949799
CUST002173,Frado,Buch,1991-05-03,ssem@example.com,7868732071,"44/18, Ramesh Street",Delhi,KA,PENDING,2026-04-17 15:41:47.405678
CUST002174,Wishi,Butala,1979-11-19,tbhandari@example.org,3987405419,"98/511, Mani Chowk",Bangalore,TS,PENDING,2025-07-31 23:35:22.238506
CUST002175,Fariq,Mukhopadhyay,1958-03-25,bmukherjee@example.com,1228589370,"H.No. 74, Chahal Ganj",Delhi,TN,REJECTED,2023-04-17 23:09:07.526352
CUST002176,Jackson,Bansal,1952-05-06,aadhyaratti@example.org,2854997263,"H.No. 866, Bera Chowk",Mumbai,KA,VERIFIED,2024-10-24 00:28:35.775950
CUST002177,Kai,Parmer,1998-07-05,nbadami@example.com,0642823598,"91, Sahota Circle",Ahmedabad,KA,PENDING,2023-09-07 21:19:17.709092
CUST002178,Zarna,Mandal,1955-01-12,farisdixit@example.org,9605937062,"643, Chakraborty Marg",Chennai,GJ,REJECTED,2023-09-27 22:56:49.208076
CUST002179,Zarna,Walla,1978-02-19,upasna16@example.org,7548700964,"94/83, Pandey Circle",Chennai,GJ,VERIFIED,2023-01-25 06:28:52.340824
CUST002180,Chaitanya,Das,1975-11-03,vthakur@example.net,7789532497,"H.No. 361, Joshi",Kolkata,TN,PENDING,2024-03-21 00:46:06.580587
CUST002181,Anthony,Kota,1996-02-21,ochoudhury@example.com,4236837803,"65/88, Shan Nagar",Pune,KA,PENDING,2023-02-15 17:43:11.995746
CUST002182,Neha,Dada,1990-09-01,krishnamurthyodika@example.com,5656636363,"22/304, Chatterjee Street",Delhi,TS,VERIFIED,2023-10-01 06:38:28.473100
CUST002183,Vyanjana,Grewal,2003-01-18,sanaya93@example.com,1233579377,"929, Dayal",Ahmedabad,KA,PENDING,2022-11-08 15:58:13.717561
CUST002184,Arjun,Bir,1964-03-23,vatwal@example.com,7408507491,"23/69, Muni Marg",Ahmedabad,KA,VERIFIED,2025-01-21 11:42:33.125917
CUST002185,Manbir,Sant,1983-03-03,khareakshay@example.net,3383367361,"61/945, Chahal Marg",Hyderabad,WB,PENDING,2025-01-27 09:10:32.416056
CUST002186,Ekaja,Wason,1956-11-16,bordeadvay@example.com,2922319789,"20/108, Vasa",Bangalore,TS,VERIFIED,2026-03-08 08:12:24.159756
CUST002187,Abhimanyu,Srivastava,1959-10-24,luckytank@example.com,8301944108,"H.No. 25, Sunder Ganj",Delhi,MH,VERIFIED,2025-04-30 17:00:19.284565
CUST002188,Amara,Mital,1955-12-22,vthaker@example.net,7702392831,"19, Anne Zila",Pune,WB,VERIFIED,2023-10-10 20:30:44.066766
CUST002189,Wriddhish,Saxena,1995-04-01,wriddhishmukherjee@example.org,2425059631,"44/18, Sidhu Chowk",Pune,WB,PENDING,2023-10-11 15:56:09.186752
CUST002190,Oeshi,Chahal,1990-08-22,cwalla@example.net,9620429758,"H.No. 008, Padmanabhan Street",Chennai,TN,PENDING,2025-09-19 13:41:25.313321
CUST002191,Praneel,Kakar,1953-05-17,gunbir17@example.com,5152880049,"90, Bassi Path",Delhi,GJ,REJECTED,2026-03-29 08:09:16.863383
CUST002192,Gaurika,Chahal,1978-03-02,ladjeremiah@example.org,7308788752,"84/413, Handa Ganj",Kolkata,GJ,REJECTED,2024-08-12 15:28:11.901077
CUST002193,Chatura,Gill,1990-04-07,bhasintanveer@example.com,0023358235,"H.No. 15, Bera Chowk",Chennai,TS,PENDING,2023-11-22 19:04:18.282316
CUST002194,Saksham,Ganesh,1980-01-25,qbanik@example.org,1435434918,"57/464, Hayre Ganj",Bangalore,KA,VERIFIED,2026-02-18 16:54:05.221229
CUST002195,Daksh,Magar,1997-12-30,chaitanyanori@example.net,8158535062,"99/491, Krishnamurthy",Ahmedabad,GJ,VERIFIED,2026-07-05 14:07:19.481645
CUST002196,Saanvi,Hayre,1964-06-12,godasamarth@example.net,5568502208,"92, Pingle Chowk",Hyderabad,MH,VERIFIED,2025-08-30 14:56:54.135568
CUST002197,Qarin,Mammen,1973-08-11,gulatikala@example.net,4612014079,"H.No. 771, Bhasin Marg",Mumbai,KA,PENDING,2022-11-21 01:34:25.459925
CUST002198,Azaan,Kannan,1995-08-10,tkhurana@example.net,3215533975,"861, Dutt Street",Mumbai,TS,PENDING,2023-01-09 16:30:59.764977
CUST002199,Arin,Batta,1952-07-16,rudra75@example.net,8350022874,"H.No. 78, Deshpande Road",Delhi,TS,VERIFIED,2023-08-20 00:39:30.596648
CUST002200,Hiral,Bumb,1987-01-26,duttaradha@example.com,1492884163,"92/796, Issac",Bangalore,KA,REJECTED,2026-03-21 07:49:49.122241
CUST002201,Matthew,Ahluwalia,1970-09-11,periudyati@example.org,5330434948,"68/744, Khare Ganj",Ahmedabad,GJ,VERIFIED,2025-01-19 10:41:33.097237
CUST002202,Samuel,Choudhury,2007-03-01,dharansh@example.org,0810391114,"78/62, Saha Zila",Chennai,GJ,PENDING,2025-04-08 16:15:07.644773
CUST002203,Zayyan,Toor,1968-05-11,vivaan05@example.org,4755082382,"13, Chada Chowk",Chennai,DL,REJECTED,2026-03-08 10:48:09.750304
CUST002204,Eta,Varma,1981-09-07,swaminathanupkaar@example.org,1463554284,"87/203, Iyengar Street",Mumbai,MH,PENDING,2024-11-28 07:08:24.326950
CUST002205,Mohammed,Date,1978-07-22,advika32@example.com,0265585924,"310, Chaudhary Circle",Bangalore,WB,PENDING,2024-09-09 05:49:04.742253
CUST002206,Ati,Yadav,1992-12-16,girik43@example.net,7374909944,"32/406, Bora Street",Delhi,WB,PENDING,2024-08-10 08:00:14.727751
CUST002207,Nilima,Chandran,1964-02-09,abha73@example.net,7025556348,"71, Bhalla Circle",Ahmedabad,MH,VERIFIED,2025-06-18 03:13:17.395061
CUST002208,Zayan,Deshmukh,1958-12-26,pushtisachdeva@example.com,8514190827,"H.No. 65, Doctor",Hyderabad,TN,VERIFIED,2025-07-23 18:14:07.604294
CUST002209,Andrew,Sura,1975-07-16,utkarshsoman@example.net,6435371214,"H.No. 095, Jhaveri Circle",Ahmedabad,WB,VERIFIED,2026-07-14 11:25:58.993109
CUST002210,Aarini,Garg,1995-05-18,jkalla@example.org,0265574744,"35, Chaudhary Street",Chennai,WB,PENDING,2025-10-15 14:40:50.559644
CUST002211,Zinal,Kota,1967-11-28,yashicashan@example.com,9393496479,"21, Manne Path",Bangalore,GJ,REJECTED,2024-03-14 01:13:42.238523
CUST002212,Omaja,Deol,1998-11-01,hbumb@example.net,6701361916,"177, Malhotra Path",Ahmedabad,GJ,REJECTED,2023-03-21 14:29:18.297567
CUST002213,Chanchal,Lanka,1978-11-07,arjunmammen@example.com,3769791627,"60/63, Barad Nagar",Hyderabad,MH,PENDING,2025-10-23 14:10:35.318118
CUST002214,Oscar,Johal,1991-09-26,somxiti@example.com,5639211878,"98/773, Dada Path",Chennai,GJ,REJECTED,2026-07-02 15:06:48.011379
CUST002215,Ira,Shere,1962-12-09,nisha85@example.org,9479479293,"908, Deo Chowk",Kolkata,DL,VERIFIED,2026-04-09 11:52:40.583116
CUST002216,Leela,Kata,1988-03-07,csuri@example.com,9663527360,"H.No. 408, Comar Road",Delhi,MH,VERIFIED,2024-11-11 12:59:18.572580
CUST002217,Yashvi,Kashyap,1995-12-02,chaudharidominic@example.com,2820790779,"25/61, Sandhu Marg",Mumbai,TS,VERIFIED,2025-05-30 15:15:50.493619
CUST002218,Onveer,Aggarwal,1958-03-27,dhillononkar@example.org,4661651758,"57, Misra Nagar",Delhi,MH,VERIFIED,2023-08-28 00:53:58.666347
CUST002219,Sai,Hegde,1994-05-16,rudravig@example.com,9912691764,"42, Kadakia Chowk",Kolkata,KA,PENDING,2026-03-09 09:04:29.597001
CUST002220,Adweta,Bhakta,1990-01-07,ubal@example.com,7209264652,"18, Brahmbhatt",Delhi,DL,PENDING,2025-11-30 23:00:29.877733
CUST002221,Nimrat,Zachariah,1953-02-26,ishwarbatra@example.org,7977660022,"H.No. 23, Ganesan Circle",Delhi,MH,VERIFIED,2025-05-19 15:27:02.613086
CUST002222,Hemal,Nagarajan,1961-02-09,mukhopadhyayharrison@example.org,5621202540,"965, Pall Road",Pune,MH,VERIFIED,2023-03-02 21:59:39.951807
CUST002223,Dhriti,Chatterjee,1976-06-02,anagarajan@example.net,6495092628,"031, Hegde Road",Bangalore,KA,VERIFIED,2023-04-04 12:23:14.217366
CUST002224,Nidra,Chaudhuri,1967-12-30,yashvitella@example.com,7099069981,"10, Mitter Road",Bangalore,DL,VERIFIED,2025-12-25 07:40:40.071528
CUST002225,Warda,Char,1988-09-23,pahalkulkarni@example.com,6887858039,"05/38, Natarajan Chowk",Mumbai,DL,VERIFIED,2024-11-24 09:35:34.037622
CUST002226,Yashica,Om,1962-12-10,pranit97@example.net,3977338004,"69/441, Lalla Nagar",Ahmedabad,WB,REJECTED,2022-12-06 03:22:25.540111
CUST002227,Samesh,Dhaliwal,2004-09-03,ramjanya@example.net,2334878193,"H.No. 74, Sidhu Marg",Kolkata,TN,VERIFIED,2025-08-19 04:49:08.772656
CUST002228,Vidhi,Kanda,1960-06-06,frado41@example.com,1731243219,"61, Mahal Chowk",Ahmedabad,MH,VERIFIED,2023-11-13 03:05:05.210900
CUST002229,Falak,Jayaraman,1991-09-07,natarajanleela@example.net,1727340697,"630, Nagarajan Zila",Kolkata,WB,VERIFIED,2022-10-28 00:18:54.328610
CUST002230,Karan,Deep,1986-03-16,chaitanyadoshi@example.org,3370450386,"062, Shankar Circle",Bangalore,GJ,VERIFIED,2026-04-08 23:08:34.848753
CUST002231,Anusha,Nayak,1957-10-17,jackson97@example.net,8558679316,"487, Pathak Marg",Pune,DL,PENDING,2023-05-15 05:36:18.641570
CUST002232,Girish,Deol,1981-05-13,regeijaya@example.com,1109531615,"71/34, Comar Zila",Delhi,TS,REJECTED,2025-06-13 06:32:39.498462
CUST002233,Kalpit,Din,1987-04-13,anandanamika@example.org,8524796554,"H.No. 48, Nayak Circle",Chennai,DL,PENDING,2026-07-16 19:28:43.154777
CUST002234,Caleb,Ram,1983-11-28,wridesh98@example.com,9844060269,"H.No. 521, Vyas",Pune,GJ,VERIFIED,2024-12-26 01:24:03.156570
CUST002235,Andrew,Grover,2003-09-09,fshroff@example.org,8815302933,"H.No. 529, Deshpande Chowk",Pune,TN,VERIFIED,2024-11-17 17:32:21.929404
CUST002236,Damyanti,Chaudhuri,1991-07-16,saumyachawla@example.org,5332588840,"42, Chatterjee Street",Mumbai,TN,REJECTED,2024-01-07 07:49:14.161164
CUST002237,Isaac,Chakrabarti,1993-10-22,charvi44@example.net,0246101681,"79, Kata Chowk",Kolkata,MH,REJECTED,2023-02-19 17:54:04.134708
CUST002238,Gaurika,Chandran,1991-07-22,canne@example.org,2040324044,"85, Jha Marg",Bangalore,KA,REJECTED,2022-09-09 18:05:09.538467
CUST002239,Dayita,Iyengar,1973-10-29,geetika50@example.org,9043128686,"46, Thaker",Delhi,TN,VERIFIED,2026-02-27 11:57:02.675666
CUST002240,Saksham,Raja,1964-09-02,bakhshimandal@example.net,6853199908,"18, Bhandari Chowk",Ahmedabad,WB,VERIFIED,2025-08-27 15:37:59.304817
CUST002241,Nihal,Soni,1991-01-31,kailata@example.com,8314642508,"H.No. 39, Sankaran Marg",Delhi,KA,VERIFIED,2025-09-14 12:02:43.330732
CUST002242,Dalaja,Sem,1989-12-11,jkala@example.org,2492921332,"69/46, Parmar Nagar",Chennai,WB,REJECTED,2025-12-20 04:42:39.804346
CUST002243,Mason,Sem,1965-04-06,avi56@example.net,8261691343,"02/56, Chacko Street",Delhi,MH,PENDING,2024-03-08 11:51:39.860465
CUST002244,Anamika,Soman,1975-11-28,chameli04@example.org,1426562616,"007, Mody Street",Kolkata,TN,REJECTED,2024-12-24 12:59:35.119442
CUST002245,Maya,Ram,2006-12-30,parikhtejas@example.org,9783747669,"424, Subramanian Street",Ahmedabad,TS,VERIFIED,2024-06-12 04:23:58.425850
CUST002246,Ekbal,Goda,1999-09-25,xsachar@example.org,8261249987,"81/940, Dara Marg",Hyderabad,GJ,VERIFIED,2024-08-18 07:40:03.680363
CUST002247,Tara,Palan,1973-12-05,annechaitaly@example.org,7325868481,"16, Ramanathan Path",Ahmedabad,TN,REJECTED,2023-04-30 14:30:26.284625
CUST002248,Oni,Nadig,1954-08-31,atharvnayar@example.com,5280786477,"023, Rai Ganj",Kolkata,MH,REJECTED,2025-01-16 14:15:52.631912
CUST002249,Azaan,Ratta,1972-02-28,ekbaljoshi@example.com,6235435129,"859, Devi Path",Pune,DL,PENDING,2023-02-15 04:33:06.849015
CUST002250,Chanakya,Nori,1999-12-01,malldiya@example.org,6660588095,"81/58, Koshy Circle",Hyderabad,MH,VERIFIED,2023-10-08 17:58:53.729661
CUST002251,Kavya,Suresh,1953-11-19,chhabranisha@example.net,6028928149,"91, Choudhry Chowk",Chennai,WB,PENDING,2023-04-09 22:49:57.405178
CUST002252,Jasmit,Kuruvilla,1989-10-28,leenachadha@example.net,5383366449,"034, Sani Street",Delhi,KA,VERIFIED,2026-05-16 16:49:05.388877
CUST002253,Udyati,Loyal,1997-09-28,usaraf@example.org,5568160964,"60, Sinha Zila",Kolkata,TN,VERIFIED,2026-04-29 10:48:21.165118
CUST002254,Nakul,Raj,2000-02-13,urishilla30@example.com,8027972730,"94/65, Cherian Street",Hyderabad,TN,REJECTED,2026-04-15 02:43:03.334369
CUST002255,Kamya,Raman,1968-11-10,rohan86@example.net,4380684145,"73/815, Seth Marg",Pune,WB,VERIFIED,2024-06-29 14:49:25.679262
CUST002256,Upasna,Deep,1981-05-03,panini13@example.net,2327639169,"76/87, Peri Marg",Bangalore,TS,VERIFIED,2024-11-23 20:34:34.919418
CUST002257,Nilima,Merchant,2007-10-08,ichopra@example.org,5340961997,"H.No. 63, Mammen Road",Mumbai,MH,VERIFIED,2024-12-01 07:34:39.748181
CUST002258,Chandresh,Dua,1957-06-20,rajagopalqabil@example.com,9672783322,"H.No. 968, Modi Street",Ahmedabad,GJ,REJECTED,2022-11-11 05:53:43.750415
CUST002259,Xiti,Bora,1994-05-21,basuqushi@example.com,2671569147,"94/541, Majumdar Marg",Kolkata,WB,VERIFIED,2023-05-23 10:22:31.663678
CUST002260,Vinaya,Chokshi,1971-01-01,sankarmaya@example.com,8530045578,"220, Rajan Nagar",Pune,TS,VERIFIED,2024-02-23 20:08:02.187847
CUST002261,Hiral,Sridhar,1988-02-21,jack44@example.org,1803420687,"H.No. 66, Sodhi Circle",Hyderabad,MH,VERIFIED,2026-04-06 21:12:52.960142
CUST002262,Ayaan,Dara,1996-12-30,hdhar@example.org,7123046583,"16/658, Kar Zila",Chennai,TS,VERIFIED,2025-02-23 07:13:49.633711
CUST002263,Nikita,Gade,1960-04-27,balvanpuri@example.org,2130509639,"H.No. 88, Lata Zila",Ahmedabad,MH,VERIFIED,2024-04-14 08:25:59.761121
CUST002264,Maanav,Lad,1991-01-06,alexander79@example.net,3444175666,"H.No. 323, Gole",Bangalore,DL,REJECTED,2024-03-09 00:16:04.147930
CUST002265,Advaith,Contractor,2003-10-26,frajagopalan@example.org,2165808726,"19/388, Bhatia Ganj",Chennai,KA,PENDING,2025-01-23 14:00:26.040928
CUST002266,Anika,Om,1986-12-24,ranaupma@example.org,9304201859,"118, Ramesh Chowk",Delhi,KA,PENDING,2024-12-29 00:52:10.618277
CUST002267,Nirja,Swamy,2004-02-23,anvichokshi@example.org,5038410195,"492, Kumar Road",Hyderabad,MH,VERIFIED,2024-01-03 23:24:37.167010
CUST002268,Adya,Bala,1992-03-21,fsankaran@example.com,2209764861,"H.No. 59, Menon Zila",Bangalore,TN,PENDING,2025-09-25 06:43:05.691166
CUST002269,Falan,Contractor,1991-09-19,atipalla@example.com,5182080861,"H.No. 353, Mohanty Circle",Bangalore,MH,REJECTED,2023-06-29 12:23:53.528556
CUST002270,Rohan,Doctor,2007-08-17,danielparmar@example.com,3659592570,"04/69, Yogi",Bangalore,DL,VERIFIED,2024-05-13 13:39:50.086601
CUST002271,Ekbal,Boase,1992-11-19,frederickkari@example.com,2616716727,"H.No. 026, Chatterjee Street",Kolkata,MH,PENDING,2025-08-05 20:33:28.763764
CUST002272,Samuel,Arya,1982-07-05,anirudhchadha@example.com,1938415311,"H.No. 731, Shere Ganj",Pune,TS,VERIFIED,2022-09-12 06:53:48.333898
CUST002273,Zilmil,Sodhi,1997-12-26,eshenoy@example.org,4238768090,"H.No. 27, Banerjee Chowk",Hyderabad,MH,VERIFIED,2023-03-11 18:03:02.297950
CUST002274,Turvi,Wagle,1996-01-16,kashvikorpal@example.net,3854131744,"H.No. 42, Jha Ganj",Ahmedabad,WB,VERIFIED,2025-01-03 05:14:48.720277
CUST002275,Benjamin,Gill,1972-04-07,garima10@example.net,1710874853,"H.No. 60, Sen Circle",Mumbai,GJ,REJECTED,2023-08-26 22:19:21.558027
CUST002276,Hamsini,Krishna,1979-08-07,vtara@example.org,7683532478,"21, Venkatesh",Delhi,KA,VERIFIED,2025-04-19 07:20:44.389238
CUST002277,Varsha,Kumer,1995-12-04,oviya93@example.org,8151649190,"H.No. 19, Mani Marg",Kolkata,GJ,VERIFIED,2024-11-11 00:35:25.507054
CUST002278,Pratyush,Khare,1994-02-10,esandal@example.net,1748425246,"H.No. 647, Bakshi Ganj",Chennai,TS,VERIFIED,2025-11-21 21:47:14.610811
CUST002279,Varenya,Pandit,1961-10-20,neelmahajan@example.org,9513331695,"469, Panchal Ganj",Ahmedabad,DL,VERIFIED,2025-08-25 23:54:24.781803
CUST002280,Omya,Taneja,1982-08-17,watikasolanki@example.com,0439718884,"96/564, Parsa Path",Mumbai,MH,VERIFIED,2024-01-10 23:22:44.022471
CUST002281,Nicholas,Verma,1965-10-04,amairasur@example.com,4544066899,"836, Kata",Pune,TN,REJECTED,2025-07-04 15:12:43.134736
CUST002282,Ayushman,Borah,1956-04-26,hgill@example.net,9830200565,"16/018, Boase Marg",Kolkata,TN,VERIFIED,2022-08-27 09:19:44.500080
CUST002283,Yagnesh,Sankar,1989-11-28,sachdevgaurangi@example.net,5184047735,"74/16, Gopal Ganj",Bangalore,MH,PENDING,2024-11-28 19:22:22.051831
CUST002284,Dhriti,Pant,1974-03-15,victorsami@example.com,2352179211,"051, Dubey Nagar",Kolkata,MH,PENDING,2023-04-12 17:15:03.464520
CUST002285,Andrew,Pandey,2002-11-08,lankatripti@example.net,0562330947,"43/464, Toor Path",Chennai,TN,VERIFIED,2024-05-29 08:37:41.711318
CUST002286,Ekiya,Kuruvilla,1973-12-31,vanshajohal@example.org,0030471662,"012, Chakraborty Circle",Pune,TN,VERIFIED,2023-03-30 05:42:12.064276
CUST002287,Advik,Aggarwal,1956-12-05,hemanginidesai@example.org,8187414656,"04, Soman Ganj",Hyderabad,GJ,VERIFIED,2024-12-15 02:52:15.351492
CUST002288,Tamanna,Pillai,1955-05-02,kashvikhatri@example.com,4622284766,"H.No. 90, Chand",Kolkata,MH,VERIFIED,2023-05-25 19:53:52.503860
CUST002289,Lajita,Chokshi,1985-10-22,guneet51@example.com,8594004896,"95, Magar Road",Bangalore,GJ,PENDING,2025-03-01 14:55:44.210840
CUST002290,Dipta,Purohit,1993-10-20,xshere@example.com,1234001522,"15/076, Madan Street",Kolkata,DL,PENDING,2024-12-21 15:22:50.543057
CUST002291,Guneet,Divan,1993-11-13,xdeshpande@example.org,9434220824,"78, Kakar Chowk",Bangalore,TS,VERIFIED,2023-04-20 19:25:42.812647
CUST002292,Wriddhish,Sehgal,1959-04-11,shanupkaar@example.com,1361877497,"52/585, Nagar Ganj",Bangalore,DL,PENDING,2023-10-06 21:01:51.523294
CUST002293,Harini,Dar,1968-11-23,manneyuvraj@example.com,4387243088,"41, Mital Road",Delhi,GJ,VERIFIED,2023-11-25 16:20:28.053920
CUST002294,Janani,Bedi,1983-07-25,phanda@example.com,7901550880,"45/45, Nagi Nagar",Mumbai,TS,PENDING,2025-07-10 19:37:14.987241
CUST002295,Pratyush,Ramachandran,1970-08-01,qbatra@example.com,8098568350,"H.No. 40, Shankar Street",Hyderabad,MH,PENDING,2026-02-23 04:18:31.900365
CUST002296,Adweta,Swaminathan,1989-11-14,majumdarpeter@example.net,0336936834,"H.No. 454, Venkatesh",Pune,TN,VERIFIED,2024-01-20 04:09:25.606950
CUST002297,Bhavna,Ramachandran,1952-02-27,raghav49@example.org,9666349166,"39, Lal Nagar",Bangalore,KA,VERIFIED,2022-10-17 12:46:37.031365
CUST002298,Chakrika,Handa,1974-10-10,tristanhans@example.org,1210811038,"H.No. 778, Varty",Pune,TS,REJECTED,2024-01-15 00:17:44.399578
CUST002299,Neha,Sethi,2003-10-27,brajan@example.net,3316509833,"490, Luthra Zila",Kolkata,DL,PENDING,2023-01-01 04:48:13.833436
CUST002300,Dalaja,Iyengar,2008-05-21,atipuri@example.net,7384395372,"H.No. 35, Manda Circle",Ahmedabad,TS,VERIFIED,2022-11-05 12:50:49.102401
CUST002301,Michael,Badami,1952-09-04,umangbanik@example.org,1926860173,"H.No. 50, Chandran Path",Hyderabad,DL,VERIFIED,2024-11-13 18:11:40.197876
CUST002302,George,Shukla,1999-11-01,tchand@example.org,6244367704,"H.No. 264, Chauhan",Pune,KA,PENDING,2025-01-31 07:16:53.100059
CUST002303,Ekanta,Sood,1965-08-19,nidhi42@example.com,7531779105,"56, Joshi Ganj",Delhi,TS,PENDING,2023-06-05 22:26:47.864588
CUST002304,Aarini,Handa,1999-10-28,bhasinaryan@example.org,2420127760,"95/787, Misra Road",Kolkata,MH,VERIFIED,2024-07-30 07:07:08.702891
CUST002305,Kai,Thakur,1968-08-24,owen17@example.net,7421940478,"16, Sahni Zila",Mumbai,MH,VERIFIED,2023-01-25 16:36:53.512261
CUST002306,Chaitaly,Thakur,1987-01-31,dualeena@example.org,7941455097,"87/03, Edwin Circle",Ahmedabad,MH,VERIFIED,2024-09-08 18:52:37.890223
CUST002307,Onkar,Parsa,1994-02-06,sbhargava@example.net,3444634647,"13/11, Bobal Nagar",Hyderabad,MH,PENDING,2025-05-23 12:18:47.916553
CUST002308,Kashish,Datta,1999-03-16,waligirik@example.com,8812368866,"235, Bora Zila",Kolkata,TN,VERIFIED,2026-05-08 12:36:46.879711
CUST002309,Falguni,Gandhi,1960-08-23,bhavini57@example.org,1768101324,"H.No. 814, Mall Zila",Bangalore,DL,VERIFIED,2023-08-07 04:26:25.447293
CUST002310,Udant,Sarna,1971-05-27,hemal45@example.net,7330165487,"H.No. 91, Raman Marg",Bangalore,MH,REJECTED,2023-05-04 21:11:09.062468
CUST002311,Ira,Nayak,1987-07-09,sarnamaanav@example.net,4213601714,"45/31, Ravi",Kolkata,GJ,PENDING,2026-04-13 19:30:50.149007
CUST002312,Edhitha,Bumb,1972-12-05,guneet80@example.com,0085380942,"19/909, Sandhu Chowk",Bangalore,MH,VERIFIED,2025-05-26 02:42:35.955488
CUST002313,Fariq,Kara,1956-06-21,qbains@example.net,8157491671,"H.No. 986, Tailor Marg",Pune,TN,VERIFIED,2023-12-03 14:04:04.940125
CUST002314,Forum,Dani,1993-01-21,arinjaggi@example.net,2857940154,"98/51, Chand Zila",Ahmedabad,WB,VERIFIED,2025-10-24 15:20:11.066250
CUST002315,Vrishti,Warrior,1979-01-18,yasti08@example.com,4966757169,"134, Rajan Street",Kolkata,MH,REJECTED,2022-12-12 18:13:56.070841
CUST002316,Lavanya,Padmanabhan,1977-06-03,irashetty@example.org,1684512240,"93/03, D’Alia Circle",Pune,TN,VERIFIED,2024-10-29 04:42:30.446343
CUST002317,Udyati,Ramanathan,2005-08-01,maharajaarnav@example.net,2629225953,"H.No. 985, Golla Ganj",Kolkata,TS,PENDING,2026-03-02 14:44:08.393353
CUST002318,Kai,Sarna,1997-02-21,sankaranmekhala@example.com,4905973037,"H.No. 08, Jani Circle",Hyderabad,MH,VERIFIED,2025-06-08 18:33:36.773940
CUST002319,Nandini,Dewan,1983-04-29,sathecharan@example.com,7294279191,"H.No. 472, Ganesan Nagar",Chennai,MH,REJECTED,2022-08-25 07:08:46.166535
CUST002320,Om,Kala,1984-03-04,xagate@example.net,7015242443,"103, Sodhi Marg",Ahmedabad,MH,VERIFIED,2025-05-06 23:30:23.138105
CUST002321,Aishani,Banik,1952-09-09,harinilall@example.org,0983181803,"H.No. 488, Barman Ganj",Ahmedabad,KA,VERIFIED,2025-03-11 04:47:48.305422
CUST002322,Damyanti,Pai,1952-01-28,wakeetaparmar@example.net,8581974884,"328, Kumar Marg",Ahmedabad,TS,VERIFIED,2026-04-14 20:57:57.479678
CUST002323,Gaurika,Anand,1968-03-11,triya17@example.com,6588406612,"H.No. 601, Madan Street",Kolkata,MH,PENDING,2023-04-12 19:46:57.190209
CUST002324,Ishwar,Cheema,1956-07-02,dbera@example.com,1096926216,"02/063, Muni Zila",Kolkata,TN,VERIFIED,2025-05-22 18:52:38.378547
CUST002325,Bakhshi,De,1966-12-11,qabilparikh@example.net,0568642961,"731, Swaminathan Circle",Bangalore,MH,VERIFIED,2022-11-24 13:33:55.108966
CUST002326,Champak,More,1966-02-17,anaykade@example.com,4571991673,"114, Sheth Nagar",Delhi,MH,PENDING,2022-10-11 15:49:12.575673
CUST002327,Faras,Kashyap,2006-08-21,mmuni@example.org,7038394271,"06, Deol Road",Delhi,MH,VERIFIED,2025-03-15 11:15:57.215275
CUST002328,Joshua,Murty,1990-12-15,samabina@example.org,4895241434,"39, Buch Chowk",Chennai,WB,VERIFIED,2023-02-19 01:09:41.588936
CUST002329,Brijesh,Chana,1958-09-20,rajansarthak@example.org,7599794975,"H.No. 66, Purohit Chowk",Kolkata,DL,VERIFIED,2025-10-27 03:58:06.967827
CUST002330,Ridhi,Kumer,2006-07-22,kannanchasmum@example.net,6940324221,"24/421, Rastogi Road",Mumbai,TS,VERIFIED,2024-03-09 08:18:19.312946
CUST002331,Amol,Mander,1983-10-26,divyabasak@example.org,8198365146,"37/65, Shankar Ganj",Hyderabad,GJ,VERIFIED,2023-01-02 15:51:04.180773
CUST002332,Bachittar,Bansal,1969-03-28,aadhyachand@example.org,7509503545,"H.No. 294, Dixit Street",Ahmedabad,TS,VERIFIED,2024-11-21 18:30:18.173906
CUST002333,Caleb,Natarajan,1984-08-08,halderharish@example.org,5595995924,"65, Kalita Path",Delhi,WB,VERIFIED,2025-04-30 16:59:52.334389
CUST002334,Chakradhar,Dalal,1982-04-17,singhalaadi@example.org,8032538361,"92, Sahota Zila",Chennai,KA,VERIFIED,2024-02-13 01:03:00.467748
CUST002335,Devika,Dara,2001-05-13,menonnilima@example.net,2611737021,"H.No. 03, Nanda Path",Mumbai,TS,PENDING,2023-12-16 03:55:32.083052
CUST002336,Mekhala,Shenoy,1963-08-09,hredhaandoshi@example.org,1243466629,"H.No. 539, Kuruvilla Road",Chennai,DL,PENDING,2025-02-01 21:42:21.628983
CUST002337,Leena,Agate,1955-02-02,oni12@example.org,8498447539,"48, Jaggi Zila",Chennai,TN,REJECTED,2022-09-09 07:10:53.556594
CUST002338,Ranbir,Pingle,1964-04-17,priyamaharaj@example.org,5180075658,"38/68, Chakrabarti Marg",Chennai,DL,PENDING,2025-12-18 08:53:52.823885
CUST002339,Harini,Verma,1978-11-06,nigamaayush@example.com,0907294856,"31, Ravel Ganj",Hyderabad,DL,PENDING,2023-03-09 05:05:42.337678
CUST002340,Zilmil,Ranganathan,1964-12-16,tnatt@example.com,1121435939,"28, Walia Street",Hyderabad,GJ,VERIFIED,2025-07-25 20:07:04.116624
CUST002341,Jai,Panchal,2001-12-03,lavanya04@example.org,8744770648,"82, Dubey",Pune,TS,VERIFIED,2026-02-08 16:42:33.285854
CUST002342,Bhanumati,De,1964-01-28,chaitanya68@example.net,3939396062,"919, Merchant Street",Pune,TS,VERIFIED,2023-09-07 07:00:28.401407
CUST002343,Yadavi,Sinha,1966-10-16,jagvi60@example.org,8686592799,"64/54, De Circle",Ahmedabad,TN,VERIFIED,2024-06-22 12:24:12.237873
CUST002344,Jeet,Palan,1985-09-05,lallindrajit@example.net,6447729118,"14/708, Issac Street",Ahmedabad,WB,VERIFIED,2024-06-08 16:57:13.768028
CUST002345,Krishna,Choudhary,1977-12-29,iravala@example.net,8442718045,"99/51, Chopra Street",Ahmedabad,MH,PENDING,2022-12-23 13:29:20.569162
CUST002346,Vansha,Mohan,1994-03-27,sachi56@example.net,6518370470,"25/068, Choudhry Street",Delhi,GJ,PENDING,2025-02-14 16:14:18.136555
CUST002347,Laksh,Amble,2004-06-11,jhalakvarkey@example.org,9795196245,"H.No. 89, Ghose Chowk",Ahmedabad,KA,VERIFIED,2025-07-03 02:17:29.855196
CUST002348,Janani,Bhatnagar,1996-06-16,ishita22@example.net,9770259845,"205, Thakkar Road",Bangalore,DL,VERIFIED,2023-07-18 23:04:12.535412
CUST002349,Sneha,Gokhale,1999-05-12,grewalyamini@example.net,7335370632,"19, Parekh Path",Pune,TN,VERIFIED,2025-06-22 04:40:00.325921
CUST002350,Vansha,Sani,1961-08-03,jagdish66@example.org,5674863747,"63, Sane Circle",Hyderabad,TN,REJECTED,2026-01-23 02:45:03.196631
CUST002351,Chatura,Datta,1973-01-06,rdada@example.com,8405318865,"87/61, Dugar Chowk",Pune,MH,REJECTED,2025-04-01 05:29:27.023789
CUST002352,Omisha,Bhardwaj,1951-03-28,gautam05@example.net,8703517199,"H.No. 00, Sood",Hyderabad,WB,VERIFIED,2024-06-10 21:39:34.317708
CUST002353,Amara,Kuruvilla,1953-07-20,obora@example.org,3461155524,"H.No. 158, Contractor Zila",Pune,GJ,VERIFIED,2022-10-29 18:12:37.510974
CUST002354,Ayushman,Varkey,2007-02-22,indalihalder@example.org,6951522345,"H.No. 713, Rajagopal Chowk",Delhi,MH,VERIFIED,2023-07-13 10:25:15.399926
CUST002355,Unni,Arora,1988-10-02,rajagopalanadvaith@example.com,5064051183,"14/407, Bahri",Bangalore,WB,VERIFIED,2024-02-18 20:28:58.360642
CUST002356,Zaitra,Handa,1969-04-07,sharanveer@example.net,4615522411,"12/68, Deol",Bangalore,DL,VERIFIED,2023-09-14 20:18:06.171802
CUST002357,Leena,Pingle,1981-12-03,falakghosh@example.com,8396885606,"47/09, Buch Ganj",Mumbai,KA,PENDING,2026-01-19 22:43:31.394483
CUST002358,Vyanjana,Sanghvi,1969-10-17,goleyagnesh@example.net,4949307845,"02/30, Som Chowk",Ahmedabad,GJ,VERIFIED,2025-01-22 02:10:12.240374
CUST002359,Dayita,Raju,1998-06-08,doctorpahal@example.org,1837691081,"37/801, Basu Zila",Mumbai,DL,VERIFIED,2023-01-30 11:15:23.540903
CUST002360,Aarush,Trivedi,1988-08-07,aradhana44@example.com,2567211951,"H.No. 26, Vohra Path",Ahmedabad,DL,REJECTED,2023-10-01 06:10:49.941491
CUST002361,Kevin,Bobal,1974-03-19,gaurang46@example.org,0088887641,"228, Nanda Path",Hyderabad,MH,VERIFIED,2025-02-20 01:02:48.053648
CUST002362,Pushti,Gupta,1955-03-02,vincent54@example.net,0732761990,"110, Nagar Street",Chennai,DL,VERIFIED,2026-04-28 16:55:32.905525
CUST002363,Reyansh,Sha,2007-09-09,theodore35@example.net,1514940074,"79/88, Chawla Zila",Bangalore,WB,VERIFIED,2025-05-03 11:04:32.492051
CUST002364,Yamini,Dhawan,1956-03-19,sarnakrishna@example.net,5955870425,"67/32, Madan Path",Kolkata,TN,VERIFIED,2024-09-08 13:04:31.682619
CUST002365,Lavanya,Balan,2002-10-21,lamble@example.net,3723805712,"66/82, Karnik Chowk",Pune,WB,VERIFIED,2024-12-07 09:16:10.391754
CUST002366,Daniel,Lanka,1960-07-01,bishakha46@example.org,8895899321,"04/421, Nanda Chowk",Mumbai,MH,VERIFIED,2023-09-02 23:04:13.928976
CUST002367,Chandani,Wali,1995-10-23,wkrishnamurthy@example.net,4462404416,"H.No. 17, Bera Nagar",Kolkata,WB,VERIFIED,2026-07-14 06:40:53.049831
CUST002368,Theodore,Sastry,1984-08-18,ridhi42@example.org,0660580856,"70/888, Sarna Nagar",Hyderabad,KA,VERIFIED,2022-11-16 21:26:05.218294
CUST002369,Anya,Doctor,2005-10-14,pnarayan@example.org,7226966734,"H.No. 150, Wadhwa Nagar",Ahmedabad,WB,VERIFIED,2025-10-21 21:07:28.504179
CUST002370,Ekantika,Madan,1984-01-01,lopa51@example.com,9212719526,"09, Tiwari Marg",Hyderabad,DL,VERIFIED,2024-02-02 08:00:09.456395
CUST002371,Urvi,Dey,2001-10-15,sarkaraadhya@example.net,4713325819,"004, Rajagopalan Ganj",Delhi,MH,PENDING,2023-07-29 11:17:14.051903
CUST002372,Kamya,Raman,1983-07-11,yatan93@example.org,8187624046,"H.No. 619, Tripathi Path",Ahmedabad,WB,PENDING,2026-01-27 19:08:35.867853
CUST002373,Keya,Chand,1981-04-29,manthansankar@example.com,6614501818,"743, Borde Marg",Chennai,WB,VERIFIED,2025-12-28 02:29:00.046055
CUST002374,Dominic,Mane,1960-04-05,hchatterjee@example.net,2415212193,"H.No. 060, Dutta Ganj",Kolkata,DL,REJECTED,2023-04-29 14:18:43.515435
CUST002375,Yashasvi,Sawhney,1985-07-20,triya37@example.net,5641089452,"40/37, Lala Marg",Hyderabad,WB,PENDING,2025-10-31 08:22:09.952214
CUST002376,Fariq,Hans,2007-06-20,valaaachal@example.net,5225549422,"H.No. 363, Panchal Street",Bangalore,MH,REJECTED,2024-12-02 20:27:45.107275
CUST002377,Raagini,Chopra,1964-04-09,tanayapte@example.com,1311137236,"13/522, Dalal Zila",Delhi,GJ,VERIFIED,2026-01-31 05:58:51.653978
CUST002378,Zaitra,Balan,2005-06-01,chandrantripathi@example.com,3309138919,"H.No. 828, Ray",Hyderabad,GJ,REJECTED,2022-12-07 04:55:12.800675
CUST002379,Yashawini,Dani,1982-04-11,warinder35@example.net,2835880588,"07/68, Behl Chowk",Bangalore,TN,PENDING,2025-03-16 22:28:44.660099
CUST002380,Bhanumati,Sahota,1965-10-13,ryanpadmanabhan@example.net,4840927029,"248, Bansal",Kolkata,KA,PENDING,2023-05-01 20:46:59.243637
CUST002381,Ubika,Ram,1982-01-01,neelimagupta@example.net,5965866814,"H.No. 45, Sama Ganj",Chennai,TS,VERIFIED,2022-12-27 07:08:24.283150
CUST002382,Raghav,Gera,2003-03-30,tejaslad@example.com,0811759661,"H.No. 84, Bhargava",Chennai,MH,REJECTED,2024-05-31 05:19:39.138314
CUST002383,Inaya,Singhal,1957-10-04,ybassi@example.org,4022359606,"295, Mitra Nagar",Kolkata,TN,REJECTED,2024-09-08 07:18:54.453121
CUST002384,Radhika,Bahl,1997-02-21,yoshita48@example.net,1817457576,"90, Tripathi Nagar",Mumbai,KA,VERIFIED,2023-10-06 17:16:59.504151
CUST002385,Vamakshi,Kaur,1988-03-27,kantpanini@example.com,7746743340,"H.No. 50, Iyengar Zila",Bangalore,WB,PENDING,2024-11-27 21:46:17.055188
CUST002386,Bina,Karan,1993-12-02,rdesai@example.com,9631885340,"H.No. 585, Raj Street",Bangalore,GJ,REJECTED,2023-06-11 05:35:48.862345
CUST002387,Omkaar,Joshi,2003-12-27,saxenazinal@example.net,7788462054,"66/82, Gala Chowk",Chennai,DL,VERIFIED,2023-06-12 15:05:46.749545
CUST002388,Chavvi,Batra,1955-03-31,mandalraksha@example.net,4181827151,"28/82, Sachdeva Chowk",Bangalore,MH,VERIFIED,2024-03-12 23:06:57.938184
CUST002389,Anamika,Kadakia,1996-10-06,rachana35@example.com,8868354737,"H.No. 72, Lalla Chowk",Ahmedabad,TS,VERIFIED,2025-05-15 07:06:31.325182
CUST002390,Tamanna,Jaggi,1957-10-26,satheethan@example.org,3678121554,"97/70, Chauhan Road",Kolkata,MH,VERIFIED,2026-04-25 19:58:20.578285
CUST002391,Gayathri,Zachariah,1981-07-26,nchacko@example.com,3235906328,"H.No. 84, Aurora Nagar",Kolkata,TN,VERIFIED,2023-08-13 00:45:47.271059
CUST002392,Ekansh,Aggarwal,2007-04-09,hvenkatesh@example.com,6019666793,"36/07, Venkataraman",Ahmedabad,GJ,REJECTED,2023-09-28 04:33:33.927976
CUST002393,Vidhi,Walla,2005-07-27,amoltata@example.net,3810136240,"26/467, Krishnan Road",Chennai,DL,VERIFIED,2024-12-21 07:24:58.009655
CUST002394,Nisha,Hans,1992-10-26,maanavnarasimhan@example.org,4678848805,"H.No. 20, Datta Nagar",Pune,TS,VERIFIED,2026-04-05 22:15:02.806770
CUST002395,Manthan,Kapur,1968-04-01,snehachandra@example.com,4388013724,"H.No. 969, Nadig Marg",Chennai,KA,PENDING,2024-09-20 13:16:17.308817
CUST002396,Gayathri,Kaur,1987-01-07,ikbal22@example.org,2159805602,"03/213, Shetty Ganj",Mumbai,MH,PENDING,2024-07-23 04:40:47.459880
CUST002397,Anay,Bhargava,1973-02-26,advaith96@example.com,9385550793,"24/491, Baral Ganj",Bangalore,MH,VERIFIED,2024-09-22 09:47:42.273417
CUST002398,Harrison,Acharya,1980-04-24,vedika04@example.org,6406415118,"H.No. 329, Bhatia Path",Ahmedabad,GJ,PENDING,2025-02-03 07:46:58.640608
CUST002399,Joshua,Konda,1961-01-02,jaikalla@example.net,8581427350,"16/10, Nori Zila",Ahmedabad,TN,REJECTED,2022-12-09 02:06:11.611267
CUST002400,Lucky,Chanda,1950-08-20,pthakkar@example.com,8143519419,"63, Cherian Nagar",Delhi,WB,VERIFIED,2023-07-05 15:39:16.115639
CUST002401,Harshil,Chokshi,1970-10-20,ishaansaran@example.net,0141048820,"009, Guha Circle",Bangalore,TS,VERIFIED,2024-12-17 10:15:40.398609
CUST002402,Warda,Halder,1975-10-08,maanav93@example.net,2520565679,"794, Bahl Road",Mumbai,MH,VERIFIED,2025-02-08 18:55:12.593349
CUST002403,Anthony,Pall,2007-04-24,ude@example.org,2497073068,"61/92, Deshpande Nagar",Mumbai,MH,VERIFIED,2023-01-05 06:53:24.019676
CUST002404,Lohit,Padmanabhan,1967-05-22,akshay26@example.org,6845015622,"06/04, Grewal Path",Pune,GJ,VERIFIED,2025-11-03 21:18:03.150254
CUST002405,Dhruv,Mandal,2002-11-07,omradha@example.com,1729126981,"H.No. 33, Mishra Circle",Pune,WB,REJECTED,2025-05-26 12:55:13.271441
CUST002406,Ansh,Devi,1974-11-05,gtiwari@example.net,3102085205,"440, Yogi Path",Pune,KA,VERIFIED,2025-11-02 08:09:05.232556
CUST002407,Rajeshri,Parikh,1993-03-20,farhan97@example.net,3950444920,"H.No. 49, Gopal Zila",Ahmedabad,TS,PENDING,2025-10-18 07:57:35.198007
CUST002408,Shivansh,Bora,1999-01-17,lmane@example.com,2283299587,"30/495, Bajaj Path",Kolkata,MH,VERIFIED,2025-08-03 03:32:44.868400
CUST002409,Daksha,Sathe,1981-06-15,emane@example.com,8828105925,"94/62, Cheema Ganj",Hyderabad,TS,PENDING,2024-11-08 18:38:12.381099
CUST002410,Radha,Puri,1972-01-17,madhavi36@example.org,0433590156,"H.No. 69, Chand Road",Ahmedabad,GJ,VERIFIED,2026-05-26 15:39:22.883204
CUST002411,Madhavi,Savant,2008-06-27,madhav83@example.net,2577416165,"40, Kala Marg",Ahmedabad,MH,VERIFIED,2023-09-02 06:46:43.955145
CUST002412,Ishita,Oak,1980-02-20,semjack@example.org,6967969392,"443, Gera Marg",Chennai,WB,VERIFIED,2023-08-03 04:51:23.295704
CUST002413,Diya,Chacko,1970-08-15,samueltaneja@example.net,7741733360,"60, Kala Path",Delhi,MH,VERIFIED,2024-08-08 17:15:38.069698
CUST002414,Gaurika,Bansal,1962-07-07,sanghajanani@example.com,6184648760,"H.No. 60, Prashad Ganj",Kolkata,WB,PENDING,2023-09-28 05:02:36.376150
CUST002415,Samaksh,Gara,2001-10-02,raaginiravel@example.org,7192173665,"06/07, Tank Street",Chennai,MH,PENDING,2026-01-24 18:56:16.630033
CUST002416,Nihal,Hayer,1974-08-13,esachar@example.com,6657164022,"H.No. 94, Sen Path",Kolkata,GJ,REJECTED,2025-04-19 12:20:57.850539
CUST002417,Adweta,Chahal,1977-01-16,qarin61@example.com,0995781833,"315, Sahni Marg",Ahmedabad,MH,VERIFIED,2023-04-26 00:08:34.419966
CUST002418,Aditya,Oak,1961-11-03,banjeetwalia@example.com,9838606962,"91, Basak Zila",Mumbai,WB,REJECTED,2026-06-06 19:46:52.760374
CUST002419,Agastya,Sastry,2001-05-13,jkala@example.net,4044161661,"H.No. 48, Hari Path",Delhi,KA,VERIFIED,2025-12-07 02:20:44.813785
CUST002420,Oni,Chakrabarti,1987-02-20,mannanyutika@example.org,5749875840,"71/38, Dhar",Kolkata,GJ,VERIFIED,2024-11-17 03:01:16.051440
CUST002421,Victor,Nigam,1989-06-16,amruta58@example.net,5730199526,"82/456, Kari Marg",Ahmedabad,DL,PENDING,2024-06-05 15:10:18.701439
CUST002422,Champak,Parmer,1957-01-15,sabharwalrohan@example.com,3173338568,"00, Narayan Zila",Kolkata,MH,VERIFIED,2024-05-02 10:23:26.496333
CUST002423,Xavier,Madan,1962-06-24,ndube@example.org,5621343357,"49, Biswas Street",Chennai,MH,PENDING,2025-04-13 21:02:41.399127
CUST002424,Pavani,Agate,1972-08-31,shravyadeol@example.net,0245645310,"00, Rajan",Delhi,GJ,VERIFIED,2023-06-29 06:23:16.092246
CUST002425,Rajata,Shroff,1968-05-19,ekantikakara@example.com,7161563360,"231, Gupta Street",Pune,DL,REJECTED,2022-10-16 19:28:35.100734
CUST002426,Mohini,Taneja,1959-11-19,ridhi30@example.net,6903503420,"80/424, Narayanan Circle",Ahmedabad,TS,VERIFIED,2022-09-19 09:51:33.073661
CUST002427,Harish,Bose,1988-11-12,nathanielbora@example.org,3678587334,"68/293, Bal Nagar",Kolkata,WB,VERIFIED,2025-10-27 00:19:05.325490
CUST002428,Sathvik,Sodhi,1951-06-24,stak@example.com,3850882570,"H.No. 28, Pillai Ganj",Ahmedabad,TS,REJECTED,2025-07-13 06:38:10.739871
CUST002429,Varenya,Kumar,1960-08-08,latavivaan@example.net,5479489830,"07/53, Karnik",Pune,TN,VERIFIED,2025-02-11 08:48:33.806668
CUST002430,Jalsa,Prashad,1976-10-24,bandra@example.net,2709839654,"38/053, Kashyap Marg",Ahmedabad,TS,VERIFIED,2025-03-20 11:41:42.197332
CUST002431,Fariq,Ram,1979-05-14,kuriansachi@example.net,5445292582,"08/74, Ghose Path",Pune,TS,REJECTED,2023-08-14 21:03:21.107839
CUST002432,Yashawini,Jain,1956-04-20,palvasana@example.com,9461841657,"74/10, Rattan Path",Ahmedabad,KA,PENDING,2023-01-04 23:50:03.639334
CUST002433,Kai,Sabharwal,2003-01-31,pallavi30@example.org,7865357866,"H.No. 321, Ganesan Zila",Ahmedabad,TN,VERIFIED,2024-03-30 06:10:58.363008
CUST002434,Pushti,Butala,1971-05-24,vasudha99@example.net,4185199683,"90/82, Sundaram Ganj",Pune,MH,VERIFIED,2023-09-20 08:57:09.040026
CUST002435,Kashvi,Sahota,1951-04-14,rudrakara@example.net,4732722437,"25, Ramakrishnan",Delhi,TN,VERIFIED,2023-01-23 10:23:40.393942
CUST002436,Sanaya,Bhattacharyya,1979-11-02,daniamrita@example.net,7716315938,"78/611, Bhatti Circle",Hyderabad,TS,REJECTED,2026-03-26 15:06:35.530241
CUST002437,Vihaan,Mand,1995-06-16,balhaar26@example.net,8358897435,"42/04, Patil",Mumbai,KA,VERIFIED,2024-11-06 12:35:29.578230
CUST002438,Praneel,Thakur,1979-05-13,bnori@example.com,3866881453,"373, Ghose Ganj",Kolkata,KA,REJECTED,2025-02-04 00:00:44.433785
CUST002439,Chavvi,Ben,1980-10-25,dayita48@example.net,2084273599,"H.No. 78, Kurian Marg",Pune,KA,REJECTED,2026-05-29 13:56:39.971708
CUST002440,Nihal,Sant,1955-03-25,advikmunshi@example.org,0019062465,"H.No. 62, Mannan Road",Pune,GJ,VERIFIED,2025-05-24 01:02:55.501574
CUST002441,Oeshi,Dua,1999-04-04,baljiwansamra@example.com,4566703707,"57/538, Dayal Circle",Delhi,DL,VERIFIED,2023-06-28 19:56:43.709714
CUST002442,Sneha,Kumer,1990-07-10,gchander@example.com,8569117818,"H.No. 89, Wadhwa Zila",Chennai,TS,REJECTED,2026-06-26 17:11:18.902556
CUST002443,Pushti,Dewan,1964-04-23,unnativasa@example.com,8719571562,"H.No. 71, Manne",Bangalore,MH,PENDING,2025-02-06 21:51:40.217562
CUST002444,Falguni,Sant,1980-07-21,bhaktarishi@example.com,8614639102,"83, Sampath Chowk",Ahmedabad,KA,VERIFIED,2022-10-22 08:38:08.082351
CUST002445,Warjas,Choudhry,1992-08-09,urmi01@example.org,0562926692,"H.No. 342, Krishnamurthy Zila",Bangalore,MH,REJECTED,2023-03-04 21:12:36.147410
CUST002446,Xalak,Sarkar,1963-12-04,xitiramesh@example.org,1803196885,"582, Krish Marg",Bangalore,TS,VERIFIED,2025-06-08 05:51:12.419383
CUST002447,Baghyawati,Sekhon,1981-01-29,chamelinarula@example.net,9878133917,"39/275, Chanda Road",Pune,DL,VERIFIED,2024-08-01 00:44:00.931645
CUST002448,Urmi,Bawa,1972-03-26,bhavika40@example.com,7553241369,"49/914, Arora Zila",Chennai,GJ,REJECTED,2025-09-03 18:18:58.919741
CUST002449,Guneet,Sodhi,1998-02-04,kvarkey@example.com,5360045457,"H.No. 37, Sha Ganj",Ahmedabad,KA,VERIFIED,2025-05-03 01:03:02.359306
CUST002450,Mekhala,Pai,1962-04-18,aadhyamuni@example.com,1226951436,"12/58, Keer Path",Delhi,DL,VERIFIED,2023-06-12 17:17:01.921546
CUST002451,Charan,Desai,1985-07-08,trivediisha@example.org,0640137489,"37, Date Marg",Bangalore,MH,PENDING,2026-01-06 10:03:54.698344
CUST002452,Ekapad,Ahuja,1969-10-28,isaacbajaj@example.com,7940505159,"H.No. 356, Shenoy Street",Kolkata,MH,VERIFIED,2023-08-30 19:10:43.185724
CUST002453,Lekha,Borra,1951-08-29,balveer09@example.org,1953728177,"97, Kala Path",Ahmedabad,DL,VERIFIED,2026-06-18 18:39:08.201307
CUST002454,Jacob,Patil,1993-05-29,ekantika16@example.com,3982883670,"H.No. 886, Devan Circle",Hyderabad,KA,VERIFIED,2022-12-04 18:50:26.635180
CUST002455,Vritti,Pandit,1979-01-09,sharafrachit@example.net,0755786165,"H.No. 093, Gala Street",Delhi,WB,VERIFIED,2025-08-24 12:26:47.858444
CUST002456,Brinda,Ratti,1960-12-12,fsangha@example.org,6194102829,"649, Bhagat Street",Pune,TS,REJECTED,2022-09-19 17:10:26.214786
CUST002457,Hiral,Chhabra,1987-01-26,omkaarsankar@example.com,7729257836,"305, Dixit Ganj",Kolkata,MH,VERIFIED,2023-07-16 00:33:28.117597
CUST002458,Lakshit,Sandal,1953-06-14,chakrabartihredhaan@example.org,0738880122,"65/210, Balay Zila",Kolkata,WB,PENDING,2025-12-06 09:31:09.052090
CUST002459,Anjali,Natarajan,1960-12-24,pallcharan@example.org,1971580851,"41/225, Borra Nagar",Ahmedabad,DL,VERIFIED,2024-05-14 09:59:31.882746
CUST002460,Ojas,Thakur,1977-01-21,darpan82@example.com,0390973807,"37/19, Balay Zila",Ahmedabad,TS,VERIFIED,2023-01-29 01:22:33.879528
CUST002461,Indrajit,Mitter,1957-09-21,gyogi@example.org,5610958348,"753, Goyal Marg",Bangalore,KA,VERIFIED,2023-09-18 08:10:22.487674
CUST002462,Urvashi,Bhalla,1971-02-28,reyanshmorar@example.com,0917835636,"81/18, Palla Path",Delhi,WB,VERIFIED,2023-10-24 13:38:03.145661
CUST002463,Frado,Sinha,2007-07-29,xseth@example.com,6271061042,"538, Wadhwa Marg",Kolkata,MH,PENDING,2024-05-24 19:47:50.283192
CUST002464,Xiti,Bhatti,1969-04-20,byadav@example.org,8616900853,"H.No. 748, Kuruvilla Zila",Mumbai,TS,REJECTED,2023-03-13 13:53:14.346809
CUST002465,Damini,Khalsa,1994-11-14,avni69@example.org,6263951981,"H.No. 94, Nagar Zila",Mumbai,TN,PENDING,2023-10-21 15:58:49.882996
CUST002466,Pranit,Dutta,1977-06-08,fsetty@example.org,8996160013,"71/87, Shenoy",Kolkata,TN,VERIFIED,2026-03-22 08:15:19.639395
CUST002467,Noah,Khurana,1954-01-07,seshadriurmi@example.org,8400906250,"60/506, Bal Circle",Delhi,MH,VERIFIED,2025-03-29 12:41:20.647378
CUST002468,Qabil,Patla,1993-08-10,yashasviverma@example.net,3784070419,"17, Deshpande Chowk",Hyderabad,WB,PENDING,2026-04-20 06:51:21.442745
CUST002469,Wishi,Sarraf,1994-10-13,aurorafalguni@example.org,0192518647,"50/231, Sengupta Ganj",Pune,GJ,VERIFIED,2023-05-19 16:23:43.478958
CUST002470,Chaaya,Madan,1999-04-14,padmanabhankritika@example.com,3715007488,"20/12, Dhawan Nagar",Kolkata,MH,VERIFIED,2026-06-07 23:19:12.154315
CUST002471,Hritik,Nagar,1997-06-11,dghose@example.com,7957571869,"H.No. 697, Sampath Ganj",Bangalore,MH,REJECTED,2025-06-11 06:40:07.873402
CUST002472,Yutika,Sen,1997-03-10,manbir31@example.net,1108178313,"36/61, Rout Chowk",Delhi,WB,VERIFIED,2023-12-23 00:33:45.179277
CUST002473,Yashica,Chada,1981-02-16,udyatipurohit@example.org,1712550758,"78/264, Hegde Nagar",Chennai,MH,VERIFIED,2024-01-17 10:57:56.446361
CUST002474,Anjali,Mohanty,1962-08-23,goswamizansi@example.net,5991087717,"H.No. 79, Hayer Nagar",Chennai,DL,VERIFIED,2023-09-09 13:15:25.606731
CUST002475,Yashica,Biswas,1981-11-22,neelbhat@example.org,3865437011,"97/22, Saxena Road",Mumbai,MH,REJECTED,2025-11-16 15:10:43.169106
CUST002476,Theodore,Mukherjee,1997-12-13,psom@example.net,0131098624,"H.No. 71, Dewan Circle",Chennai,MH,VERIFIED,2024-03-24 16:27:42.329733
CUST002477,Gautami,Desai,1961-02-02,sdada@example.org,8466656584,"03/749, Hari Chowk",Kolkata,KA,VERIFIED,2025-08-28 08:46:53.740530
CUST002478,Janani,Sachdeva,1979-05-20,duttafarhan@example.net,4987641557,"91/396, Khurana Circle",Delhi,TN,REJECTED,2024-04-17 18:17:55.472440
CUST002479,Champak,Ganguly,1996-04-22,siyasant@example.com,2071135033,"49/27, Jha Circle",Delhi,KA,VERIFIED,2025-10-11 04:38:58.544569
CUST002480,Vasana,Mallick,1967-10-27,omkaarmann@example.com,1955496847,"H.No. 12, Chanda Circle",Bangalore,GJ,VERIFIED,2024-04-20 17:49:16.995077
CUST002481,Indrajit,Sunder,1955-11-10,anita42@example.net,9632470042,"12, Bansal Nagar",Mumbai,GJ,VERIFIED,2024-07-03 19:40:57.320906
CUST002482,Gaurang,Rajagopal,1982-11-08,raipratyush@example.com,3997767532,"18/75, Behl",Pune,MH,VERIFIED,2024-05-11 15:20:36.102252
CUST002483,Charita,Dada,1984-06-28,yochana24@example.com,1188034670,"38/47, Vaidya Ganj",Chennai,TN,REJECTED,2024-01-20 09:29:55.706825
CUST002484,Meghana,Korpal,1979-07-13,sarnaom@example.org,0822616340,"85/90, Soni Zila",Hyderabad,WB,REJECTED,2022-12-01 23:16:26.512931
CUST002485,Onkar,More,1954-03-08,borasuhani@example.com,0493578141,"H.No. 533, Talwar Circle",Pune,KA,VERIFIED,2023-12-29 10:46:42.670985
CUST002486,Krishna,Yohannan,1964-06-23,jeetdube@example.org,1874007432,"237, Barman Marg",Pune,DL,PENDING,2024-12-21 13:28:18.810723
CUST002487,Tanay,Nagarajan,1972-07-01,aryamahal@example.org,7222647283,"603, Deshpande Street",Bangalore,TS,PENDING,2026-05-20 05:33:19.614562
CUST002488,Sanaya,Narayanan,1972-05-29,hpandya@example.org,4173098181,"H.No. 12, Sarkar",Kolkata,KA,VERIFIED,2023-03-22 04:04:01.034071
CUST002489,Ishani,Tailor,1972-02-14,yochanatrivedi@example.org,0939749800,"77, Pillai Circle",Mumbai,WB,VERIFIED,2026-06-23 14:49:59.360110
CUST002490,Anya,Palla,1970-07-24,bhanumati44@example.org,3726832334,"55/737, Oak Circle",Ahmedabad,MH,PENDING,2025-11-19 20:48:45.641955
CUST002491,Rohan,Bose,1956-11-04,nnarayan@example.org,6456967570,"H.No. 591, Kapoor Circle",Bangalore,DL,REJECTED,2022-12-29 18:38:58.408963
CUST002492,Upkaar,Kata,1971-11-11,kamyanayar@example.org,3584103411,"H.No. 220, Shah Zila",Kolkata,WB,VERIFIED,2026-03-11 06:57:08.497275
CUST002493,Parth,Date,1987-03-20,ranganathanmeera@example.net,6307099648,"H.No. 68, Gara Zila",Ahmedabad,WB,PENDING,2023-07-12 14:09:52.428841
CUST002494,Garima,Buch,1955-08-23,davedalaja@example.net,8350932753,"63/20, Kibe Zila",Ahmedabad,WB,VERIFIED,2025-01-29 22:15:25.546916
CUST002495,Agastya,Randhawa,1999-03-04,sakshamgarg@example.org,9118664115,"59, Handa Street",Hyderabad,TS,PENDING,2025-06-23 02:15:40.989496
CUST002496,Kavya,Sodhi,1983-03-13,dbahl@example.net,0470322600,"39/134, Sharaf",Ahmedabad,TS,REJECTED,2025-01-25 09:50:43.386710
CUST002497,Ansh,Patla,1962-12-19,harrisondyal@example.net,4428236160,"893, Garg Circle",Bangalore,MH,PENDING,2023-08-05 10:14:26.701798
CUST002498,Girindra,Baral,1956-04-11,hardik06@example.org,8497042097,"H.No. 009, Natt Road",Ahmedabad,MH,VERIFIED,2022-11-25 17:18:03.688257
CUST002499,Arya,Dewan,1958-06-06,leelanarain@example.net,2714725076,"50, Mahajan",Delhi,KA,REJECTED,2023-06-03 10:04:47.953213
CUST002500,Aashi,Varkey,1963-07-08,vmangat@example.net,6016168763,"257, Lal Path",Kolkata,KA,VERIFIED,2026-03-09 22:40:47.338080
CUST002501,Neha,Joshi,1985-06-01,gbali@example.org,0295788223,"342, Kari Street",Delhi,TN,VERIFIED,2024-09-16 22:07:28.784937
CUST002502,Karan,Dhawan,1974-11-11,badaljairaj@example.com,2305665776,"H.No. 17, Khanna Road",Hyderabad,KA,VERIFIED,2025-11-11 03:01:26.111375
CUST002503,Jeet,Bala,1982-01-13,yauvaniiyengar@example.net,3169646680,"H.No. 85, Chauhan Zila",Chennai,DL,VERIFIED,2023-10-25 10:50:54.254420
CUST002504,Panini,Sane,1957-04-10,vyanjana68@example.com,6646926590,"46, Mall",Chennai,GJ,VERIFIED,2024-05-17 22:55:46.507323
CUST002505,Qadim,Natarajan,1992-01-15,upadhriti63@example.com,7820013768,"724, Batra Street",Hyderabad,TS,REJECTED,2026-07-11 03:27:10.187506
CUST002506,Oni,Peri,1963-10-25,nathan17@example.net,5726779830,"H.No. 433, Sunder Nagar",Kolkata,MH,VERIFIED,2026-05-07 20:59:18.116747
CUST002507,Andrew,Bala,1987-07-25,gauravpatel@example.org,3884099555,"H.No. 810, Iyengar Marg",Chennai,MH,VERIFIED,2024-06-13 00:57:23.477971
CUST002508,Jeevika,Mane,1966-08-15,sankaranlopa@example.com,4629065165,"H.No. 73, Barad Chowk",Ahmedabad,MH,VERIFIED,2022-11-28 22:57:59.579772
CUST002509,Dhruv,Mitter,1957-07-20,warindersengupta@example.com,0009854506,"33, Dada Circle",Delhi,KA,VERIFIED,2023-09-13 15:18:46.050380
CUST002510,Ekiya,Mishra,2005-06-29,tanishsani@example.org,2037602070,"68, Khurana Nagar",Kolkata,GJ,REJECTED,2023-05-13 00:36:25.399068
CUST002511,Riya,Saran,1951-07-29,luthraleena@example.net,0055931994,"91/61, Bassi Path",Chennai,GJ,VERIFIED,2022-12-27 04:47:49.415927
CUST002512,Reva,Doshi,1974-10-15,liamnair@example.com,7419450890,"34, Chakrabarti Nagar",Kolkata,GJ,REJECTED,2023-05-13 19:23:56.280710
CUST002513,Lajita,Brar,2003-06-16,jatinkorpal@example.org,6345280433,"H.No. 58, Ravel Zila",Hyderabad,TS,REJECTED,2025-05-30 21:55:47.022169
CUST002514,Anjali,Sagar,2003-06-10,nakul86@example.net,5915674079,"90/608, Dewan Zila",Ahmedabad,GJ,PENDING,2023-10-25 17:14:50.806578
CUST002515,David,Ramaswamy,1952-05-29,manbirlanka@example.net,1470675965,"H.No. 979, Sama Chowk",Hyderabad,DL,VERIFIED,2023-12-24 20:02:54.521985
CUST002516,Sai,Amble,1988-05-31,fbalakrishnan@example.com,6124662569,"H.No. 628, Gill Nagar",Kolkata,WB,VERIFIED,2023-10-27 19:03:34.446808
CUST002517,Ikbal,Maharaj,1961-01-06,brindatata@example.com,9785136819,"H.No. 63, Barad Path",Kolkata,DL,REJECTED,2024-02-17 05:13:14.108191
CUST002518,Krish,Sengupta,2005-12-31,giriksekhon@example.org,1121290588,"26, Chana Ganj",Mumbai,GJ,VERIFIED,2025-11-03 01:44:08.495456
CUST002519,Charvi,Kumer,1975-03-23,evala@example.net,9521938522,"H.No. 423, Buch Zila",Bangalore,TS,VERIFIED,2025-08-30 23:42:27.918776
CUST002520,Deepa,Subramanian,1998-01-22,qanand@example.net,1206053954,"H.No. 12, Kadakia",Chennai,KA,REJECTED,2024-01-20 07:09:42.244547
CUST002521,Yashvi,Madan,1962-05-04,sarmabrinda@example.net,4876427300,"87/06, Hegde",Bangalore,MH,REJECTED,2024-09-24 05:28:29.923481
CUST002522,Manbir,Magar,1953-11-15,purohitorinder@example.net,1680732819,"21, Badami Circle",Mumbai,MH,PENDING,2023-03-19 01:15:42.298237
CUST002523,Inaya,Bhalla,1989-02-19,xpathak@example.org,0026716172,"99/543, Sangha Zila",Mumbai,KA,REJECTED,2024-04-27 03:01:48.746853
CUST002524,Ethan,Zacharia,1974-03-31,mallickorinder@example.net,8592930044,"89, Rattan Chowk",Hyderabad,MH,VERIFIED,2023-01-01 02:06:55.267344
CUST002525,Nikita,Roy,1995-08-21,wasonkashish@example.com,0109207378,"71/955, Gandhi Chowk",Pune,MH,REJECTED,2025-02-04 22:18:05.857175
CUST002526,Rayaan,Lanka,1954-08-23,omyamurthy@example.org,6737272590,"H.No. 215, Batra Zila",Ahmedabad,KA,REJECTED,2024-11-07 22:52:12.530154
CUST002527,Hritik,Ghosh,1986-11-11,anjalivirk@example.com,3110358077,"045, Karpe",Delhi,WB,REJECTED,2022-10-02 00:05:40.797795
CUST002528,Jagvi,Puri,1963-09-23,ekanta35@example.net,6819662300,"757, Vasa Nagar",Mumbai,GJ,VERIFIED,2024-08-20 08:49:37.417903
CUST002529,Devansh,Yohannan,1998-09-14,shahwarda@example.net,3682614464,"100, Roy Street",Delhi,WB,VERIFIED,2022-11-27 10:11:06.482989
CUST002530,Sachi,Mukherjee,1999-10-31,urvinagar@example.com,4891255291,"44/74, Bhatti Nagar",Kolkata,MH,REJECTED,2026-01-10 00:38:20.175131
CUST002531,Gauri,Sachar,1998-02-17,svora@example.net,7254528324,"91/22, Manda",Delhi,WB,VERIFIED,2025-03-30 22:02:29.335971
CUST002532,Ria,Cheema,2006-12-01,balhaar10@example.org,9414290094,"49/192, Jain Circle",Bangalore,KA,VERIFIED,2023-05-25 00:12:38.000643
CUST002533,Kala,Chatterjee,1957-02-11,bseth@example.net,4911699347,"974, Sastry Marg",Hyderabad,TN,VERIFIED,2023-03-08 15:05:47.115995
CUST002534,Aarnav,Shenoy,1959-02-25,egill@example.net,7900684642,"H.No. 76, Pau Ganj",Hyderabad,TN,VERIFIED,2025-01-03 21:35:39.585775
CUST002535,Tripti,Hans,1956-04-06,kalejasmit@example.com,5867456443,"56/136, Grewal Circle",Hyderabad,TN,PENDING,2024-08-22 13:37:27.370466
CUST002536,Warinder,Dhillon,1986-10-01,mannequshi@example.org,6740724801,"H.No. 790, Kumar Circle",Hyderabad,MH,REJECTED,2023-06-29 09:23:37.085815
CUST002537,Eiravati,Dutta,1979-01-24,borajagrati@example.net,7507361320,"236, Toor Street",Delhi,TS,VERIFIED,2024-10-24 13:41:48.495313
CUST002538,Tanmayi,Buch,1997-01-04,kalaatharv@example.com,6619671979,"26, Suri Marg",Mumbai,TN,PENDING,2026-06-24 00:26:03.630358
CUST002539,Anika,Bhatt,1975-10-11,niharikapatla@example.net,0073212712,"09/627, Chopra Ganj",Bangalore,DL,VERIFIED,2023-01-01 22:41:59.119154
CUST002540,Vaishnavi,Jani,1998-11-11,aashidhawan@example.com,8617840548,"12, Vala Marg",Kolkata,DL,VERIFIED,2025-09-30 21:35:20.891907
CUST002541,Yuvraj,Singhal,1951-05-13,amaira98@example.com,1589278125,"99/197, Kala",Kolkata,KA,VERIFIED,2025-10-31 10:51:37.870318
CUST002542,Osha,Lata,1959-11-03,ekansh12@example.net,1091282775,"67, Dugar Ganj",Pune,MH,REJECTED,2024-04-11 06:13:06.685803
CUST002543,Damyanti,Edwin,1975-11-25,csengupta@example.org,1423527943,"62/766, Srivastava Road",Pune,GJ,REJECTED,2024-04-13 19:49:40.082628
CUST002544,Damyanti,Vig,1975-10-26,leena41@example.org,0666029729,"56/099, Borra Nagar",Kolkata,KA,VERIFIED,2024-09-13 21:14:30.094296
CUST002545,Zinal,Atwal,1973-12-17,bhardwajpushti@example.net,9503632623,"43/226, Dutt Nagar",Mumbai,DL,PENDING,2025-03-17 01:10:56.024788
CUST002546,Anusha,Ramachandran,2005-05-23,bhanumatibhakta@example.com,7594587023,"56/400, Sengupta Marg",Kolkata,KA,PENDING,2024-07-08 22:39:33.215424
CUST002547,Hitesh,Pradhan,1981-01-24,rnadkarni@example.org,0874155075,"63/92, Modi Zila",Mumbai,WB,VERIFIED,2026-04-28 05:53:45.127475
CUST002548,Jagdish,Ramesh,1968-08-23,david43@example.com,4519160022,"99, Salvi Street",Mumbai,TN,REJECTED,2024-10-21 16:19:57.713062
CUST002549,Chasmum,Karnik,2000-04-16,shethdhruv@example.com,8965861469,"68/757, Chana Road",Bangalore,MH,REJECTED,2024-02-07 19:49:52.871413
CUST002550,Oscar,Trivedi,1978-02-02,rarora@example.com,4718694139,"62/83, Narang Path",Hyderabad,TN,REJECTED,2023-04-20 11:02:59.579460
CUST002551,Harrison,Manda,1961-04-21,kamdarfiyaz@example.net,2125953532,"62, Sandal Nagar",Kolkata,GJ,VERIFIED,2025-02-12 08:24:40.849873
CUST002552,Eta,Ramanathan,1974-07-21,aggarwalmax@example.net,4111120150,"H.No. 42, Sehgal Chowk",Pune,TS,VERIFIED,2024-10-31 06:44:19.355400
CUST002553,Gavin,Mahajan,1954-05-18,muniishita@example.org,6468809049,"H.No. 18, Memon Path",Hyderabad,MH,REJECTED,2025-04-05 05:29:08.461229
CUST002554,Leena,Malhotra,2008-03-25,vedikadhillon@example.net,1223144886,"955, Oza Road",Kolkata,GJ,VERIFIED,2025-07-04 12:05:28.322773
CUST002555,Sanya,Narayan,1998-04-17,nishapal@example.com,0562844329,"09, Gokhale Marg",Mumbai,GJ,REJECTED,2025-08-04 11:57:17.501186
CUST002556,Yatin,Narain,1992-11-08,mchand@example.com,5100374921,"86/00, Shukla Chowk",Chennai,TS,VERIFIED,2025-01-15 11:24:00.402832
CUST002557,Falak,Sekhon,2004-04-26,janaki56@example.org,9476469145,"51/98, Munshi Nagar",Mumbai,GJ,VERIFIED,2025-12-09 09:04:57.204368
CUST002558,Darsh,Parmar,1972-06-11,kabirramakrishnan@example.com,5103153087,"467, Sahota Chowk",Chennai,WB,VERIFIED,2024-12-20 03:53:26.523988
CUST002559,Osha,Sehgal,1993-01-28,fmemon@example.org,9107299672,"H.No. 15, Banik Chowk",Pune,TN,VERIFIED,2025-03-27 11:51:53.692622
CUST002560,Aarna,Jain,2007-12-14,sarnafaraj@example.net,0357058334,"H.No. 75, Sanghvi Nagar",Hyderabad,KA,VERIFIED,2026-04-23 18:15:11.076447
CUST002561,Geetika,Joshi,1983-05-03,yashicarastogi@example.net,6934115256,"H.No. 643, Bal Ganj",Bangalore,WB,VERIFIED,2023-06-13 10:00:43.379654
CUST002562,Darsh,Raval,1983-09-09,harish48@example.org,8272563930,"H.No. 11, Som Chowk",Hyderabad,TN,PENDING,2023-12-26 15:43:03.735536
CUST002563,Indira,Handa,1975-07-08,hkhurana@example.net,4211521926,"97/07, Prabhakar Ganj",Pune,DL,VERIFIED,2023-02-04 18:27:25.288566
CUST002564,Viraj,Chander,1951-12-30,priyavenkatesh@example.com,5941230756,"70, Rana",Chennai,GJ,VERIFIED,2024-01-22 09:40:47.358661
CUST002565,Nachiket,Deshpande,1971-12-05,yashodapatla@example.org,0312191442,"H.No. 40, Devi Ganj",Pune,DL,VERIFIED,2023-08-17 10:51:27.486478
CUST002566,Anita,Chauhan,1970-07-03,lkrishnamurthy@example.org,5922719207,"H.No. 86, Sur Street",Pune,GJ,REJECTED,2024-07-01 22:37:01.444688
CUST002567,Ranbir,Deep,1987-08-12,ekantika38@example.org,9166040098,"H.No. 172, Pillai Zila",Delhi,MH,VERIFIED,2024-08-15 21:06:24.684851
CUST002568,Aishani,Shukla,2006-06-23,aashi00@example.org,4312226492,"H.No. 45, Kapadia Nagar",Mumbai,GJ,VERIFIED,2025-05-08 18:21:53.683265
CUST002569,Sathvik,Modi,1978-07-20,ekani23@example.org,3774226716,"H.No. 14, Mangat Path",Mumbai,TS,PENDING,2024-08-09 07:37:08.216150
CUST002570,Nidhi,Desai,1973-03-28,hemal38@example.com,5885991890,"44/995, Natt Circle",Ahmedabad,WB,REJECTED,2025-06-23 13:43:38.492505
CUST002571,Henry,Dasgupta,1994-05-01,kapoorchatura@example.net,2121617625,"10/298, Kamdar Ganj",Bangalore,KA,REJECTED,2023-06-18 08:32:19.740490
CUST002572,Luke,Sarkar,1969-07-13,xitichandran@example.org,7498887105,"H.No. 38, Bhandari Nagar",Mumbai,GJ,VERIFIED,2026-06-27 03:17:12.863063
CUST002573,Lajita,Rege,1974-06-12,murtysathvik@example.net,6223393646,"59, Aurora Street",Delhi,WB,REJECTED,2024-10-02 20:29:41.375057
CUST002574,Janaki,Behl,1977-09-30,masonpillay@example.com,6290772692,"H.No. 996, Dhingra Marg",Delhi,WB,VERIFIED,2024-01-20 15:12:08.923003
CUST002575,Kiaan,Oak,1996-05-28,eapte@example.org,0840758822,"59/93, Talwar Zila",Mumbai,KA,PENDING,2024-05-27 13:10:35.250145
CUST002576,Gaurika,Tiwari,1977-12-07,rjha@example.org,3867677037,"28, Jain Nagar",Delhi,MH,PENDING,2024-08-24 03:49:34.483990
CUST002577,Jason,Krishna,1990-04-28,bachittar12@example.org,7822394970,"26, Pillay Street",Mumbai,MH,VERIFIED,2024-03-26 12:11:55.186142
CUST002578,Meghana,Muni,1968-07-19,urvi77@example.net,5994188368,"32/07, Ramakrishnan",Chennai,DL,VERIFIED,2025-04-12 22:09:32.814924
CUST002579,Dhruv,Soni,1998-11-08,kai53@example.net,2552500308,"02, Vasa Chowk",Bangalore,TN,VERIFIED,2023-10-01 14:28:48.277967
CUST002580,Rushil,Krish,1958-05-11,nigamxiti@example.org,3039285867,"H.No. 89, Verma Circle",Pune,GJ,VERIFIED,2024-06-27 19:45:24.507066
CUST002581,Manya,Devan,1993-04-22,sarnaedhitha@example.org,0947188806,"H.No. 914, Ray Street",Mumbai,TN,PENDING,2023-07-21 10:23:18.090868
CUST002582,Sai,Aurora,1976-07-17,vramachandran@example.org,4610781277,"65, Vala Path",Pune,MH,VERIFIED,2024-05-21 17:33:24.005145
CUST002583,Yashodhara,De,1963-05-28,routmaanav@example.com,4914185623,"H.No. 672, Batta",Kolkata,KA,VERIFIED,2026-02-15 20:49:56.745456
CUST002584,Sneha,Dey,2004-01-18,vyanjana09@example.net,1951307455,"592, Peri Nagar",Ahmedabad,TS,REJECTED,2022-10-08 09:33:04.856114
CUST002585,Bahadurjit,Hegde,1984-05-09,mohammedsagar@example.org,3078371642,"579, Das Circle",Pune,TS,VERIFIED,2026-03-11 21:08:59.772137
CUST002586,Noah,Gulati,1961-08-23,samaayush@example.org,8992563114,"080, Bhakta Road",Hyderabad,KA,VERIFIED,2025-12-10 03:23:55.124699
CUST002587,Nitara,Bora,1977-09-14,kchaudhuri@example.net,3234542231,"21, Dutta Road",Chennai,MH,REJECTED,2023-04-06 07:36:20.613600
CUST002588,Janani,Sankaran,1970-04-09,sridharpanini@example.org,4163502142,"H.No. 410, Mandal Marg",Chennai,MH,VERIFIED,2024-06-29 11:26:04.211648
CUST002589,Yahvi,Grewal,1951-01-04,devansh24@example.com,1619465370,"83/23, Kohli Street",Chennai,GJ,VERIFIED,2023-11-22 19:30:59.047016
CUST002590,Ridhi,Sarraf,1999-04-29,samar42@example.com,7013588121,"H.No. 89, Krish",Kolkata,MH,VERIFIED,2025-06-03 03:36:11.612433
CUST002591,Yashasvi,Sodhi,1957-10-11,chaudrynetra@example.org,4112126109,"29/674, Singh Marg",Kolkata,WB,VERIFIED,2026-01-02 16:10:01.434027
CUST002592,Aryan,Hari,1967-02-11,henrysarin@example.org,4835574908,"H.No. 771, Natt Path",Bangalore,GJ,PENDING,2024-05-08 16:19:41.643870
CUST002593,Krisha,Krishnan,1964-04-20,adwetaramanathan@example.net,3181589960,"34, Ben Ganj",Delhi,MH,VERIFIED,2024-03-28 05:13:42.709300
CUST002594,Raagini,Dugar,1951-10-05,yauvani24@example.org,5217381018,"24/715, Om Street",Mumbai,TN,PENDING,2024-12-23 21:01:31.273221
CUST002595,Mohini,Soman,2001-08-27,darpangupta@example.org,9728188584,"190, Pant Circle",Ahmedabad,DL,VERIFIED,2024-10-24 17:37:20.688797
CUST002596,Simon,Majumdar,1973-07-06,vshenoy@example.net,0154227095,"H.No. 053, Vohra Marg",Kolkata,MH,VERIFIED,2025-02-02 20:19:49.773662
CUST002597,Charles,Sankaran,1966-06-27,yatan82@example.org,8776712944,"09/127, Saxena Nagar",Bangalore,MH,VERIFIED,2025-06-15 16:02:50.368451
CUST002598,Lekha,Ratta,1960-12-28,fdora@example.org,4709967450,"925, Saran Street",Kolkata,KA,VERIFIED,2023-05-23 06:55:46.024413
CUST002599,Janya,Natarajan,1990-09-30,cnigam@example.com,1200565553,"43/938, Dugar Chowk",Pune,TS,VERIFIED,2025-04-13 02:10:29.482796
CUST002600,Shivani,Andra,1978-03-16,tanish35@example.net,4238448232,"71/063, Vohra Chowk",Chennai,KA,VERIFIED,2026-02-07 22:34:42.427979
CUST002601,Jason,Sankar,1980-11-30,siddharthoza@example.com,4571284038,"H.No. 491, Issac",Mumbai,GJ,PENDING,2026-04-26 02:08:26.240952
CUST002602,Triya,Kanda,1958-02-28,etachaudry@example.net,0962334405,"337, Sur Circle",Mumbai,DL,VERIFIED,2025-10-23 06:14:40.566946
CUST002603,Victor,Narain,1993-11-11,narainneel@example.net,9814880595,"46, Deol Road",Pune,KA,PENDING,2023-06-08 04:48:23.629823
CUST002604,Qadim,Shere,1962-03-02,sagarwriddhish@example.com,7048704280,"29/44, Sami Chowk",Pune,DL,VERIFIED,2025-12-11 16:36:01.705888
CUST002605,Tamanna,Suresh,1995-05-31,yashvibahl@example.com,0130376049,"97/05, Sem Chowk",Delhi,MH,VERIFIED,2023-06-22 12:14:44.616564
CUST002606,Anmol,Thaman,1953-08-28,vinayaboase@example.org,2255784190,"H.No. 138, Sandhu Circle",Ahmedabad,KA,PENDING,2023-06-25 09:08:15.523620
CUST002607,Ekansh,Ravel,1975-10-08,sodhiakshay@example.net,1957241685,"69/810, Iyengar Path",Bangalore,KA,VERIFIED,2025-01-17 09:36:25.694974
CUST002608,Dayamai,Andra,1971-09-22,watika49@example.org,0810799345,"07/26, Mital Chowk",Mumbai,WB,VERIFIED,2025-06-28 21:18:13.145586
CUST002609,Ekantika,Krish,1993-02-04,udeep@example.net,7802715227,"38, Choudhury Marg",Bangalore,TS,VERIFIED,2025-12-22 08:23:11.114034
CUST002610,Upadhriti,Choudhary,1972-09-08,hansranveer@example.com,7810524503,"H.No. 42, Dada Zila",Ahmedabad,MH,VERIFIED,2026-04-18 11:00:25.627144
CUST002611,Ryan,Nigam,1978-02-02,tchand@example.com,0057997984,"791, Arya Zila",Kolkata,KA,VERIFIED,2026-04-18 12:35:48.473603
CUST002612,Dalaja,Saran,1970-12-27,ravikala@example.org,2006865232,"42/247, Lal Nagar",Mumbai,MH,VERIFIED,2025-04-16 16:13:38.575564
CUST002613,Chaman,Thaker,2007-07-27,borrasai@example.com,2450893200,"H.No. 21, Kara",Kolkata,WB,VERIFIED,2023-03-31 13:40:51.125960
CUST002614,Chameli,Malhotra,1988-12-27,theodore10@example.org,2097658357,"089, Shankar Street",Kolkata,MH,REJECTED,2023-04-05 14:21:18.310491
CUST002615,Warda,Handa,1965-03-05,owenkrishnan@example.net,7426890175,"H.No. 47, Bali Path",Mumbai,GJ,PENDING,2024-11-24 20:31:05.867815
CUST002616,Faqid,Sahota,2001-12-09,parmartanvi@example.org,6409680120,"19/70, Savant Road",Ahmedabad,WB,REJECTED,2023-07-01 00:41:09.910386
CUST002617,Gaurangi,Minhas,2001-04-30,baljiwan88@example.net,0372193041,"29/60, Saini Road",Bangalore,DL,VERIFIED,2024-03-22 10:45:49.575909
CUST002618,Xalak,Kata,2000-01-23,thomas22@example.org,6343976825,"H.No. 47, Kadakia Road",Ahmedabad,DL,REJECTED,2023-03-31 22:08:04.641243
CUST002619,Ishani,Nanda,1997-06-21,dhriti38@example.org,0654139074,"20/22, Dasgupta Street",Pune,KA,VERIFIED,2025-05-22 22:09:08.500226
CUST002620,Wahab,Sethi,2002-05-28,karpenachiket@example.net,8889702600,"H.No. 084, Bajwa Zila",Mumbai,KA,REJECTED,2025-08-28 18:57:20.364298
CUST002621,Libni,Tandon,1978-02-13,mnazareth@example.org,8637736421,"280, Kapoor Road",Pune,TS,REJECTED,2025-10-20 22:58:18.527987
CUST002622,Gaurav,Sarna,2006-08-27,rachit38@example.org,9191809817,"75/370, Krishnamurthy Nagar",Chennai,DL,PENDING,2024-03-08 06:10:24.503726
CUST002623,Bahadurjit,Ghose,1993-04-02,libnidutta@example.net,4116927703,"36/490, Sankaran Ganj",Ahmedabad,GJ,VERIFIED,2026-04-10 10:00:36.614472
CUST002624,Shravya,Borra,1975-03-11,ldivan@example.net,1901018554,"H.No. 87, Kannan Nagar",Pune,TS,VERIFIED,2025-06-03 08:06:29.367579
CUST002625,Frederick,Taneja,1956-04-14,veda49@example.org,9232853373,"57/620, Ganesan Chowk",Mumbai,TS,VERIFIED,2026-02-21 14:12:10.103508
CUST002626,Niharika,Kibe,1957-09-19,xiti52@example.net,8625395639,"243, Bhandari Road",Kolkata,DL,VERIFIED,2024-02-22 18:22:11.277891
CUST002627,Sai,Kumar,1958-11-24,nimratkant@example.com,4830410545,"H.No. 937, Gara Chowk",Hyderabad,TS,PENDING,2024-12-10 22:51:56.445120
CUST002628,Xalak,Nadig,1987-11-13,vraval@example.net,7345710717,"H.No. 02, Mitter Marg",Chennai,DL,VERIFIED,2024-10-16 10:13:36.728678
CUST002629,Kiaan,Jaggi,1955-01-31,ymemon@example.org,2076579667,"H.No. 34, Sheth Road",Delhi,MH,REJECTED,2024-07-01 04:39:10.504696
CUST002630,Riya,Rai,1993-12-12,mekhalarajan@example.com,7861204597,"H.No. 495, Randhawa Nagar",Hyderabad,MH,VERIFIED,2026-04-22 16:49:55.216694
CUST002631,Ojas,Palla,1998-10-06,chadhaidika@example.net,6529278136,"46/779, Issac Ganj",Mumbai,WB,VERIFIED,2025-09-20 17:49:40.276738
CUST002632,Harinakshi,Bhagat,1959-05-22,qraju@example.org,3141350397,"H.No. 201, Bajwa Zila",Pune,MH,VERIFIED,2024-10-23 10:15:57.447137
CUST002633,Vidhi,Karpe,2001-05-19,parth37@example.net,7611558497,"H.No. 811, Parikh Nagar",Bangalore,DL,VERIFIED,2024-02-21 06:50:10.495708
CUST002634,Gavin,Ganesh,1965-12-21,usampath@example.com,8619866453,"310, Mitra Chowk",Ahmedabad,GJ,REJECTED,2025-12-14 15:04:28.320879
CUST002635,Aryan,Hans,1955-08-19,dsawhney@example.org,3396414412,"720, Hegde",Delhi,DL,REJECTED,2024-05-07 06:24:23.484296
CUST002636,Janya,Bora,1959-08-04,vparmar@example.com,7004758701,"H.No. 341, Ramanathan Zila",Chennai,WB,VERIFIED,2023-12-06 08:15:40.936120
CUST002637,Omya,Borah,1952-09-02,wagleryan@example.org,5352780056,"841, Rajagopalan",Hyderabad,KA,PENDING,2023-05-27 06:52:05.233469
CUST002638,Devika,Cherian,1997-08-11,adya74@example.com,5792321839,"893, Narang Ganj",Mumbai,GJ,VERIFIED,2023-03-08 08:13:51.290468
CUST002639,Amara,Chowdhury,1985-11-29,shuklaneelima@example.org,8927869856,"73/799, Rajagopal Path",Mumbai,MH,VERIFIED,2024-02-07 10:43:48.404121
CUST002640,Bachittar,Vasa,1969-04-30,wsarin@example.org,6348786480,"18/426, Dasgupta Road",Ahmedabad,MH,VERIFIED,2024-09-22 08:39:00.711304
CUST002641,Naksh,Dhingra,1997-09-05,pauwriddhish@example.com,7880835262,"60, Shah Marg",Ahmedabad,DL,PENDING,2025-07-14 20:37:00.587560
CUST002642,Maanav,Pau,2008-07-05,sinhaoliver@example.com,1980956069,"367, Ratta Ganj",Pune,WB,VERIFIED,2022-10-10 03:27:12.876883
CUST002643,Aadhya,Batta,1955-05-21,hkala@example.org,2027221631,"92/73, Mallick Ganj",Mumbai,DL,VERIFIED,2025-05-11 13:52:15.030992
CUST002644,Amol,Nayak,1981-11-23,ekajamannan@example.com,3266242996,"42, Sampath Marg",Bangalore,DL,VERIFIED,2026-03-09 16:42:37.332192
CUST002645,Yachana,Chad,1960-09-29,andraqasim@example.org,0609314173,"933, Chand Circle",Bangalore,TS,VERIFIED,2023-06-07 00:57:47.119681
CUST002646,Aarini,Oza,2008-06-28,riya51@example.net,2385897250,"237, Babu Nagar",Ahmedabad,MH,REJECTED,2024-10-11 17:48:59.130699
CUST002647,Henry,Khatri,1968-07-22,smuni@example.org,1533958332,"H.No. 281, Morar Circle",Delhi,MH,VERIFIED,2026-02-04 10:47:58.412363
CUST002648,Tristan,Ram,1968-01-05,koshycharles@example.org,7991346806,"H.No. 217, Sodhi Road",Pune,MH,VERIFIED,2025-03-09 18:24:41.980107
CUST002649,Nitara,Sundaram,1961-01-23,balvan68@example.net,7275386689,"42/180, Jayaraman Circle",Hyderabad,MH,VERIFIED,2023-03-06 01:54:43.711410
CUST002650,Yashasvi,Deshmukh,2001-11-23,wishiprabhu@example.org,2056680735,"52, Zacharia",Hyderabad,DL,REJECTED,2023-01-22 01:53:00.989148
CUST002651,Kavya,Kibe,1988-05-02,hayermekhala@example.org,0460510019,"87/26, Sahota Road",Pune,TS,VERIFIED,2026-04-13 06:28:56.825201
CUST002652,Harsh,Sahni,2003-01-02,kalpit05@example.net,5415723974,"589, Mutti Zila",Mumbai,TS,VERIFIED,2023-03-12 18:33:55.009777
CUST002653,Vyanjana,More,1975-06-28,gaurav98@example.com,5631603288,"94/17, Sani Street",Bangalore,MH,VERIFIED,2025-01-14 23:37:44.830890
CUST002654,Ishani,Deol,1980-09-26,yadavianne@example.net,3143025200,"H.No. 26, Bath",Kolkata,KA,VERIFIED,2025-08-18 10:59:34.033013
CUST002655,Oscar,Mutti,1964-05-07,qtandon@example.org,8506161312,"26, Rau Marg",Pune,TN,PENDING,2024-10-03 13:18:43.679533
CUST002656,Vamakshi,Loyal,1994-06-27,naveenkhalsa@example.org,4461179549,"04, Kunda",Pune,DL,VERIFIED,2025-01-10 11:26:22.020152
CUST002657,Dayamai,Bobal,1971-09-16,libnidara@example.com,1831321816,"H.No. 61, Bhardwaj Nagar",Hyderabad,WB,VERIFIED,2025-02-25 14:29:22.482567
CUST002658,Joshua,Sankaran,1954-03-22,rvala@example.com,6406400584,"27/29, Dutta Road",Bangalore,TS,VERIFIED,2026-04-03 07:02:27.067365
CUST002659,Faqid,Choudhary,1999-08-16,zmander@example.net,2483259574,"375, Issac",Pune,MH,REJECTED,2026-02-18 06:48:51.587657
CUST002660,Jeevika,Grover,1995-11-01,gaurangthakkar@example.com,6946756892,"80, Deshpande Chowk",Kolkata,DL,VERIFIED,2023-07-05 13:06:01.703129
CUST002661,Saanvi,Parikh,1999-06-21,guptagirik@example.com,6367621360,"94/472, Deshmukh Chowk",Kolkata,MH,VERIFIED,2023-12-04 12:03:11.002615
CUST002662,Ekantika,Sur,1973-03-28,emunshi@example.org,8933363996,"15, Shanker",Pune,TN,VERIFIED,2023-11-08 03:30:28.256087
CUST002663,Faqid,Kuruvilla,2004-05-26,falguni95@example.net,1409774184,"H.No. 535, Kant Street",Delhi,MH,VERIFIED,2024-07-28 22:36:49.646928
CUST002664,Krishna,Shere,1974-02-28,shalder@example.net,5721864532,"49, Kapadia",Chennai,TS,REJECTED,2025-12-07 10:16:39.589771
CUST002665,Arunima,Pai,1987-11-27,sanyachaudhry@example.net,5547006887,"20/563, Raman Ganj",Ahmedabad,MH,VERIFIED,2025-02-19 07:58:45.155863
CUST002666,Chanakya,Sethi,1974-04-21,saanvichada@example.net,8826310968,"H.No. 774, Wagle Circle",Ahmedabad,KA,VERIFIED,2025-12-28 01:28:30.882621
CUST002667,Ethan,Sagar,2000-09-27,advaithmallick@example.org,8127731774,"788, Dutta Chowk",Kolkata,DL,PENDING,2025-06-18 14:22:14.267380
CUST002668,Triya,Palla,1979-09-12,mahajanaryan@example.net,5058095316,"48/87, Halder Path",Ahmedabad,TS,VERIFIED,2023-09-09 22:51:13.607908
CUST002669,Balendra,Subramanian,1988-01-18,pranityogi@example.net,5688932281,"819, Bhalla Road",Delhi,GJ,PENDING,2025-05-19 18:52:47.747258
CUST002670,Aarini,Srinivasan,1977-03-01,siddharthrajagopalan@example.com,5884549086,"23/11, Reddy",Ahmedabad,TN,REJECTED,2023-06-22 15:14:23.945324
CUST002671,Xalak,Ranganathan,1989-07-30,qmurty@example.net,3566388282,"97/777, Bali Ganj",Kolkata,MH,VERIFIED,2025-10-20 12:44:28.941674
CUST002672,Devika,Gole,1984-03-19,darpan77@example.org,3681046363,"H.No. 61, Bora Street",Pune,MH,PENDING,2024-09-19 13:23:14.040452
CUST002673,Gavin,Gill,1987-09-29,msekhon@example.org,1949265118,"H.No. 231, Ganesan Path",Pune,WB,VERIFIED,2023-08-20 20:51:54.653584
CUST002674,Agastya,Roy,1954-09-06,mohammed01@example.net,3597309806,"801, Nigam Marg",Chennai,WB,PENDING,2023-01-11 20:27:11.473271
CUST002675,Janaki,Sahota,1961-11-24,hiral40@example.net,3606568154,"21/772, Sarkar",Hyderabad,DL,VERIFIED,2024-10-18 10:07:04.087982
CUST002676,Manthan,Grewal,1963-10-15,nitara71@example.net,4617327430,"40/018, Shetty Road",Bangalore,TS,VERIFIED,2023-02-21 19:02:39.925435
CUST002677,Pooja,Rajan,1984-08-10,rayaan59@example.com,7124084765,"247, Walia Zila",Chennai,GJ,REJECTED,2025-10-06 07:01:03.802497
CUST002678,Zaitra,Wable,1998-06-09,wriddhish71@example.org,5826096007,"H.No. 22, Shah Zila",Delhi,MH,REJECTED,2022-11-12 08:18:30.391412
CUST002679,Nitara,Rout,1979-04-10,xiti18@example.net,0163684263,"559, Patla Marg",Mumbai,GJ,REJECTED,2024-08-13 06:34:44.743659
CUST002680,Udyati,Dhillon,1982-07-13,thamanaadhya@example.net,4762380267,"H.No. 867, Chahal Chowk",Delhi,WB,PENDING,2024-06-03 22:44:45.504883
CUST002681,Niharika,Mallick,1954-11-05,lallosha@example.org,9912936322,"80/13, Sunder Road",Ahmedabad,WB,PENDING,2026-01-27 22:45:09.270265
CUST002682,Brijesh,Saraf,1979-01-20,pahalram@example.com,1965376703,"91/43, Khalsa Circle",Delhi,GJ,VERIFIED,2023-03-23 11:58:56.419340
CUST002683,Saanvi,Nagar,1998-02-13,theodore08@example.net,3601467151,"03, Gara Street",Chennai,WB,VERIFIED,2025-01-18 11:00:01.119675
CUST002684,Yashasvi,Bhatt,1964-05-10,mohanrobert@example.com,5576639408,"H.No. 84, Dugar Circle",Hyderabad,GJ,VERIFIED,2023-10-18 02:38:21.514433
CUST002685,Jyoti,Mitter,2003-01-18,kgrewal@example.com,1924675957,"11, Iyer",Chennai,KA,VERIFIED,2024-07-18 22:04:33.031683
CUST002686,Ubika,Balasubramanian,2008-02-25,achoudhry@example.com,8170376135,"94, Khosla Path",Bangalore,TN,REJECTED,2023-11-19 07:37:48.335832
CUST002687,Aashi,Murty,1970-07-17,ucchaldeol@example.com,7539879201,"792, Raj Path",Bangalore,TN,VERIFIED,2025-10-11 16:38:59.759718
CUST002688,Ekanta,Anand,1972-08-22,darafrederick@example.com,5865115035,"00/66, Parekh Nagar",Bangalore,KA,VERIFIED,2024-09-21 07:55:30.602085
CUST002689,Veda,Srinivasan,1988-10-26,henryguha@example.com,0843800639,"691, Tata Nagar",Delhi,MH,REJECTED,2024-04-16 11:09:51.110316
CUST002690,Sneha,Ganguly,1998-09-07,chaudharyleela@example.org,9165168004,"570, Johal Nagar",Pune,DL,VERIFIED,2025-03-24 14:52:04.014344
CUST002691,Shivani,Buch,1978-10-01,grewaladvaith@example.org,5501878900,"325, Lanka Path",Delhi,TN,VERIFIED,2023-12-05 07:01:06.834011
CUST002692,Saksham,Hegde,1965-07-29,shivanshghosh@example.net,2430258330,"276, Aurora",Chennai,MH,REJECTED,2026-01-29 10:55:04.044334
CUST002693,Veda,Lall,1967-12-03,advikvarghese@example.org,0780876678,"H.No. 33, Sharma Path",Hyderabad,TN,VERIFIED,2026-02-14 08:23:39.751234
CUST002694,Theodore,Shah,1952-11-30,borahyashica@example.net,3361363750,"351, Rana Zila",Chennai,TN,VERIFIED,2024-08-21 17:39:10.015927
CUST002695,Varenya,Mani,2007-07-02,shravya36@example.org,3034260273,"28, Bal Chowk",Kolkata,WB,REJECTED,2023-07-23 18:02:02.476672
CUST002696,Chasmum,Atwal,1951-07-29,fnarayanan@example.org,2939409965,"64/598, Sathe Zila",Mumbai,GJ,REJECTED,2023-02-21 16:51:25.231586
CUST002697,Baljiwan,Kapadia,1959-12-19,bishakhamisra@example.org,1384332133,"29/560, Balakrishnan Ganj",Hyderabad,WB,VERIFIED,2022-11-19 06:07:57.779427
CUST002698,Rushil,Agarwal,1984-05-07,bgoswami@example.org,7520025569,"H.No. 623, Lata Zila",Pune,MH,PENDING,2025-07-30 18:16:14.350451
CUST002699,Varsha,Manda,1968-02-16,akorpal@example.com,5962763009,"H.No. 27, Sarraf Ganj",Pune,GJ,PENDING,2023-07-31 14:04:48.889592
CUST002700,Vedika,Kuruvilla,1982-06-29,katagirindra@example.com,0375694143,"988, More Chowk",Delhi,KA,VERIFIED,2026-03-05 03:21:54.548955
CUST002701,Jhalak,Khosla,1991-10-31,turvichauhan@example.net,2840888563,"120, Mangat Nagar",Pune,WB,PENDING,2023-04-08 01:33:32.261368
CUST002702,Netra,Loke,2004-10-06,girik55@example.net,4870321870,"88/884, Kata Street",Pune,GJ,PENDING,2025-02-22 18:37:09.085254
CUST002703,Janani,Lanka,1951-02-20,sabharwalchakradev@example.com,3563622446,"15, Seshadri Chowk",Mumbai,DL,VERIFIED,2025-03-31 17:31:31.321899
CUST002704,Veer,Nigam,1988-11-13,srinivasankevin@example.com,8479270599,"35, Ratti Ganj",Hyderabad,TN,VERIFIED,2023-02-19 04:49:14.975456
CUST002705,Xiti,Mangat,2005-05-25,bagate@example.net,4091260287,"H.No. 064, Bera Circle",Ahmedabad,DL,VERIFIED,2022-11-07 19:31:00.675350
CUST002706,Maanav,Hayer,1959-01-14,yashoda69@example.net,0881484894,"12/422, Sabharwal",Pune,WB,PENDING,2026-02-14 08:44:22.853990
CUST002707,Daniel,Samra,1995-01-20,krishpratyush@example.net,7295218667,"56, Sabharwal Chowk",Kolkata,TN,VERIFIED,2026-07-08 01:30:08.234027
CUST002708,Bina,Ranganathan,1963-08-19,wwagle@example.com,1189724818,"787, Saxena Road",Mumbai,MH,VERIFIED,2025-05-28 22:17:16.434099
CUST002709,Nisha,Savant,1992-06-20,lekhavenkataraman@example.org,6159364076,"07/495, Rege",Hyderabad,DL,REJECTED,2023-03-26 04:29:48.308464
CUST002710,Arya,Chakraborty,1987-10-19,atioza@example.net,2314142158,"14/343, Divan Circle",Kolkata,WB,VERIFIED,2023-05-06 11:30:37.192681
CUST002711,Daksh,Vyas,2004-04-25,cdate@example.com,0341594928,"835, Savant Street",Kolkata,KA,REJECTED,2023-12-26 17:25:21.156496
CUST002712,Advay,Sehgal,1978-08-11,maharajvarenya@example.com,2369170324,"H.No. 779, Buch Street",Kolkata,MH,PENDING,2022-11-14 11:08:53.397491
CUST002713,Henry,Shankar,1954-01-27,nicholas45@example.net,0901271720,"709, Hegde Road",Bangalore,DL,REJECTED,2026-05-22 02:52:28.503063
CUST002714,Indali,Garde,1957-06-04,edas@example.net,2561563688,"04/569, Ahluwalia Marg",Ahmedabad,TN,VERIFIED,2026-07-09 14:09:41.824318
CUST002715,Oeshi,Dutta,1980-08-30,libnisura@example.com,8187113635,"112, Ben Chowk",Hyderabad,KA,REJECTED,2025-08-19 06:08:45.512185
CUST002716,Bhavika,Nagarajan,1968-08-02,anmolmallick@example.net,9103033799,"02/976, Ben Chowk",Hyderabad,MH,REJECTED,2024-05-05 15:03:17.032612
CUST002717,Aarini,Mandal,1999-10-03,ayushmannagarajan@example.com,6140692600,"574, Thakur Nagar",Ahmedabad,MH,VERIFIED,2025-09-09 09:14:24.479729
CUST002718,Geetika,Chhabra,1976-05-03,chameli41@example.org,5823552637,"17, Vala Chowk",Pune,KA,PENDING,2026-01-03 02:06:45.382005
CUST002719,Barkha,Joshi,1981-08-15,beraadvaith@example.com,1059507614,"71/69, Srivastava Nagar",Chennai,MH,VERIFIED,2024-11-03 11:49:03.673612
CUST002720,Wyatt,Kar,1982-11-25,bhandariqabil@example.org,9114989216,"93, Verma",Chennai,KA,PENDING,2026-04-25 05:33:48.762026
CUST002721,Thomas,Rajan,2003-10-25,mahika90@example.net,1096033822,"537, Nanda Path",Mumbai,DL,REJECTED,2025-11-29 10:36:53.791591
CUST002722,Laban,Shroff,1990-10-07,kevin50@example.net,8872069657,"87/13, Vala Nagar",Mumbai,TS,VERIFIED,2025-04-17 09:48:55.836594
CUST002723,Yadavi,Kade,1985-08-08,aaravbaral@example.com,3295689865,"70, Bhatti Marg",Kolkata,WB,VERIFIED,2025-02-01 01:32:40.986537
CUST002724,Warda,Parmar,1951-02-09,farajmisra@example.net,4388015315,"H.No. 34, Nagi Circle",Bangalore,TS,REJECTED,2024-11-08 08:37:16.401185
CUST002725,Chaaya,Gour,1969-10-17,rbiswas@example.org,8437601832,"69/535, Lal Street",Kolkata,GJ,VERIFIED,2025-03-10 12:38:04.688693
CUST002726,Niharika,Gupta,1994-07-10,qbehl@example.net,5990401939,"84/324, Pathak Road",Kolkata,MH,VERIFIED,2025-04-10 09:36:18.937877
CUST002727,Deepa,Kaur,1968-09-22,divyapant@example.net,2286952938,"868, Deshmukh Path",Pune,TN,PENDING,2024-07-29 19:05:39.632576
CUST002728,Brijesh,Baral,1991-06-07,gayathribali@example.org,2570441482,"595, Vig Circle",Ahmedabad,TS,REJECTED,2023-01-07 17:34:10.411099
CUST002729,Eshana,Sawhney,1962-10-01,vrindaloke@example.org,0855026259,"H.No. 39, Nagar Path",Chennai,MH,REJECTED,2024-10-26 01:49:00.430962
CUST002730,Jairaj,Shroff,2007-04-13,sinhadavid@example.org,7988937363,"73, Mandal Chowk",Ahmedabad,TN,VERIFIED,2024-03-24 08:28:42.855368
CUST002731,Girik,Das,1981-06-17,warda89@example.org,2918440900,"25/73, Kakar Zila",Mumbai,TS,PENDING,2025-06-11 10:34:34.384402
CUST002732,Naksh,Balasubramanian,2006-02-10,okorpal@example.com,0533401647,"H.No. 933, Biswas Chowk",Bangalore,WB,REJECTED,2022-09-20 09:35:07.779722
CUST002733,Lajita,Pandit,1979-12-19,ekavir02@example.net,4654819322,"501, Brar",Pune,DL,REJECTED,2025-01-23 08:16:48.042970
CUST002734,Yashvi,Sathe,1983-05-08,mistryunnati@example.net,0622501775,"90/92, Kant Ganj",Ahmedabad,GJ,PENDING,2024-05-06 20:45:43.494716
CUST002735,Anay,Morar,1987-10-29,dbadami@example.net,6605796527,"H.No. 125, Thakur",Mumbai,KA,VERIFIED,2024-03-26 12:45:23.700805
CUST002736,Liam,Chada,1980-07-10,hanand@example.com,4445169613,"H.No. 849, Verma Chowk",Ahmedabad,DL,VERIFIED,2026-01-04 23:34:17.725259
CUST002737,Jairaj,Nadkarni,1992-01-11,tamannamanne@example.org,9191654594,"H.No. 952, Natt Chowk",Kolkata,TS,PENDING,2023-11-25 02:33:31.659273
CUST002738,Megha,Bhargava,1976-09-07,darsh93@example.org,0206822053,"13/49, Varkey Chowk",Pune,TS,REJECTED,2024-08-04 17:42:35.025732
CUST002739,Sanya,Nagar,2000-11-06,maanavpurohit@example.com,0382118620,"H.No. 13, Ramanathan Nagar",Kolkata,GJ,PENDING,2023-11-15 22:02:11.077506
CUST002740,Chameli,Gole,1996-01-15,pmannan@example.net,7070345621,"42, Rastogi Zila",Hyderabad,KA,PENDING,2025-11-06 06:18:28.912425
CUST002741,Harshil,Parikh,1994-08-22,daksha19@example.net,4549065478,"H.No. 988, Sane Marg",Mumbai,MH,VERIFIED,2024-11-11 18:50:07.386560
CUST002742,Hritik,Wable,2001-01-01,abhandari@example.com,9890061802,"H.No. 67, Nadig Chowk",Chennai,TN,VERIFIED,2024-03-18 12:40:07.616643
CUST002743,Nirja,Hayre,1971-12-11,aahanamammen@example.com,0765478891,"89/77, Dalal Path",Pune,GJ,PENDING,2023-05-12 05:15:41.620682
CUST002744,Kiaan,Nagar,2004-06-10,tankchakrika@example.org,1203736001,"329, Mani Zila",Bangalore,DL,VERIFIED,2026-01-04 17:25:08.759542
CUST002745,Bahadurjit,Lalla,1994-04-11,tkala@example.net,3843071846,"514, Behl",Bangalore,DL,PENDING,2023-02-26 23:23:29.187160
CUST002746,Tejas,Kaul,2007-06-27,robertraj@example.net,5720731156,"65/82, Kaur Marg",Ahmedabad,TS,VERIFIED,2025-03-12 16:17:37.301769
CUST002747,Gopal,Puri,2000-08-29,gulatibakhshi@example.net,8794263405,"H.No. 569, Kar Circle",Pune,MH,PENDING,2026-05-05 15:38:55.427074
CUST002748,Naksh,Grover,1985-12-15,bhavsarnicholas@example.net,9191770198,"95, Taneja Marg",Mumbai,KA,PENDING,2026-07-18 03:23:42.134520
CUST002749,Raksha,Ranganathan,1975-12-20,farisseshadri@example.com,4415657437,"H.No. 81, Dhillon Ganj",Kolkata,DL,PENDING,2024-08-30 21:51:40.925004
CUST002750,Jackson,Tiwari,2006-07-06,gollajasmit@example.com,4573526407,"104, Prabhu Marg",Pune,WB,VERIFIED,2026-04-04 17:20:09.133324
CUST002751,Deepa,Bhakta,2007-01-07,ishani64@example.com,3129038265,"29, Deep",Mumbai,TN,VERIFIED,2023-03-12 08:53:42.873874
CUST002752,Udarsh,Hayer,1976-09-13,pallajairaj@example.org,9122276158,"H.No. 874, Dugar Street",Hyderabad,DL,PENDING,2024-03-21 16:30:09.189827
CUST002753,Falguni,Tripathi,1963-02-24,kallaonveer@example.net,5703409718,"H.No. 36, Sarraf Street",Ahmedabad,GJ,VERIFIED,2023-07-26 23:18:33.474078
CUST002754,Amara,Verma,1999-08-12,shettyranveer@example.org,8529764284,"26/17, Zacharia Path",Bangalore,MH,PENDING,2026-05-18 08:38:23.267581
CUST002755,Mohini,Dixit,1976-10-05,naveen90@example.net,3916102811,"H.No. 04, Singh Chowk",Hyderabad,GJ,VERIFIED,2025-10-26 15:55:13.897815
CUST002756,Chandani,Uppal,1953-06-28,jacobsheth@example.net,2073970163,"10/77, Randhawa Zila",Hyderabad,TS,VERIFIED,2023-07-14 23:08:56.240158
CUST002757,Warhi,Saraf,1979-01-22,dominic66@example.org,4858884442,"98/864, Kapadia Path",Bangalore,TS,VERIFIED,2025-03-16 02:45:17.646587
CUST002758,Brinda,Mutti,1956-10-22,lnarayan@example.com,6731552541,"H.No. 126, Chopra Circle",Bangalore,WB,VERIFIED,2024-08-07 01:05:04.765307
CUST002759,Zansi,Prabhakar,1952-01-07,tkala@example.com,6977104568,"H.No. 24, Jha Street",Bangalore,MH,VERIFIED,2024-10-18 15:00:35.692619
CUST002760,Qasim,Wali,2001-05-15,bapte@example.com,5136272586,"H.No. 408, Thaker Road",Hyderabad,GJ,VERIFIED,2024-01-16 02:53:18.154362
CUST002761,Mohammed,Sachar,1957-03-22,unni12@example.org,2757332006,"89, Dugal Path",Hyderabad,MH,VERIFIED,2024-06-18 04:47:39.633320
CUST002762,Upasna,Mander,2007-07-10,gangulyrishi@example.org,2358459638,"H.No. 749, Ramaswamy Zila",Pune,GJ,VERIFIED,2025-01-13 15:06:19.768523
CUST002763,Jatin,Nadig,1969-08-04,mchaudry@example.net,0475104242,"H.No. 89, Kadakia",Bangalore,WB,VERIFIED,2025-07-24 08:27:54.273108
CUST002764,Hamsini,Sood,1955-12-29,mparsa@example.net,9940847727,"27/71, Acharya Road",Ahmedabad,MH,REJECTED,2023-06-02 01:32:22.429621
CUST002765,Bhavani,Puri,2004-03-02,wablewidisha@example.net,7361885752,"42, Chander Nagar",Mumbai,MH,PENDING,2026-07-07 16:32:25.867855
CUST002766,Zansi,Bedi,1981-02-04,zayyan85@example.org,1215946333,"769, Chaudhuri Nagar",Pune,MH,VERIFIED,2023-01-25 06:21:46.298173
CUST002767,Atharv,Prashad,1986-09-08,narayanveer@example.org,0193639986,"46, Raj Street",Pune,MH,VERIFIED,2024-06-17 18:36:53.630788
CUST002768,Christopher,Pai,1968-09-23,pranit19@example.org,6712584047,"07/354, Bava Marg",Mumbai,WB,VERIFIED,2025-06-04 22:35:57.701475
CUST002769,Vinaya,Sharma,1991-07-13,sinharajeshri@example.net,6449255933,"54/68, Ahluwalia Nagar",Mumbai,DL,VERIFIED,2022-09-10 14:47:32.671098
CUST002770,Alexander,Savant,1975-02-07,mpatil@example.org,5959627423,"34/37, Khosla Nagar",Bangalore,MH,VERIFIED,2023-02-15 02:14:40.530722
CUST002771,Rachit,Ramanathan,2000-12-10,xvala@example.com,3916913946,"766, Puri Zila",Hyderabad,TS,VERIFIED,2024-06-09 15:53:00.829870
CUST002772,Yachana,Mand,1980-12-29,shankermax@example.org,1257481532,"981, Ahluwalia Circle",Kolkata,KA,VERIFIED,2026-05-23 06:01:07.582268
CUST002773,Indali,Magar,1960-08-08,nagate@example.net,9600789493,"72, Vaidya Ganj",Delhi,MH,REJECTED,2024-09-11 01:34:46.724408
CUST002774,Tamanna,Panchal,1954-10-30,charitasani@example.com,9681032022,"281, Nagy Path",Pune,WB,PENDING,2023-02-27 02:36:49.618703
CUST002775,Darika,Kadakia,2005-02-05,abhareddy@example.com,0094043781,"73/60, Kata Marg",Bangalore,MH,VERIFIED,2025-08-08 03:48:30.203587
CUST002776,Kamya,Buch,2002-03-05,batraikshita@example.com,3953279182,"16, Sagar Street",Bangalore,DL,VERIFIED,2023-09-01 21:20:00.645724
CUST002777,Dominic,Sidhu,1995-07-20,girik44@example.org,3521560232,"79/27, Palla Zila",Hyderabad,MH,PENDING,2026-06-15 16:13:16.046588
CUST002778,Ekbal,Karpe,1977-09-21,indaliseth@example.net,8087841786,"93, Mitra",Delhi,MH,PENDING,2024-01-08 15:14:37.630788
CUST002779,Forum,Swamy,1961-05-15,charanjha@example.com,1048114681,"138, Issac Marg",Pune,GJ,VERIFIED,2025-07-10 23:27:01.497746
CUST002780,Bhavya,Deshmukh,1963-02-10,krish49@example.org,1041762851,"40, Bal Road",Bangalore,TN,REJECTED,2025-04-26 10:19:42.935012
CUST002781,Upadhriti,Ratta,1958-02-19,wableanmol@example.com,4389114821,"H.No. 624, Bhatt Road",Delhi,MH,VERIFIED,2023-07-11 13:59:25.681472
CUST002782,Ansh,Biswas,1989-05-23,usaini@example.com,5099575681,"H.No. 532, Kapadia",Pune,WB,VERIFIED,2024-09-13 08:11:15.310251
CUST002783,Aashi,Kata,1985-09-10,nakshjohal@example.com,3472624719,"H.No. 27, Issac Chowk",Ahmedabad,KA,REJECTED,2025-12-08 13:55:44.740056
CUST002784,Vaishnavi,Deshmukh,1989-10-21,kaurmeghana@example.com,0254064676,"75, Dugar Ganj",Hyderabad,TN,VERIFIED,2022-08-27 09:59:29.985437
CUST002785,Karan,Jani,1987-07-12,gaurangi64@example.com,4930015903,"092, Tripathi Street",Delhi,WB,VERIFIED,2024-11-23 20:26:21.341843
CUST002786,Dayamai,Jaggi,1973-01-11,kala66@example.org,9066958049,"H.No. 46, Bhavsar Path",Delhi,TS,VERIFIED,2023-07-05 23:59:13.525984
CUST002787,Girindra,Sunder,1989-02-02,vincentbedi@example.org,8834928445,"29/828, Hayre Nagar",Ahmedabad,KA,VERIFIED,2023-12-06 20:30:44.132623
CUST002788,Anusha,Loyal,1952-05-18,annedhruv@example.org,6897790364,"216, Ray",Mumbai,GJ,PENDING,2025-06-03 05:25:51.500846
CUST002789,Omkaar,Tella,1975-09-18,lsetty@example.org,8596357223,"H.No. 579, Biswas Road",Pune,MH,VERIFIED,2025-11-19 19:40:51.939220
CUST002790,Eiravati,Wagle,1957-07-25,banikfaras@example.net,4475124573,"00/20, Ganguly Ganj",Mumbai,KA,VERIFIED,2023-11-10 11:24:59.166611
CUST002791,Zarna,Talwar,2000-01-11,satheleena@example.net,7832250915,"223, Ratti Street",Pune,WB,VERIFIED,2025-12-24 22:39:42.323896
CUST002792,Gautam,Setty,2002-12-09,maanas69@example.net,2099124234,"61/845, Sule Marg",Bangalore,MH,VERIFIED,2026-02-04 22:44:25.632725
CUST002793,Yasti,Palla,1978-06-12,desaishivansh@example.net,8477146733,"H.No. 370, Vig Zila",Delhi,GJ,VERIFIED,2023-03-13 04:25:37.123079
CUST002794,Naksh,Sunder,1965-11-03,jacksonsarkar@example.net,7434188157,"H.No. 218, Lad Marg",Pune,TS,PENDING,2023-06-19 11:59:08.155746
CUST002795,Liam,Chadha,1983-12-28,patlafrado@example.com,3861890854,"535, Narayan Path",Pune,MH,VERIFIED,2026-04-03 04:01:38.524525
CUST002796,Jalsa,Hayre,1985-04-14,advaynair@example.com,0642092259,"07, Basak Zila",Ahmedabad,DL,VERIFIED,2024-12-10 19:33:46.923837
CUST002797,Anthony,Chaudhry,1993-09-26,kaulaayush@example.org,2323543374,"02, Soman Marg",Chennai,DL,VERIFIED,2024-02-27 11:03:24.634706
CUST002798,Harish,Gera,1955-04-26,gkannan@example.org,5962239724,"09/960, Gupta Chowk",Kolkata,TN,VERIFIED,2025-05-24 02:41:19.198435
CUST002799,Fariq,Agrawal,1970-12-03,panditazaan@example.net,1081653598,"20/928, Pradhan Ganj",Pune,DL,VERIFIED,2024-11-27 06:55:20.946859
CUST002800,Matthew,Maharaj,1987-09-20,aditya15@example.org,0648615779,"96, Garde Road",Pune,MH,REJECTED,2023-07-25 14:05:36.094673
CUST002801,Rachita,Iyer,1995-02-28,aupadhyay@example.org,6699300547,"44/28, Zachariah Street",Mumbai,MH,VERIFIED,2026-05-09 00:02:27.141056
CUST002802,Yoshita,Handa,1959-08-06,fitan26@example.com,7827297213,"02, Ratti Street",Kolkata,DL,VERIFIED,2022-12-26 21:58:34.690490
CUST002803,Nirja,Parekh,1999-08-24,goleanvi@example.org,0341760971,"38/64, Lala Nagar",Ahmedabad,MH,VERIFIED,2023-07-13 01:48:14.819011
CUST002804,Azaan,Magar,1998-06-07,calebsampath@example.com,7863594301,"H.No. 535, Hora Road",Ahmedabad,KA,VERIFIED,2024-06-15 23:44:27.550934
CUST002805,Urishilla,Arya,1988-02-12,banjeet98@example.org,1625932240,"H.No. 93, Kibe Circle",Mumbai,TS,VERIFIED,2023-02-09 18:28:40.104407
CUST002806,Fariq,Ray,1958-10-03,madhavnagi@example.net,8744029133,"H.No. 392, Chauhan Zila",Hyderabad,KA,VERIFIED,2023-09-02 18:54:20.998323
CUST002807,Nirja,Narain,1979-08-30,ramaaarna@example.org,5129986631,"H.No. 976, Balakrishnan",Pune,MH,REJECTED,2026-07-01 18:57:06.316593
CUST002808,Chaman,Prashad,1962-03-28,arin77@example.org,8859377533,"53/32, Kota Road",Bangalore,WB,PENDING,2025-09-16 17:09:20.455178
CUST002809,Ronith,Narang,2001-04-03,xvora@example.com,3389025471,"64, Patla Road",Chennai,TS,VERIFIED,2026-06-29 10:36:19.406636
CUST002810,Niharika,Subramanian,1996-07-24,mvarma@example.org,8551270118,"705, Morar Path",Pune,WB,VERIFIED,2026-07-06 03:08:16.105412
CUST002811,Gayathri,Chawla,1970-01-08,mallpatrick@example.org,1450941382,"H.No. 01, Chopra Nagar",Pune,TN,VERIFIED,2024-01-12 18:57:09.122081
CUST002812,Aryan,Padmanabhan,1952-08-23,darika28@example.org,4580810635,"634, Parikh Road",Ahmedabad,MH,VERIFIED,2025-04-06 04:47:58.530191
CUST002813,Kamya,Dutt,1967-06-22,sdeshpande@example.net,8459722050,"H.No. 268, Sarin Road",Ahmedabad,KA,VERIFIED,2023-11-18 05:57:20.207116
CUST002814,Warda,Sant,1993-08-12,champakdeo@example.net,6377555794,"67, Chand Zila",Kolkata,WB,VERIFIED,2024-06-30 08:10:30.999515
CUST002815,Ishita,Jain,1970-01-29,utkarshrao@example.org,8793759372,"H.No. 586, Bajaj Street",Ahmedabad,GJ,PENDING,2024-03-14 08:54:27.071113
CUST002816,Samesh,Viswanathan,1983-10-18,vamakshi78@example.com,0794539341,"H.No. 62, Naik Circle",Kolkata,TS,PENDING,2024-06-24 17:00:32.960520
CUST002817,Mohini,Shan,1990-08-07,ranganathanamaira@example.com,0550375016,"04/787, Deo Zila",Mumbai,WB,PENDING,2022-10-28 17:12:32.611111
CUST002818,Patrick,Singh,1991-09-03,vrinda68@example.com,4296539990,"H.No. 774, Sami Zila",Bangalore,TN,REJECTED,2023-07-17 19:39:26.431818
CUST002819,Vinaya,Mandal,1990-08-02,sdani@example.com,6008044358,"H.No. 670, Sankaran Chowk",Hyderabad,TS,VERIFIED,2024-09-10 12:14:40.966349
CUST002820,Alka,Peri,1963-07-07,shankerranbir@example.com,5274212813,"801, Bhakta Circle",Kolkata,GJ,VERIFIED,2022-09-23 15:10:12.216607
CUST002821,Vyanjana,Pandey,1995-05-01,gmishra@example.org,0026745861,"H.No. 624, Warrior Circle",Ahmedabad,TN,PENDING,2024-09-30 13:24:03.552338
CUST002822,Kai,Balasubramanian,1999-04-25,ikshitahayer@example.com,5220538480,"H.No. 571, Bhatnagar Marg",Ahmedabad,KA,VERIFIED,2024-06-03 11:51:19.741689
CUST002823,Chameli,Rout,1977-02-22,alexandermani@example.com,8507113835,"H.No. 47, Pillai Marg",Hyderabad,GJ,VERIFIED,2024-12-28 13:46:26.994410
CUST002824,Ekantika,Mistry,1995-05-01,lrege@example.org,9348673702,"H.No. 743, Sama Street",Hyderabad,MH,VERIFIED,2024-09-24 09:10:35.143287
CUST002825,Fiyaz,Srivastava,1959-11-24,jagvipatil@example.org,5885018299,"H.No. 102, Korpal Marg",Mumbai,DL,PENDING,2023-10-27 17:24:27.418854
CUST002826,Balveer,Arya,1989-05-02,balansara@example.net,9488340390,"H.No. 872, Sunder",Kolkata,WB,PENDING,2026-01-14 14:40:43.974628
CUST002827,Abha,Murthy,1953-10-26,yahvi20@example.org,4694397422,"H.No. 421, Nagi Road",Delhi,WB,PENDING,2022-10-26 19:59:33.807465
CUST002828,Naveen,Hegde,1964-07-18,kalitabalhaar@example.org,8682267235,"614, Narang Chowk",Chennai,KA,PENDING,2023-06-08 18:46:37.466405
CUST002829,Sara,Doctor,1964-12-19,shaurya18@example.net,4469048835,"H.No. 688, Cherian Nagar",Mumbai,KA,PENDING,2024-02-25 22:39:44.040137
CUST002830,Urmi,Shankar,1955-08-16,xramanathan@example.com,6500235641,"H.No. 421, Nadkarni Nagar",Hyderabad,MH,PENDING,2025-12-29 23:00:04.633726
CUST002831,Ganga,Chada,1961-09-22,tripathivivaan@example.net,9799229108,"85/991, Ghosh",Chennai,DL,REJECTED,2023-11-02 14:00:48.358396
CUST002832,Manthan,Dalal,1995-12-03,lsaraf@example.com,3834786264,"H.No. 01, Sabharwal Circle",Ahmedabad,DL,VERIFIED,2024-08-24 11:32:22.348635
CUST002833,Agastya,Khalsa,1969-08-06,aryawishi@example.net,1140767034,"37, Rout Road",Kolkata,WB,VERIFIED,2022-09-19 09:44:46.946453
CUST002834,Keya,Doshi,1958-07-04,caleb74@example.com,2198938359,"49/70, Bhatti Chowk",Pune,GJ,VERIFIED,2025-09-24 00:14:18.443393
CUST002835,Kabir,Pathak,1978-09-01,chauhantanvi@example.org,4034287567,"H.No. 766, Gopal Nagar",Delhi,MH,VERIFIED,2024-12-10 20:18:22.855376
CUST002836,Gavin,Deo,2008-06-13,padmanabhanaradhana@example.org,6910393481,"H.No. 53, Gulati",Chennai,GJ,VERIFIED,2024-05-10 07:47:11.683322
CUST002837,Vamakshi,Mukherjee,1992-06-19,giriksant@example.com,1579136789,"06/39, Deol Marg",Chennai,MH,REJECTED,2023-01-24 22:37:42.541043
CUST002838,Falan,Tailor,1997-09-06,waidachawla@example.org,1582508434,"H.No. 828, Ganguly Circle",Hyderabad,MH,VERIFIED,2023-08-28 04:15:08.966393
CUST002839,Aashi,Palla,1968-08-25,pbassi@example.net,4332125954,"39/220, Varkey Chowk",Bangalore,WB,PENDING,2024-12-06 21:31:53.185283
CUST002840,Imaran,Bakshi,1969-10-15,madancharles@example.net,6723369351,"H.No. 534, Pathak Ganj",Bangalore,MH,PENDING,2026-06-10 06:19:08.031477
CUST002841,Bhavika,Bora,1970-08-19,mitraomya@example.org,4556378018,"006, Minhas Ganj",Hyderabad,WB,VERIFIED,2024-04-17 15:31:26.662827
CUST002842,Omya,Char,1960-10-08,krishnadixit@example.net,6181579776,"85/07, Balan",Chennai,WB,REJECTED,2022-10-09 07:03:20.651399
CUST002843,Damyanti,Sharma,1972-04-29,ronithandra@example.org,5012329001,"H.No. 15, Dora Circle",Chennai,WB,VERIFIED,2025-02-21 18:32:49.436874
CUST002844,Ojas,Chacko,1994-04-24,faqid10@example.net,9895066593,"H.No. 081, Palla Road",Bangalore,DL,VERIFIED,2023-03-06 14:03:41.013999
CUST002845,Manya,Apte,1973-12-22,gagansule@example.net,4707495224,"39, Radhakrishnan Zila",Chennai,MH,PENDING,2023-02-20 01:58:05.499165
CUST002846,Saumya,Rana,1983-08-17,sahotaeshana@example.net,0152950635,"53/04, Murthy Road",Chennai,MH,VERIFIED,2022-10-01 05:13:57.555305
CUST002847,Hemani,Varghese,2005-01-02,ravalyagnesh@example.org,3350851127,"698, Ghose Path",Ahmedabad,MH,VERIFIED,2024-02-25 08:49:09.091238
CUST002848,Aryan,Nori,1975-06-08,vamble@example.net,2197465638,"876, Sarna Zila",Bangalore,WB,REJECTED,2026-03-17 19:33:44.901341
CUST002849,Odika,Yogi,1956-01-24,bainskalpit@example.net,8740289936,"H.No. 908, Shan Path",Kolkata,TN,PENDING,2026-06-20 06:47:10.266916
CUST002850,Nathan,Nadig,1981-01-04,qarinbahl@example.net,5207748602,"11/69, Sarma Nagar",Hyderabad,TS,VERIFIED,2024-10-23 19:22:53.183543
CUST002851,Riya,Kibe,1960-08-09,kashish77@example.net,4840852286,"26, Purohit Nagar",Hyderabad,TS,VERIFIED,2023-03-20 15:22:58.399433
CUST002852,Radha,Upadhyay,1959-11-12,jsinghal@example.net,4197868042,"H.No. 98, Sarraf Marg",Ahmedabad,TS,REJECTED,2023-12-17 12:47:54.710502
CUST002853,Chaman,Dara,2002-12-05,bhavya15@example.com,7626967289,"H.No. 55, Lall Zila",Bangalore,GJ,REJECTED,2025-05-04 13:48:55.047086
CUST002854,Jalsa,Tiwari,1963-12-08,ryan09@example.net,3218931530,"H.No. 83, Thakur Ganj",Pune,TS,VERIFIED,2024-04-27 04:21:40.113103
CUST002855,Pavani,Tata,1956-12-11,tailorbhavani@example.org,1869756671,"09/758, Chokshi Marg",Mumbai,TS,VERIFIED,2024-10-31 10:25:19.479516
CUST002856,Yatin,Karpe,1966-07-01,qlad@example.net,0044185006,"98/436, Malhotra Ganj",Chennai,WB,PENDING,2026-05-20 01:58:32.758762
CUST002857,Fitan,Naidu,1992-05-29,yashvi79@example.org,0486938413,"H.No. 330, Mammen Zila",Bangalore,TS,VERIFIED,2024-09-10 14:02:59.673326
CUST002858,Yashawini,Doctor,2003-06-18,sankarcaleb@example.com,1797646705,"H.No. 00, Barad Circle",Chennai,KA,PENDING,2022-11-22 08:40:01.009158
CUST002859,Balhaar,Bhatnagar,1981-04-11,omyaagrawal@example.net,2011990688,"04/23, Rege Street",Bangalore,TN,VERIFIED,2026-02-01 12:42:23.318034
CUST002860,Odika,Kapoor,1991-06-20,nandini45@example.org,0794259220,"076, Kothari Road",Delhi,MH,REJECTED,2025-07-07 11:35:52.478096
CUST002861,Tarak,Doshi,1971-10-27,upadhyaysamaksh@example.net,0157744166,"98/484, Buch Chowk",Pune,GJ,PENDING,2023-12-24 08:11:03.579967
CUST002862,Udant,Sama,2006-07-09,takekanta@example.com,6814155014,"H.No. 01, Gupta Chowk",Bangalore,MH,VERIFIED,2024-04-20 16:17:45.238076
CUST002863,Tanvi,Natt,1984-08-11,chauhanonkar@example.net,1318839557,"H.No. 619, Pingle",Chennai,MH,REJECTED,2025-02-21 16:35:21.327608
CUST002864,Chameli,Gara,1970-10-14,ektadevan@example.com,7094206599,"H.No. 809, Nadig",Mumbai,KA,VERIFIED,2025-11-08 15:33:25.092337
CUST002865,Nachiket,Vasa,1958-10-04,nattdamini@example.net,3083977251,"95/34, Brar",Mumbai,WB,REJECTED,2024-10-28 16:03:27.221174
CUST002866,Pranav,Rama,1963-09-02,lmani@example.org,4499707554,"340, Dara",Chennai,GJ,PENDING,2026-07-05 21:27:48.996949
CUST002867,Yadavi,Nagi,2003-01-06,nmody@example.net,6782827598,"98, Bath Zila",Delhi,WB,VERIFIED,2024-05-18 16:04:34.943084
CUST002868,Jairaj,Kashyap,1956-12-13,ldugar@example.net,3863458723,"58/49, Borah Circle",Delhi,DL,VERIFIED,2025-11-30 00:24:07.968361
CUST002869,Aarna,Pradhan,1978-11-18,ikapoor@example.com,5074511524,"10/003, Ben Nagar",Pune,DL,PENDING,2023-01-17 22:51:36.431864
CUST002870,Kiaan,Soman,1969-06-16,shethorinder@example.net,3249487836,"55/828, Merchant Zila",Kolkata,MH,VERIFIED,2023-08-05 17:54:09.886377
CUST002871,Harrison,Shroff,2001-04-27,upasnabalasubramanian@example.org,3887217283,"88, Krishnamurthy Road",Delhi,KA,VERIFIED,2025-07-31 00:10:34.794312
CUST002872,Bhavna,Kibe,1955-09-05,rudradesai@example.org,6248072743,"32/87, Korpal Road",Ahmedabad,WB,VERIFIED,2024-10-08 04:52:37.990047
CUST002873,Bimala,Devan,2001-02-12,narayanananay@example.org,0905083450,"H.No. 926, Gera",Mumbai,KA,REJECTED,2026-02-15 16:01:43.373803
CUST002874,Neel,Sandhu,1954-07-27,fiyaz54@example.org,2870021361,"239, Sawhney Circle",Chennai,MH,VERIFIED,2023-12-23 09:07:28.549564
CUST002875,Ati,Mann,1969-09-02,madhavsibal@example.com,7866076442,"13, Dugal Path",Ahmedabad,GJ,REJECTED,2025-11-20 18:13:03.362928
CUST002876,Yatin,Chakrabarti,1960-10-10,jackson18@example.net,0542311262,"67, Raju Road",Kolkata,MH,VERIFIED,2025-06-15 00:50:03.690461
CUST002877,Hema,Bajwa,1971-09-04,dev94@example.org,2548250851,"50, Sampath Road",Delhi,MH,VERIFIED,2025-06-09 01:41:56.807924
CUST002878,Kamala,Kale,1965-06-21,haritamital@example.net,2880326029,"H.No. 79, Sengupta Marg",Mumbai,DL,PENDING,2026-03-24 00:35:49.052531
CUST002879,Rudra,Johal,1994-08-19,balendrachaudhry@example.net,6110976302,"581, Pandya Circle",Pune,GJ,PENDING,2025-04-03 07:28:04.718152
CUST002880,Ucchal,Chhabra,1988-10-13,farislanka@example.net,8823855151,"67, Bawa Ganj",Bangalore,DL,PENDING,2025-11-04 00:38:50.117880
CUST002881,Abeer,Lad,1982-02-14,wadhwageorge@example.org,2746001115,"10/848, Om Path",Ahmedabad,KA,PENDING,2024-08-13 00:14:43.285210
CUST002882,Rehaan,Kapur,1998-12-21,divanzashil@example.org,4766964846,"H.No. 145, Savant Street",Chennai,MH,VERIFIED,2024-06-02 14:06:10.021510
CUST002883,Harsh,Shah,1989-02-12,mahalraghav@example.net,1387509310,"H.No. 59, Suri",Mumbai,TS,PENDING,2025-03-15 12:49:07.907550
CUST002884,Vanya,Sood,1976-04-01,sanghvilavanya@example.com,1625953454,"08/93, Dubey Chowk",Bangalore,TN,REJECTED,2023-02-11 06:06:08.775777
CUST002885,Ijaya,Sanghvi,1956-10-27,watikamutti@example.org,4810270364,"H.No. 052, Ghose Chowk",Ahmedabad,TS,PENDING,2023-11-21 15:17:21.449611
CUST002886,Wishi,Pai,1968-08-22,ektamohan@example.com,8015260748,"H.No. 88, Sundaram Ganj",Bangalore,GJ,REJECTED,2023-05-17 19:51:48.687036
CUST002887,Amaira,Sem,1985-05-18,uratta@example.net,4445032312,"H.No. 27, Dave Road",Pune,MH,VERIFIED,2025-06-13 13:58:01.347498
CUST002888,Falguni,Tiwari,1983-05-12,lajita54@example.com,7372041689,"H.No. 18, Badami Path",Hyderabad,KA,VERIFIED,2026-02-27 14:47:27.486285
CUST002889,Daniel,Apte,1973-02-09,atailor@example.net,6240828330,"385, Gokhale Street",Kolkata,MH,VERIFIED,2023-10-08 02:01:45.153310
CUST002890,Wakeeta,Bakshi,1998-07-14,ktaneja@example.org,5715773175,"69/03, Dada Marg",Delhi,WB,VERIFIED,2025-12-12 08:13:59.792255
CUST002891,Avni,Khatri,1986-03-25,kwason@example.org,3691957178,"H.No. 564, Bumb Road",Pune,TN,PENDING,2025-10-25 06:31:48.181544
CUST002892,Netra,Sundaram,1999-09-10,sudikshanadig@example.net,3183902157,"61/622, Singh Circle",Bangalore,TS,REJECTED,2023-11-22 19:30:46.349705
CUST002893,Urmi,Kaul,2007-04-23,aurorayashasvi@example.org,4816113362,"01/589, Sodhi Marg",Ahmedabad,KA,VERIFIED,2024-12-10 07:26:46.396730
CUST002894,Ojasvi,Pall,1959-11-19,tkhatri@example.org,6698032739,"909, Jani Zila",Pune,KA,VERIFIED,2023-01-21 04:47:32.420905
CUST002895,Baghyawati,Bhavsar,1999-03-10,ekbalsathe@example.com,7350822047,"H.No. 90, Mammen Chowk",Kolkata,WB,REJECTED,2024-06-02 21:53:49.452535
CUST002896,Patrick,Mall,1956-05-15,tarakpandit@example.com,2071901473,"089, Yogi Path",Kolkata,MH,VERIFIED,2026-05-25 05:47:10.370608
CUST002897,Atharv,Cheema,1971-07-22,shethbhanumati@example.net,2206867364,"H.No. 523, Verma Path",Chennai,KA,VERIFIED,2025-04-27 16:10:25.250392
CUST002898,Qadim,Bhatia,2001-04-20,boasemeera@example.net,5151747723,"64/798, Sankar Road",Bangalore,KA,VERIFIED,2025-08-19 14:56:22.938717
CUST002899,Abhimanyu,Kalla,1964-07-27,lataleela@example.net,1527650960,"85/693, Sachdeva",Delhi,MH,VERIFIED,2026-03-12 06:43:32.837570
CUST002900,Kevin,Ghose,1984-09-28,ladgayathri@example.net,6343399712,"19, Saxena Ganj",Delhi,TS,VERIFIED,2026-02-27 23:22:51.072077
CUST002901,Unni,Bhatia,1973-08-17,uwarrior@example.org,8716699341,"24, Seshadri Street",Kolkata,MH,VERIFIED,2025-06-08 00:58:09.776481
CUST002902,Karan,Banerjee,2004-12-10,svala@example.org,1713756486,"48, Kashyap",Mumbai,MH,PENDING,2025-10-22 12:15:36.616636
CUST002903,Fiyaz,Shenoy,1968-11-20,tellayochana@example.net,0025188281,"344, Contractor Zila",Kolkata,DL,VERIFIED,2025-12-08 20:48:44.912312
CUST002904,Onveer,Ghosh,1952-07-25,krishbora@example.com,9228937099,"293, Ben Ganj",Hyderabad,MH,VERIFIED,2026-05-22 18:26:09.589989
CUST002905,Advik,Dua,1997-08-15,ekantikagaba@example.org,4006224174,"49, Thakur Circle",Kolkata,MH,REJECTED,2026-03-02 00:52:51.272074
CUST002906,Zashil,Setty,1990-09-12,garaalexander@example.net,7699904508,"92/782, Swaminathan",Ahmedabad,DL,VERIFIED,2025-07-11 06:19:27.704555
CUST002907,Garima,Kala,1984-01-30,vrishtimann@example.com,7401268490,"206, Karan Path",Chennai,MH,PENDING,2023-04-07 07:05:43.673059
CUST002908,Adya,Vasa,1964-06-25,shivanibawa@example.com,4573485413,"H.No. 625, Kapoor Street",Ahmedabad,TS,REJECTED,2023-02-03 23:29:40.343190
CUST002909,Ekansh,Shenoy,1963-03-29,adwetamistry@example.com,0452420526,"76/131, Soman Circle",Chennai,TS,VERIFIED,2022-10-04 13:25:01.659053
CUST002910,Vedant,Nigam,1967-06-22,bajwaonveer@example.org,2678869512,"H.No. 273, Kaul Nagar",Delhi,TN,REJECTED,2025-05-19 10:35:49.236568
CUST002911,Qadim,Bhargava,1953-10-12,kamdaradvik@example.org,0800928210,"15/14, Shroff Zila",Bangalore,TN,REJECTED,2024-08-31 21:23:34.242197
CUST002912,Naveen,Sandal,1971-12-01,brarmeera@example.org,2955538709,"42/205, Iyengar Circle",Ahmedabad,MH,PENDING,2024-08-09 10:23:50.088138
CUST002913,Zinal,Karan,1977-11-11,vasatika54@example.com,3242466047,"209, Atwal Nagar",Chennai,WB,VERIFIED,2026-05-03 23:03:27.643421
CUST002914,Bishakha,Kapur,1995-12-29,baralekansh@example.com,9706704302,"H.No. 08, Prabhakar Nagar",Delhi,TS,VERIFIED,2023-01-19 00:32:42.533294
CUST002915,Parth,Jayaraman,1963-06-05,xalak41@example.com,8134288151,"H.No. 37, Cherian",Pune,MH,VERIFIED,2023-09-05 04:30:35.324441
CUST002916,Gaurika,Talwar,1959-04-21,jram@example.com,8162826136,"19/173, Nagarajan",Ahmedabad,WB,VERIFIED,2025-06-12 08:00:45.564006
CUST002917,Max,Patel,2001-07-03,ayaan55@example.com,3218270062,"H.No. 844, Sahota Chowk",Hyderabad,MH,REJECTED,2024-11-04 22:35:21.967644
CUST002918,Vrinda,Tailor,1985-07-03,hdugar@example.com,4333989852,"H.No. 96, Parekh Street",Kolkata,DL,PENDING,2026-06-01 13:25:51.120471
CUST002919,Ekanta,Balan,2001-04-12,narangtimothy@example.net,3131352148,"43, Goyal Zila",Ahmedabad,DL,PENDING,2023-04-15 03:55:41.488479
CUST002920,Nirja,Dave,1955-03-10,gkoshy@example.com,7265425866,"11, Acharya Marg",Kolkata,KA,REJECTED,2026-04-11 02:05:22.560096
CUST002921,Andrew,Sundaram,1967-11-27,nathaniel54@example.net,1508551108,"15/471, Nagar Nagar",Chennai,TN,VERIFIED,2024-09-28 00:41:22.834114
CUST002922,Udyati,Bhat,1965-01-01,ncheema@example.org,9427100366,"879, Bhattacharyya Circle",Kolkata,KA,VERIFIED,2024-06-12 00:38:25.446130
CUST002923,Anjali,Nayar,1975-06-30,rameshharinakshi@example.com,5242750901,"64/431, Gala Marg",Delhi,MH,VERIFIED,2025-08-12 18:14:47.428976
CUST002924,Atharv,Kothari,1951-01-01,indali20@example.net,3509688883,"867, Kumer Marg",Ahmedabad,TS,REJECTED,2023-07-02 00:31:41.363256
CUST002925,Alka,Mahal,1954-06-15,isaiahbhavsar@example.com,6221789426,"H.No. 390, Comar Street",Hyderabad,GJ,PENDING,2026-03-15 20:41:12.500892
CUST002926,Laban,Pandey,1985-12-03,yashicakota@example.net,1210597012,"02, Sagar Path",Chennai,TS,VERIFIED,2023-12-11 04:05:33.736453
CUST002927,Praneel,Ganguly,1985-03-27,kchauhan@example.org,0955409343,"14/80, Bala Ganj",Pune,MH,VERIFIED,2024-07-20 16:44:06.401894
CUST002928,Nimrat,Pradhan,2000-06-28,bissac@example.net,9038755676,"23/34, Keer Road",Delhi,KA,VERIFIED,2024-03-02 20:26:48.848777
CUST002929,Zayan,Soman,1955-11-10,vedhikadeol@example.net,5139541491,"842, Sabharwal Path",Kolkata,WB,VERIFIED,2025-11-06 13:06:07.203806
CUST002930,Megha,Ghose,2002-05-24,nehawalia@example.com,5137727690,"48/31, Kalita Nagar",Mumbai,KA,VERIFIED,2025-02-22 23:06:01.221592
CUST002931,Dayita,Rout,1985-02-18,daksheshseshadri@example.com,0976812788,"22/699, Chakrabarti Path",Ahmedabad,TS,VERIFIED,2025-12-27 03:06:18.244251
CUST002932,Charan,Saini,1960-06-25,chasmum20@example.com,0306571287,"08/01, Sarkar Ganj",Bangalore,DL,REJECTED,2026-05-02 05:38:38.933748
CUST002933,Darika,Menon,1979-05-13,jagdishmalhotra@example.org,4827189804,"962, Mishra Path",Kolkata,TS,PENDING,2025-10-07 13:26:09.801809
CUST002934,Anirudh,Srivastava,1990-05-23,singhalprisha@example.net,9053044319,"959, Srinivasan Nagar",Pune,MH,VERIFIED,2025-08-13 11:24:24.609570
CUST002935,Benjamin,Saxena,2004-09-19,sibalyash@example.org,3510909331,"98/591, Rajagopal Road",Pune,WB,PENDING,2026-07-20 13:16:34.171309
CUST002936,Maya,Puri,2006-05-19,lkashyap@example.org,0918073218,"19/734, Ramanathan Circle",Chennai,TS,PENDING,2025-01-21 05:55:33.327502
CUST002937,Gaurang,Sha,1994-06-10,smunshi@example.com,7568680477,"38/859, Zachariah Chowk",Bangalore,GJ,PENDING,2022-10-04 14:23:28.034561
CUST002938,Ekbal,Chana,1965-02-16,devanshdalal@example.com,5946696147,"92/69, Vohra Road",Chennai,GJ,VERIFIED,2024-06-08 23:56:26.228822
CUST002939,Yug,Prakash,2005-12-27,arya00@example.com,5304214316,"H.No. 364, Dewan Nagar",Mumbai,KA,VERIFIED,2022-12-29 19:11:27.561451
CUST002940,Gautam,Sant,1979-12-26,simongrover@example.com,1003858947,"H.No. 15, Cheema Street",Bangalore,KA,PENDING,2024-11-24 11:56:47.238914
CUST002941,Robert,Reddy,1991-02-27,ayaanwason@example.org,2607612420,"82, Sinha Nagar",Pune,MH,REJECTED,2024-12-08 16:06:48.036011
CUST002942,Chaaya,Mall,2000-06-07,darazaitra@example.net,6629367408,"H.No. 229, Swaminathan Path",Ahmedabad,TN,VERIFIED,2023-03-28 14:43:55.874853
CUST002943,Chanchal,Handa,1970-09-26,simon41@example.com,0798767993,"52/09, Morar Circle",Hyderabad,WB,PENDING,2022-09-24 04:49:32.241370
CUST002944,Yash,Mane,1979-03-02,gkurian@example.com,6334419012,"H.No. 39, Dhingra Road",Kolkata,TN,REJECTED,2024-02-08 22:59:57.638049
CUST002945,Sachi,Kuruvilla,1979-09-09,nayakjagvi@example.net,2056522719,"50, Ram Nagar",Hyderabad,KA,VERIFIED,2025-08-21 22:12:53.993694
CUST002946,Yochana,Keer,2002-06-03,sanghvitripti@example.org,8287899172,"H.No. 13, Gara Marg",Bangalore,TS,PENDING,2024-06-04 03:33:12.886522
CUST002947,Guneet,Bakshi,1951-12-30,urishillasethi@example.org,3134551638,"99/71, Prabhakar Nagar",Mumbai,WB,REJECTED,2024-08-12 10:49:41.463162
CUST002948,Alka,Brahmbhatt,1957-05-04,chananimrat@example.com,8989112814,"40/11, Mander Path",Ahmedabad,KA,REJECTED,2024-06-12 21:21:52.120834
CUST002949,Saksham,Hegde,2004-10-21,dbhakta@example.com,5530962771,"30/17, Sami Chowk",Bangalore,MH,VERIFIED,2022-09-30 07:02:06.559578
CUST002950,Chatresh,Kulkarni,1993-03-04,varshamohanty@example.com,7956968260,"H.No. 17, Prakash",Hyderabad,TS,VERIFIED,2023-04-29 06:23:21.943579
CUST002951,Tejas,Barman,1964-05-21,charan03@example.com,6002855038,"89, Hari Chowk",Ahmedabad,DL,VERIFIED,2024-10-23 01:12:54.730549
CUST002952,Upadhriti,Kota,1975-08-23,zaidbrar@example.org,0945975130,"081, Iyer Marg",Mumbai,TS,REJECTED,2025-09-05 03:54:52.521620
CUST002953,Xiti,Contractor,1955-06-08,anmol27@example.org,7726195843,"585, Din Circle",Pune,TS,VERIFIED,2026-06-05 14:58:20.985865
CUST002954,Chanchal,Vora,2001-02-10,abhimanyuupadhyay@example.com,6236239161,"H.No. 85, Goda Path",Chennai,MH,VERIFIED,2023-10-08 16:59:36.588233
CUST002955,Mahika,Varkey,2005-06-24,vohrabanjeet@example.com,5729898205,"28/291, Sarna Street",Bangalore,TN,VERIFIED,2023-12-14 07:30:59.605875
CUST002956,Bhanumati,Kata,1957-01-16,znatt@example.net,0684116020,"584, Dua Chowk",Hyderabad,WB,VERIFIED,2022-12-17 04:26:33.435077
CUST002957,Triveni,Mukhopadhyay,1980-07-01,yashawini93@example.net,9802250913,"742, Modi Zila",Pune,TN,VERIFIED,2023-07-23 21:38:09.280784
CUST002958,Edhitha,Singhal,1951-12-13,kevin10@example.com,0598992611,"61/494, Merchant Ganj",Chennai,GJ,VERIFIED,2025-09-19 14:44:53.951816
CUST002959,David,Buch,1964-01-11,gtella@example.net,5754523558,"H.No. 05, Din Path",Ahmedabad,DL,REJECTED,2022-09-07 08:10:03.447479
CUST002960,Hardik,Aggarwal,1980-10-05,nairdalaja@example.org,2934662972,"H.No. 45, Nadig",Delhi,MH,VERIFIED,2023-09-24 17:52:53.023907
CUST002961,Raagini,Johal,1968-01-28,gautami00@example.org,0972967828,"59/04, Sahota Nagar",Mumbai,MH,VERIFIED,2024-05-30 16:23:02.308778
CUST002962,Damini,Kanda,1996-12-06,annemax@example.org,1301132633,"49/66, Wali Marg",Pune,TS,VERIFIED,2023-02-18 10:02:57.628552
CUST002963,Sai,Majumdar,1993-04-09,parekhwriddhish@example.net,2219043605,"644, Rai Road",Pune,TS,REJECTED,2024-03-20 12:17:35.588278
CUST002964,Abha,Mittal,1958-08-13,borraakshay@example.com,0990530326,"H.No. 040, Malhotra Road",Pune,DL,VERIFIED,2025-07-31 21:52:48.954965
CUST002965,Advika,Rattan,1963-11-27,lohitvarughese@example.com,1449790573,"H.No. 16, Cheema Ganj",Hyderabad,WB,VERIFIED,2026-04-11 05:10:59.755732
CUST002966,Nathaniel,Sawhney,2004-03-24,agarwalodika@example.net,1539005067,"89/03, Bali Ganj",Chennai,TN,PENDING,2024-08-20 06:56:16.668329
CUST002967,Wahab,Subramanian,1971-05-17,kaleaarav@example.net,2170994495,"410, Bala Street",Hyderabad,WB,PENDING,2026-01-28 16:35:56.404459
CUST002968,Lipika,Chaudhari,1998-09-09,simon61@example.org,7076967025,"17, Kibe Chowk",Bangalore,TN,PENDING,2024-05-04 06:29:16.841257
CUST002969,Nakul,Rao,1981-11-21,warda81@example.org,2894168631,"56/767, Sarna Circle",Hyderabad,MH,VERIFIED,2026-05-15 01:32:42.372483
CUST002970,Aarnav,Nagy,2002-11-04,jason16@example.net,9115340524,"96/976, Sane Circle",Chennai,MH,VERIFIED,2025-01-08 21:30:23.201646
CUST002971,Advaith,Behl,2007-11-04,yahvidani@example.com,4137964049,"H.No. 10, Boase Ganj",Hyderabad,WB,VERIFIED,2025-01-16 06:00:16.544579
CUST002972,Elijah,Pingle,1971-04-20,ebhagat@example.net,0784908245,"201, Basu Ganj",Delhi,WB,PENDING,2026-01-23 14:02:49.549025
CUST002973,Kabir,Hegde,1983-09-12,idikamadan@example.org,5713384472,"H.No. 965, Kata Chowk",Mumbai,MH,VERIFIED,2023-03-23 17:49:12.543215
CUST002974,Frederick,Nagy,1988-09-24,lajita06@example.com,7664712434,"54/97, Chhabra Path",Chennai,KA,REJECTED,2025-11-09 11:29:41.077747
CUST002975,Vrishti,Virk,1999-02-17,murthyyashodhara@example.org,6973606301,"10/959, Tata Street",Bangalore,WB,VERIFIED,2025-04-27 09:01:11.051583
CUST002976,Yagnesh,Kaul,1961-01-19,keya83@example.com,1161065151,"629, Raghavan Ganj",Delhi,KA,VERIFIED,2024-10-20 06:47:40.618103
CUST002977,Yasti,Karnik,1997-12-30,vbatta@example.org,4882526791,"H.No. 586, Mane",Delhi,TN,VERIFIED,2025-08-15 19:37:32.657952
CUST002978,Chanchal,Varma,2000-12-24,hbrahmbhatt@example.net,9917807661,"61/870, Buch Nagar",Pune,TN,VERIFIED,2026-01-24 23:04:52.992443
CUST002979,Odika,Murthy,1954-08-08,abhirambhatnagar@example.com,5769136472,"84, Chaudhuri Street",Bangalore,WB,VERIFIED,2026-06-22 11:48:59.503422
CUST002980,Kai,Vala,2002-11-15,sathvik54@example.org,3019426736,"H.No. 31, Lall Nagar",Kolkata,KA,VERIFIED,2025-06-12 20:50:35.655424
CUST002981,Arin,Bala,1967-07-08,gauravbandi@example.org,5904754769,"H.No. 95, Tripathi Zila",Hyderabad,TN,REJECTED,2025-03-02 11:36:39.158348
CUST002982,Nitara,Chauhan,1978-01-30,urvashi12@example.com,9927241987,"065, Seshadri Path",Ahmedabad,KA,REJECTED,2026-06-07 18:55:41.835493
CUST002983,Ekaraj,Khurana,1971-04-08,liamagrawal@example.net,2796177001,"51/729, Kota Road",Delhi,TN,REJECTED,2025-08-26 22:24:06.827240
CUST002984,Ishwar,Chanda,1983-04-23,xkorpal@example.com,5256406056,"H.No. 889, Anne Path",Chennai,KA,VERIFIED,2023-07-02 19:09:15.424230
CUST002985,Ekapad,Natt,1979-08-08,wishinanda@example.org,3622982250,"H.No. 31, Hayre Street",Hyderabad,DL,PENDING,2025-10-12 00:59:38.413856
CUST002986,Amaira,Venkataraman,1990-10-09,darshlanka@example.org,4462042457,"139, Chakrabarti Street",Hyderabad,DL,REJECTED,2023-11-14 22:54:59.214216
CUST002987,Yashodhara,Bandi,1980-03-18,tristanbanik@example.com,3857290321,"H.No. 67, Gupta Ganj",Kolkata,GJ,REJECTED,2023-01-20 15:48:43.363140
CUST002988,Elijah,Bava,1976-12-29,revasidhu@example.net,6597324605,"119, Narayanan Street",Hyderabad,TN,VERIFIED,2024-05-08 13:52:32.276184
CUST002989,Kala,Vaidya,1998-08-17,meghanaverma@example.org,1702455267,"H.No. 43, Deep Street",Hyderabad,TS,VERIFIED,2022-09-03 15:00:51.365043
CUST002990,Rehaan,Sehgal,1998-11-22,hegdeabhiram@example.org,3220448400,"H.No. 44, Goyal Marg",Kolkata,TN,VERIFIED,2026-07-10 08:56:12.346891
CUST002991,Xalak,Deol,1979-08-24,edube@example.org,3347720484,"825, Mohanty Path",Delhi,MH,REJECTED,2025-11-05 13:32:54.367034
CUST002992,Bhavya,Gaba,1993-12-18,kpalla@example.com,5987694130,"H.No. 623, Choudhary Path",Kolkata,GJ,VERIFIED,2025-10-04 06:35:29.214227
CUST002993,Tanay,Chokshi,1979-12-01,aradhana64@example.net,6656602076,"096, Dhaliwal Zila",Ahmedabad,DL,PENDING,2024-03-05 18:37:25.657925
CUST002994,Upkaar,Master,1991-08-13,vasana94@example.net,1844265495,"54, Merchant",Chennai,TN,PENDING,2024-06-08 07:59:02.999000
CUST002995,Yauvani,Shenoy,1968-06-11,omadvik@example.org,2951858976,"55/089, Mukherjee Zila",Pune,TN,VERIFIED,2022-12-15 10:08:09.159750
CUST002996,Ridhi,Sami,1985-09-24,prabhuudyati@example.com,0486908026,"H.No. 90, Khanna",Chennai,WB,VERIFIED,2024-12-18 18:28:45.651916
CUST002997,Xalak,Luthra,2003-01-16,sthaman@example.com,2281551562,"72/995, Banerjee Street",Bangalore,KA,VERIFIED,2023-11-06 11:32:29.617036
CUST002998,Bahadurjit,Chandran,1974-02-10,liam63@example.net,5997298468,"05, Nagy Nagar",Pune,KA,VERIFIED,2023-09-13 11:38:59.796832
CUST002999,Urishilla,Patel,1991-11-20,fitanwalia@example.net,9405484652,"H.No. 80, Hora Path",Mumbai,KA,VERIFIED,2024-06-22 09:11:06.392950
CUST003000,Lekha,Devan,1989-12-22,nadkarnizayan@example.org,0244211738,"74/368, Patla Road",Ahmedabad,MH,PENDING,2022-10-30 19:05:53.386739
